Index,First Name,Last Name,Sex,Email,Phone,Date of birth,Job Title
1,Sara,Mcguire,Female,tsharp@example.net,(971)643-6089x9160,17-08-21,"Editor, commissioning"
2,Alisha,Hebert,Male,vincentgarrett@example.net,+1-114-355-1841x78347,28-06-69,Broadcast engineer
3,Gwendolyn,Sheppard,Male,mercadojonathan@example.com,9017807728,25-09-15,Industrial buyer
4,Kristine,Mccann,Female,lindsay55@example.com,+1-607-333-9911x59088,27-07-78,Multimedia specialist
5,Bobby,Pittman,Female,blevinsmorgan@example.com,3739847538,17-11-89,Planning and development surveyor
6,Calvin,Ramsey,Female,loretta85@example.com,001-314-829-5014x1792,31-08-17,Therapeutic radiographer
7,Collin,Allison,Male,yvaughn@example.net,(314)591-7413,21-11-79,Administrator
8,Nicholas,Branch,Male,greerjimmy@example.net,-7199,21-01-06,Fisheries officer
9,Emma,Robinson,Female,charleshiggins@example.org,166-234-6882x7457,19-03-09,Haematologist
10,Pedro,Cordova,Male,leslie08@example.com,(389)824-3204x8287,17-06-08,Phytotherapist
11,Jean,Aguilar,Male,raymond24@example.org,(285)029-1604x5466,28-10-78,"Engineer, control and instrumentation"
12,Dwayne,Hutchinson,Female,preston28@example.net,(233)811-1749x417,22-06-14,"Teacher, early years/pre"
13,Bradley,Velazquez,Male,joycejay@example.net,(831)049-2030,23-12-06,Airline pilot
14,Samantha,Moon,Male,wesleymullins@example.net,7788378816,21-06-78,Intelligence analyst
15,Clayton,Erickson,Male,nterry@example.net,990-374-0521x33156,7/2/1959,Paediatric nurse
16,Bradley,Bright,Female,devinherman@example.net,2534420151,27-01-92,Fitness centre manager
17,Ernest,Maynard,Male,tommywoodard@example.com,355-863-2311x6315,23-11-17,"Accountant, chartered certified"
18,Joe,Larsen,Female,brianna43@example.org,(566)667-8566x109,18-06-09,Geographical information systems officer
19,Alfred,Barrera,Female,kristina40@example.net,4735530004,13-11-24,"Administrator, charities/voluntary organisations"
20,Jon,Wagner,Female,meagan99@example.org,001-940-671-0693x345,6/1/2034,"Engineer, aeronautical"
21,Glen,Calderon,Male,randystephenson@example.net,4890361487,16-09-44,"Research officer, government"
22,Marco,Sharp,Male,cmcclure@example.net,074-415-1149,9/4/2044,Retail buyer
23,Jermaine,Liu,Male,tristanpatterson@example.net,001-887-131-9735x6172,20-09-13,Health promotion specialist
24,Cindy,Haynes,Female,sonyamoyer@example.net,+1-166-565-3614x575,17-12-20,"Scientist, physiological"
25,Meghan,Blanchard,Male,smejia@example.org,+1-188-201-3028x13440,24-08-27,Occupational therapist
26,Julie,Delacruz,Male,jillian34@example.net,903.237.1120x705,10/4/2041,Television production assistant
27,Jackie,Munoz,Male,villarrealgilbert@example.org,-8222,4/8/1969,"Development worker, community"
28,Maureen,Vasquez,Female,chogan@example.com,645.665.5931,26-04-95,"Journalist, magazine"
29,Theresa,Riddle,Male,jasminlowe@example.org,(672)634-3364,27-09-29,Therapeutic radiographer
30,Jenny,Wiley,Female,youngbrandon@example.net,507-684-0331,7/10/2004,"Surveyor, building control"
31,Kirsten,Bailey,Female,donaldsonomar@example.org,719.072.3811x9483,26-01-22,"Engineer, aeronautical"
32,Melody,Wiggins,Male,mackrachael@example.net,138-424-2414x284,8/5/2038,Fitness centre manager
33,Ruth,Bolton,Female,newtonbridget@example.net,625-325-5178,20-03-28,Air cabin crew
34,Jacqueline,Frederick,Male,collin32@example.com,001-258-289-4822x430,4/10/2010,Animal nutritionist
35,Theresa,Gilmore,Female,gmerritt@example.net,167.275.8072x1394,26-08-19,Broadcast journalist
36,Stanley,Underwood,Female,ravenbecker@example.com,001-718-046-2819x96662,26-09-31,Web designer
37,Brandy,Heath,Female,pcarey@example.com,347.257.0051,15-06-05,"Teacher, adult education"
38,Terrence,Tucker,Male,rmcdaniel@example.com,-2151,21-05-19,Retail banker
39,Mary,Ferguson,Female,vrobinson@example.com,(828)736-9849x305,13-12-41,Restaurant manager
40,Rachel,Rice,Female,chrisware@example.com,711-766-7143,28-02-52,Building surveyor
41,Allison,Clay,Female,orrangie@example.net,571-027-5392x52373,5/10/2049,"Chemist, analytical"
42,Tom,Rivas,Male,guyayers@example.org,-7510,16-05-19,Medical technical officer
43,Monique,Ferguson,Male,calhoundestiny@example.com,+1-194-730-3308x3435,25-12-72,Media planner
44,Denise,Cardenas,Male,sethtrujillo@example.com,(361)504-1387x66414,4/12/1979,Customer service manager
45,Ross,Wiley,Male,ymathews@example.net,(633)617-1882x60906,7/1/1978,"Research officer, government"
46,Curtis,Oconnell,Female,katie30@example.com,049.991.7021x207,3/1/2029,Print production planner
47,Terry,Hanna,Female,juan72@example.net,540.583.5150x603,7/9/1987,"Social research officer, government"
48,Ernest,Wilkerson,Female,danielhenry@example.org,001-824-105-7592x567,15-03-82,Police officer
49,Tabitha,Odonnell,Male,faith61@example.com,423.672.3441x50759,29-09-29,Interior and spatial designer
50,Joshua,Hooper,Male,dillonroberta@example.org,001-303-890-9476x293,10/2/1975,Psychiatrist
51,Vanessa,Huynh,Female,reginaldhuber@example.com,+1-162-385-4717x6173,22-08-18,Metallurgist
52,Lucas,Pittman,Female,mackenzie07@example.org,371.858.0099x78932,2/1/2033,"Psychotherapist, child"
53,Jaclyn,Cohen,Female,tanyabeasley@example.org,048-503-7259x42036,12/12/1961,"Therapist, art"
54,Jill,Shannon,Female,avilahector@example.com,986-816-4078x799,4/9/1952,Archaeologist
55,Bradley,Hull,Female,paigedoyle@example.net,(964)775-9750x8072,25-04-90,Ranger/warden
56,Roberto,Walton,Male,dianeporter@example.net,(245)876-7530,21-05-00,Estate manager/land agent
57,Chase,Beard,Male,zsoto@example.net,7198013833,10/3/1983,IT technical support officer
58,Ellen,Scott,Female,zpowers@example.net,048-580-4571,3/2/1991,Management consultant
59,Bridget,Spence,Female,graysheena@example.net,7430176893,19-03-46,Broadcast journalist
60,Katie,Wells,Male,tescobar@example.org,(840)054-8816x5656,16-06-66,Fine artist
61,Breanna,Cardenas,Female,meganchoi@example.net,366.024.6617,29-01-37,"Psychologist, forensic"
62,Beverly,Sanford,Male,qklein@example.com,(236)336-4342,25-03-23,Radio broadcast assistant
63,Tonya,Riggs,Female,marcobaxter@example.com,+1-930-513-0910x410,7/2/1989,Fitness centre manager
64,Chloe,Beck,Female,alanbarron@example.org,(000)637-3788,25-11-99,Animal technologist
65,Abigail,Parks,Female,falexander@example.org,641-340-3192x7669,23-01-75,Structural engineer
66,Lorraine,Castaneda,Male,btrujillo@example.org,150-528-7831x7206,22-12-67,Lobbyist
67,Ashlee,Boyd,Female,jaimeware@example.net,+1-824-030-3058x05214,18-03-20,Regulatory affairs officer
68,Carl,Lucero,Female,isabellasantos@example.net,8292649018,31-07-77,Plant breeder/geneticist
69,Cassidy,Chambers,Female,blackjonathon@example.org,(949)941-9234x688,13-11-17,Telecommunications researcher
70,Andres,Barajas,Female,foneal@example.com,001-821-485-1296x616,29-02-08,"Programmer, systems"
71,Stephanie,Phillips,Male,urobinson@example.net,(131)005-1695x59600,5/1/1955,"Education officer, community"
72,Gabriel,Villanueva,Male,alisonwallace@example.net,802-325-6918x14023,24-10-22,Chartered loss adjuster
73,Eugene,Cooper,Male,roberto61@example.net,336-516-8781,13-02-06,Barrister
74,Johnathan,Henderson,Female,haasjade@example.com,605-087-9260x2141,11/8/1950,Special educational needs teacher
75,Jocelyn,Ross,Female,shari97@example.com,119-877-9743,13-08-11,"Accountant, chartered"
76,Chelsea,Hester,Female,maddentricia@example.com,(094)992-1771,24-05-32,Equities trader
77,Darrell,Kent,Female,prattivan@example.com,+1-654-882-5630x09244,19-03-14,Dealer
78,Beverly,Hurst,Male,hmcknight@example.com,396-914-0284x0268,10/4/2039,"Engineer, broadcasting (operations)"
79,Paul,Hart,Female,cynthiagibbs@example.com,(224)570-4441x253,17-08-16,Research scientist (medical)
80,Amber,Kaiser,Male,glen89@example.com,247.600.2341x507,5/5/2008,Food technologist
81,Kerry,Weiss,Female,torresmeredith@example.net,(282)903-7321x6391,20-04-97,"Psychotherapist, dance movement"
82,Donna,Donaldson,Male,franklintheresa@example.net,(045)206-0472x11401,11/12/2024,Charity officer
83,Wesley,Gomez,Male,moniqueblankenship@example.com,001-975-965-3302x123,19-06-49,International aid/development worker
84,Lorraine,Sims,Male,bonnie13@example.org,7141654702,25-11-93,Housing manager/officer
85,Linda,Robertson,Female,tbraun@example.net,001-349-126-7106x99998,6/2/2002,"Therapist, art"
86,Lindsay,Lam,Male,arthursellers@example.com,203.453.5503,5/9/1971,Maintenance engineer
87,Meredith,Hayden,Male,jeff39@example.net,(919)466-0809,2/4/1958,"Conservation officer, nature"
88,Betty,Avila,Female,ronaldpoole@example.com,270.300.6557x96333,17-08-77,Freight forwarder
89,Erik,Delgado,Female,denisetyler@example.com,-7734,3/3/1954,"Secretary, company"
90,Dawn,Gibson,Female,lkidd@example.org,740-688-0252x09426,5/2/1957,Chiropractor
91,Stuart,Peterson,Female,dmaldonado@example.net,729-234-4895x79641,25-05-22,Solicitor
92,Gavin,Saunders,Female,asanders@example.org,438-852-6976x0102,16-09-67,Biomedical engineer
93,Natalie,Mcmahon,Female,tamaramoss@example.net,-8898,29-09-04,Dealer
94,Valerie,Gallagher,Female,mallory24@example.com,-7769,10/11/1957,"Surveyor, quantity"
95,Willie,Peck,Female,maddenariana@example.org,001-823-180-5753x827,5/2/2029,"Accountant, chartered certified"
96,Ariel,Crosby,Female,pvargas@example.net,+1-716-783-0545x34370,20-10-61,"Scientist, research (medical)"
97,Jeremy,Wells,Male,patrickbray@example.net,001-380-532-6030x84086,22-10-82,"Conservator, furniture"
98,Joann,Garza,Male,benitezcarol@example.net,-3552,9/1/1985,Ranger/warden
99,Jeanne,Rowe,Male,usantiago@example.net,863.352.0641,15-09-25,"Scientist, research (physical sciences)"
100,Christie,Kane,Female,jill08@example.org,385.794.7337x2956,3/6/1985,Theatre manager
101,Reginald,Thornton,Female,jhenson@example.net,563-598-6133x440,15-01-29,Herbalist
102,Kristen,Brady,Female,krussell@example.net,(764)418-6059x95216,16-04-01,"Surveyor, insurance"
103,Gail,Bridges,Female,jodimahoney@example.net,+1-793-496-0331x189,21-06-52,Optometrist
104,Danny,Aguilar,Female,frymarisa@example.com,586-769-5838x142,26-07-47,"Librarian, academic"
105,Reginald,Kelly,Male,isabel07@example.com,+1-542-427-8727x654,31-05-50,Commissioning editor
106,Yvonne,Greene,Female,williamsroberta@example.org,(474)251-7880,14-10-33,"Pharmacist, community"
107,Diamond,Burton,Male,efrazier@example.com,001-449-486-0092x964,28-02-32,Mudlogger
108,Alicia,Chaney,Male,davehutchinson@example.com,-7453,29-01-15,"Buyer, industrial"
109,Devon,Marquez,Female,arthuralvarado@example.net,9284448673,1/6/1966,Event organiser
110,Tony,Parrish,Female,humphreymathew@example.com,393-731-6803x1719,19-05-18,Social worker
111,Karla,Logan,Male,caitlyndrake@example.org,(033)666-3787,24-02-12,Educational psychologist
112,Cody,Walters,Female,debbie25@example.org,001-482-422-9266x839,8/5/2023,Advertising account planner
113,Shawna,Fields,Male,nichole65@example.org,001-358-235-8603x90188,29-03-97,Higher education lecturer
114,Kathryn,Clay,Female,kayleenewman@example.org,+1-391-732-0447x498,1/5/1982,Special effects artist
115,Jaime,Arellano,Female,ymcintosh@example.org,446-004-1699x5242,2/3/2027,Community education officer
116,Arthur,Gross,Male,sheri54@example.com,803-839-7174,3/8/1951,International aid/development worker
117,Tami,Farley,Female,orozcobill@example.com,844-198-4852,1/8/2044,"Psychotherapist, child"
118,Christine,Rosales,Male,darrellmeyers@example.org,062-380-7342x22273,27-02-55,Clinical research associate
119,Howard,Camacho,Male,linda70@example.com,-10898,24-03-29,"Designer, multimedia"
120,Lucas,Thomas,Female,wstanley@example.org,224-373-1278x5935,15-08-47,"Surveyor, quantity"
121,Carlos,Mccall,Female,marciagolden@example.org,+1-596-805-7975x64715,23-05-47,Barista
122,Robyn,Salas,Female,nmiddleton@example.net,798-315-3232,19-04-73,Dentist
123,Jody,Acevedo,Female,mcdowellpatrick@example.org,480.888.2872,12/10/1962,Furniture conservator/restorer
124,Leslie,Benitez,Male,smathews@example.net,495.962.3345,16-03-58,"Presenter, broadcasting"
125,Isaiah,Huffman,Male,savannah43@example.org,833-886-9270x1773,27-12-88,Quantity surveyor
126,Julian,Hampton,Female,gardnerdominic@example.com,(411)337-9523,8/10/2000,Technical sales engineer
127,Justin,Elliott,Male,brady09@example.com,275.784.4598x47289,27-02-93,Paramedic
128,Glen,Hamilton,Male,nashantonio@example.net,+1-478-796-8374x94970,14-04-26,Special educational needs teacher
129,Scott,Dawson,Female,ynelson@example.com,527-726-5973x662,5/11/1965,Engineering geologist
130,Connie,Sutton,Female,meghan24@example.com,528.343.4317,2/9/2003,Psychotherapist
131,Kevin,Vance,Female,katelynharper@example.net,-1073,20-10-33,Records manager
132,Paul,Combs,Female,chasestuart@example.com,001-556-291-6791x1647,20-03-29,Tree surgeon
133,Patricia,Garza,Male,rray@example.org,540-369-4566x2227,19-08-75,Mining engineer
134,Lee,Ferguson,Male,cassidyhenry@example.com,-8389,6/6/1987,"Exhibitions officer, museum/gallery"
135,Karla,Sloan,Female,pedrobrowning@example.com,071-248-9313x428,30-01-22,Haematologist
136,Tyrone,Duffy,Male,juarezdawn@example.net,(807)306-4450x93158,22-04-91,"Runner, broadcasting/film/video"
137,Christopher,Page,Female,atkinsalejandra@example.net,982-260-9606,5/9/1960,"Designer, graphic"
138,Randall,Bullock,Male,marciacollier@example.org,+1-847-177-7845x0821,15-01-03,Economist
139,Ronnie,Cantrell,Female,perry46@example.com,+1-915-490-6011x5420,9/9/1972,Building services engineer
140,Gloria,Landry,Female,dreese@example.com,+1-581-157-8322x01891,21-04-99,"Producer, radio"
141,Nathan,Carrillo,Male,mistynichols@example.org,-4557,16-02-71,Barrister
142,Tonya,Logan,Male,cathy28@example.org,105-145-9479,16-06-50,Broadcast engineer
143,Selena,Shields,Male,garrettchurch@example.org,(995)155-3124,26-09-60,Marine scientist
144,Jorge,King,Male,ddodson@example.org,920-486-2672x58075,17-10-36,Technical brewer
145,Angie,Lowe,Male,kochcolton@example.net,001-321-194-0056x433,20-04-36,"Therapist, sports"
146,Sarah,Humphrey,Female,tammie97@example.org,(135)381-5257x34881,3/8/2007,"Conservator, museum/gallery"
147,Melody,Esparza,Female,padillachristine@example.org,643.411.5921x92685,27-01-92,"Exhibitions officer, museum/gallery"
148,Melody,Serrano,Male,sheena79@example.org,-2272,3/9/2018,Structural engineer
149,Alexa,Santana,Male,schmidtrandall@example.org,001-181-887-5635,22-04-83,"Exhibitions officer, museum/gallery"
150,Herbert,Poole,Male,nwashington@example.org,+1-537-771-1019x46695,22-02-43,Community arts worker
151,Jerry,Schultz,Female,cynthiaherring@example.org,+1-079-947-0622x216,2/9/2016,Amenity horticulturist
152,Tom,Stuart,Female,kristy48@example.org,001-083-972-3746x5098,7/1/1950,Risk analyst
153,Guy,Stephens,Female,adrianabuchanan@example.org,001-951-755-5717x60001,5/3/2041,Textile designer
154,Grant,Barton,Female,cathy98@example.org,(722)827-2092x3244,25-12-43,Patent attorney
155,Jamie,Riggs,Male,pmalone@example.net,(185)304-1686x938,9/1/2026,"Conservation officer, historic buildings"
156,Jermaine,Trujillo,Female,dmiddleton@example.net,(807)143-9174x633,2/2/2019,"Teacher, music"
157,Bobby,Mathis,Male,harry66@example.com,517.440.6043x017,22-12-06,Insurance account manager
158,Terri,Neal,Female,oburke@example.org,(877)077-7190,5/12/1985,Volunteer coordinator
159,Reginald,Nixon,Female,qsandoval@example.org,114.464.6524x92878,5/9/2017,"Education officer, community"
160,Sarah,Huber,Female,wilkersonlucas@example.net,893.355.7289,20-05-21,Chartered management accountant
161,Hunter,Romero,Female,austinruben@example.net,977-555-6372x3075,21-08-26,Therapeutic radiographer
162,Alisha,Blair,Female,mcook@example.net,001-245-207-9096x1725,15-08-04,Race relations officer
163,Malik,Mclaughlin,Male,albert53@example.com,338-743-7634x511,26-09-46,"Engineer, automotive"
164,Kristopher,Nicholson,Female,jbrooks@example.org,892-928-8849x566,7/6/2013,Osteopath
165,Chris,Lucero,Male,sanchezrichard@example.com,-10039,10/9/1986,Research scientist (medical)
166,Paul,Glover,Female,corey40@example.net,+1-178-905-1173x52630,7/7/2000,Communications engineer
167,Joe,Dominguez,Female,malikday@example.org,7627283769,7/2/1971,"Surveyor, planning and development"
168,Susan,Palmer,Female,wgibbs@example.net,+1-485-703-2439x193,27-08-09,Clinical biochemist
169,Patricia,Sullivan,Female,bowmandominique@example.com,001-020-070-3547x551,7/7/1992,Pharmacologist
170,Raven,Marks,Male,vpineda@example.net,001-382-487-7202x231,13-04-19,"Engineer, aeronautical"
171,Jenna,Cervantes,Female,adriana77@example.net,001-430-194-3454,31-01-96,Chief Operating Officer
172,Bobby,Richard,Male,jaclyn82@example.org,(299)470-3636x391,1/11/2017,Town planner
173,Dominique,Whitehead,Male,waynewong@example.com,001-429-498-8998x916,30-11-19,"Engineer, chemical"
174,Theresa,Austin,Female,walexander@example.org,+1-435-615-6643x41944,23-06-29,"Solicitor, Scotland"
175,Brady,Velasquez,Male,cobbhoward@example.org,901-380-7695,23-07-31,"Surveyor, quantity"
176,George,Riddle,Female,crawfordjermaine@example.com,6205132721,10/7/2020,Pharmacologist
177,Rachel,Chambers,Male,christieryan@example.net,5152645363,20-07-18,"Production designer, theatre/television/film"
178,Dylan,Combs,Female,itran@example.com,538.535.3690,7/4/1982,Materials engineer
179,Sue,Schultz,Male,bonilladamon@example.com,110.548.1763,21-03-97,Child psychotherapist
180,Cindy,Shea,Female,sstephens@example.com,+1-998-549-9473x2223,25-03-85,"Development worker, international aid"
181,Michael,Hayden,Female,marciaritter@example.org,(137)272-7471,25-12-10,Freight forwarder
182,Marcia,Christian,Female,shepherdveronica@example.com,001-633-813-7765x11778,29-05-33,"Engineer, electrical"
183,Chris,Parker,Female,wonggene@example.com,215-502-1838x0181,11/4/2017,Plant breeder/geneticist
184,Karl,Skinner,Male,sheriliu@example.com,182.399.8387,29-07-14,Recruitment consultant
185,Lynn,Townsend,Female,forbesseth@example.com,555.036.6415,22-09-08,"Doctor, general practice"
186,Renee,Mora,Male,kayleesims@example.org,(429)299-7189,22-11-08,Podiatrist
187,Diana,Hubbard,Female,eugene90@example.org,001-095-808-4212x6698,31-12-69,Fast food restaurant manager
188,Tasha,Hendrix,Female,charlenewise@example.org,672.380.0939x79436,18-07-73,Transport planner
189,Audrey,Kerr,Female,robersonjonathan@example.com,(272)590-6617,19-05-14,Accounting technician
190,Bernard,Duncan,Male,clifford59@example.net,349-283-9179,7/12/2045,Educational psychologist
191,Karen,Riddle,Female,ihood@example.org,(270)337-4700x381,13-06-63,Sports administrator
192,Dalton,Gilbert,Female,tylernathan@example.net,001-762-305-6734x78708,8/8/2009,"Teacher, early years/pre"
193,Shelley,Bowen,Female,janebean@example.com,001-845-779-3277x66303,28-06-04,"Surveyor, planning and development"
194,Thomas,Bullock,Male,codyrich@example.net,135.875.8322x4479,26-07-14,Newspaper journalist
195,Beverly,Deleon,Female,hmckinney@example.org,586-855-7116,27-02-62,Training and development officer
196,Luis,Odom,Male,dwaynehodges@example.net,6365503941,15-04-84,"Scientist, research (life sciences)"
197,Terri,Bullock,Female,hector28@example.net,6469207288,7/11/1959,"Programmer, multimedia"
198,Arthur,Barrera,Female,aespinoza@example.org,(257)125-0074x2167,23-04-21,"Journalist, broadcasting"
199,Troy,Carrillo,Male,douglasvance@example.org,(709)271-0698x65625,23-12-04,"Designer, industrial/product"
200,Caitlin,Graham,Female,hfitzgerald@example.com,(518)610-0001x96553,7/12/1969,"Designer, interior/spatial"
201,Fred,Reed,Male,fieldsmiguel@example.net,442-732-8411x6841,19-01-87,Health physicist
202,Christian,Riley,Male,jeffery50@example.net,8784827809,6/12/1970,Site engineer
203,Neil,Miles,Male,gdunn@example.net,(476)101-9304x5589,30-12-79,"Designer, industrial/product"
204,Gabriel,Bush,Female,vponce@example.net,001-417-658-1566x6367,5/11/1982,"Scientist, biomedical"
205,Alfred,Joyce,Female,valdezshari@example.org,001-187-133-6286,23-04-95,Systems analyst
206,Shawna,Romero,Male,mfarmer@example.org,001-325-933-0176x96201,27-10-15,"Designer, jewellery"
207,Destiny,Sandoval,Female,johnsjuan@example.com,3372898896,12/12/2014,"Production assistant, television"
208,Mindy,Hanson,Female,biancamichael@example.net,7763967383,15-07-16,Facilities manager
209,Maxwell,Floyd,Female,fryejoanne@example.org,1197827255,24-01-26,Osteopath
210,Ernest,Farley,Male,marcuskerr@example.com,431-705-3374,19-03-18,Dentist
211,Randy,Chan,Female,gstevens@example.net,146.407.6518x68216,20-08-24,Health and safety inspector
212,Wayne,Cochran,Female,jermainegarner@example.org,819-776-5231,13-01-98,"Psychologist, occupational"
213,Wesley,Lee,Female,sblair@example.net,950.057.7552x90609,21-11-23,Research scientist (life sciences)
214,Dana,Levy,Female,courtney51@example.net,538.517.4332x661,30-12-89,Armed forces training and education officer
215,Kristy,Pineda,Male,christopher75@example.org,875-895-4659x956,10/5/2020,Dealer
216,Bob,Frey,Female,wwhitehead@example.net,588.742.8402x6275,2/12/1969,Clinical molecular geneticist
217,Jacqueline,Allison,Male,christine60@example.org,664-573-7618x908,6/4/2044,Charity fundraiser
218,Karl,Morse,Female,dpittman@example.net,850-765-9015x448,13-01-37,"Research officer, trade union"
219,Caitlin,Fernandez,Female,devonsweeney@example.net,720.037.5849,1/8/2013,"Designer, fashion/clothing"
220,Charlene,Welch,Male,gonzaleztara@example.org,940-668-0181x87479,26-03-43,Chief Marketing Officer
221,Jasmin,Peck,Female,steelechris@example.com,592-216-6726x67416,3/5/2012,"Civil engineer, contracting"
222,Samuel,Gould,Female,tfischer@example.net,6677129342,25-09-97,General practice doctor
223,Maxwell,Reilly,Male,ubeck@example.net,+1-862-249-8405x379,21-02-90,Manufacturing engineer
224,Glen,Cummings,Female,ernest23@example.org,(757)043-6838,30-03-03,"Designer, fashion/clothing"
225,Diane,May,Female,heather85@example.net,+1-377-845-0428x1361,23-10-18,Aid worker
226,Karina,Fitzpatrick,Male,barryroberson@example.com,+1-882-417-7107x47359,2/4/2045,Hydrographic surveyor
227,Sherry,Strickland,Male,qheath@example.net,001-091-624-5951x05512,20-06-83,Location manager
228,Beverly,Castro,Female,yrodriguez@example.net,+1-384-084-8582x10028,16-03-32,"Geneticist, molecular"
229,Carly,Terrell,Female,wwalker@example.org,(730)913-5344x06134,26-11-08,"Therapist, music"
230,Donna,Villegas,Male,tochoa@example.com,001-524-423-0966x47792,4/5/1996,Arts administrator
231,Evan,Welch,Female,vasquezderrick@example.org,+1-784-070-1154x744,6/11/1986,Applications developer
232,Jillian,Manning,Male,hmckee@example.org,838.347.7233,13-04-96,Curator
233,Craig,Garrison,Male,savannah27@example.org,672-904-9796x3024,14-11-19,Television camera operator
234,Aaron,Macdonald,Female,bridgesdanny@example.org,001-030-333-8715x0976,21-08-93,Theatre manager
235,Tammie,Schmitt,Female,goodbrittany@example.com,618-921-1170,4/11/2035,Financial planner
236,Anna,Anderson,Female,mitchellsandoval@example.net,049-104-9267,29-05-09,Civil Service administrator
237,Andre,Duncan,Male,karina71@example.net,001-860-170-7487,8/4/2014,"Teacher, special educational needs"
238,Gilbert,Guerra,Female,jordan70@example.net,821-143-3316x03414,13-02-81,Automotive engineer
239,Cody,Thomas,Male,andrewsblake@example.net,9906694908,4/11/2044,Chartered legal executive (England and Wales)
240,Leroy,Soto,Female,darrylmedina@example.net,408-639-1290,25-09-17,"Psychologist, forensic"
241,Brandi,Dennis,Female,fdavila@example.com,+1-994-247-4356x6200,7/11/1963,Oceanographer
242,Molly,Macdonald,Female,vincent50@example.net,(180)466-8403x131,2/6/2019,Chartered legal executive (England and Wales)
243,Duane,Vaughn,Female,rita62@example.org,+1-811-728-7870x082,1/11/1998,Orthoptist
244,Connie,Kane,Male,jeffrey89@example.org,585.017.3844x057,30-09-61,Operational investment banker
245,Martha,Villanueva,Male,anthony98@example.com,913.230.7610x27223,21-08-63,"Social research officer, government"
246,Melinda,Schultz,Female,russonicholas@example.com,(890)284-3229x4882,27-08-13,Graphic designer
247,Tony,Chase,Male,shelbyrhodes@example.org,001-752-295-9917,24-04-19,Retail merchandiser
248,Nina,Ferguson,Male,ngould@example.com,+1-317-891-5199x6539,21-09-00,"Geneticist, molecular"
249,Randy,Wagner,Female,ngreene@example.org,943-229-1136x13269,11/8/2008,"Production designer, theatre/television/film"
250,Jill,Cook,Male,keithconway@example.net,030.878.9792,26-08-12,"Education officer, environmental"
251,Katelyn,David,Male,warnergwendolyn@example.com,450.093.9493x4432,5/8/1998,Midwife
252,Dean,Conley,Male,michaelpedro@example.com,417.435.0155x75385,15-03-09,"Editor, commissioning"
253,Madeline,Wilkinson,Male,clarence52@example.com,(649)453-8599,29-12-65,"Pharmacist, hospital"
254,Eddie,Krause,Female,fhanson@example.org,(921)997-3116x009,1/7/2010,Science writer
255,Darryl,Kerr,Female,shanepope@example.org,(133)181-7990x0402,22-02-27,Corporate investment banker
256,Bridget,Stone,Female,mingram@example.net,809.728.9534x506,21-07-21,Community pharmacist
257,Stefanie,Schwartz,Female,navarrolucas@example.com,(357)573-7313,19-07-61,Web designer
258,Diana,Travis,Female,bishopkayla@example.org,771-351-1656x3614,12/7/2026,Volunteer coordinator
259,Stacey,Cain,Female,hooverchad@example.com,970-954-2898,3/3/2021,Museum/gallery curator
260,Caitlyn,Kirk,Female,livingstontheresa@example.org,+1-837-372-1261x677,29-08-98,"Teacher, music"
261,Dylan,Harris,Female,sgutierrez@example.com,(342)820-9291x8351,8/5/2022,Mental health nurse
262,Justin,Salas,Male,hatfieldluke@example.net,(848)651-1504x620,21-12-15,"Runner, broadcasting/film/video"
263,Theresa,Irwin,Female,sheaadrian@example.net,1732832512,27-04-30,Forensic scientist
264,Barbara,Chambers,Female,plyons@example.org,001-535-654-8400,8/6/1952,"Programmer, multimedia"
265,Joan,Munoz,Male,smallroy@example.org,672-338-0978,8/3/1956,Tourist information centre manager
266,Stacy,Long,Male,theresabeltran@example.net,+1-065-978-8493x434,9/5/2005,Research scientist (life sciences)
267,Gregg,Spence,Male,carlosbrewer@example.net,+1-954-255-8810x06085,26-08-76,Bonds trader
268,Gene,Duffy,Male,sabbott@example.org,(747)270-4858x743,14-02-11,Agricultural consultant
269,Nathaniel,Henry,Female,andreapotts@example.net,067-893-8599x343,9/2/2009,"Education officer, community"
270,Danny,Velazquez,Female,seaton@example.com,059-604-9354,5/3/1996,Chiropractor
271,Maxwell,Everett,Female,freycandice@example.net,-5915,2/10/1998,Secretary/administrator
272,Eugene,Newman,Female,rose48@example.net,2789533027,13-01-09,Insurance risk surveyor
273,Victoria,Moreno,Female,hornpaula@example.org,960-471-9695x11996,28-04-78,Therapeutic radiographer
274,Cesar,Newton,Male,madeline19@example.net,919-419-5076x892,10/7/2036,Chemical engineer
275,Seth,George,Female,coreyparsons@example.net,001-068-526-2634x165,6/12/2019,Aeronautical engineer
276,Darrell,Norris,Female,bkaiser@example.net,855.136.3116x0429,11/3/2034,Corporate treasurer
277,Arthur,Khan,Male,christiandesiree@example.com,001-419-176-8826x631,5/3/2014,Land
278,Sandra,Gould,Male,shafferjermaine@example.com,(146)675-9253x0808,9/5/1975,Advertising account executive
279,Michael,Atkins,Male,candacemckenzie@example.org,001-322-601-1910x6541,25-07-59,"Designer, fashion/clothing"
280,Tyrone,Swanson,Male,pearsonalexis@example.com,239.836.4354x59967,5/10/2037,Biomedical scientist
281,Jocelyn,Brandt,Male,tommy53@example.net,(123)699-5636x960,8/6/2014,"Administrator, sports"
282,Kristine,Macias,Female,natalie35@example.net,+1-121-362-8982x3714,14-02-50,Manufacturing systems engineer
283,Patty,Fischer,Male,jorge83@example.com,568.108.3934x495,27-03-78,Chiropodist
284,Tasha,Madden,Female,vconley@example.org,(267)422-6598x96138,4/9/1981,Occupational hygienist
285,Hayley,Bender,Male,jlara@example.com,001-022-066-6617x7363,30-11-45,Database administrator
286,Molly,Davis,Female,newtonterri@example.com,990-171-6132x616,21-11-77,Energy engineer
287,Jeremiah,Roth,Female,dominic93@example.org,6050669469,29-09-19,Data scientist
288,Victor,Gaines,Female,autumnwarren@example.org,5683137912,25-02-12,Further education lecturer
289,Ross,Reilly,Male,lucasjeff@example.net,2207299162,25-11-84,Nature conservation officer
290,Caitlyn,Morrow,Female,leroy16@example.net,657.290.2184,31-03-40,Accounting technician
291,Sonia,Swanson,Female,gwendolynhowell@example.org,+1-649-684-6276x008,5/4/2043,Tree surgeon
292,Frank,Koch,Female,emedina@example.net,(324)912-0767x12410,30-05-12,Commercial art gallery manager
293,Warren,Huber,Male,angela64@example.com,752.003.9047x5083,7/8/2009,"Engineer, civil (contracting)"
294,Robin,Browning,Female,xcontreras@example.com,001-387-277-5522x2248,15-08-12,Community arts worker
295,Jonathon,Walsh,Male,theodore83@example.net,316.524.4277,21-08-37,Actor
296,Clinton,Marsh,Male,dpalmer@example.org,940-108-8670,29-03-05,Agricultural consultant
297,Gabriella,Zuniga,Male,joannfaulkner@example.com,(689)138-7233,22-10-42,Higher education careers adviser
298,Barbara,Armstrong,Male,flemingjessica@example.net,420.666.3430,18-09-10,Museum/gallery curator
299,Carrie,Shepherd,Male,glorianorman@example.com,(724)699-7251,5/5/2016,"Development worker, community"
300,Sue,Parrish,Male,wigginsalicia@example.com,(762)661-6527x2462,1/9/2045,"Doctor, hospital"
301,Loretta,Cannon,Female,nielsenmarisa@example.com,117.755.5916x43050,10/9/1988,Naval architect
302,Nathan,Buck,Male,yabbott@example.com,644.698.7268,7/3/2021,Probation officer
303,Alisha,Moses,Male,singhjulian@example.org,(089)883-6153x2802,9/6/1998,Production engineer
304,Cassie,Page,Female,alisha46@example.net,533.502.9319,27-10-78,Ceramics designer
305,Rebecca,West,Female,daltonjean@example.com,+1-064-093-3478x897,20-11-77,"Development worker, international aid"
306,Kathleen,Hahn,Male,jocelynmora@example.org,426.431.6432x261,19-07-88,"Journalist, newspaper"
307,Lee,Salas,Female,randall60@example.net,200.366.3034x469,15-06-90,Personal assistant
308,Mia,Nicholson,Female,ginahayes@example.org,817-428-3298x58491,5/11/2035,Software engineer
309,Penny,Church,Male,brentsawyer@example.net,(679)043-9874x9609,3/7/2019,"Teacher, music"
310,Ricky,Mathis,Male,wyatt40@example.net,304.928.6078,20-06-27,Data scientist
311,Donna,Dickerson,Female,kathrynlam@example.net,001-569-936-1627x98589,13-10-14,Television production assistant
312,Joshua,Hudson,Male,arthuroconnor@example.org,+1-661-146-5012x786,16-02-68,Music therapist
313,Noah,Byrd,Male,deanellis@example.net,+1-027-530-5693x615,2/1/2044,Press sub
314,Stacy,Doyle,Female,aflynn@example.net,-3352,9/9/2048,Toxicologist
315,Sylvia,Barker,Female,mcclurekeith@example.net,(671)169-5215,13-03-72,Sports administrator
316,Frances,Vaughn,Male,darius41@example.org,391-656-9342,12/3/2015,Visual merchandiser
317,Kirk,Melton,Male,fdyer@example.net,(828)393-2010,10/3/2028,Advertising account executive
318,Casey,Blevins,Female,francescobb@example.org,746-655-8212x4464,4/10/2019,Interpreter
319,Marcia,Navarro,Female,bbean@example.com,(007)400-4887x70892,9/9/2008,Product/process development scientist
320,Alan,Avery,Male,kerrzoe@example.net,727.709.6378,11/5/2009,Commissioning editor
321,Kathleen,Guerrero,Female,blanchardfrances@example.net,258.621.4966x11458,19-08-96,Insurance broker
322,Jorge,Lawson,Female,alecfarmer@example.net,+1-708-147-6482x18162,24-07-03,Consulting civil engineer
323,Alexis,Parrish,Female,maureen58@example.com,001-892-675-9519x459,14-05-08,Teaching laboratory technician
324,Terri,Golden,Male,tamihouston@example.com,(814)533-4561,23-06-25,Claims inspector/assessor
325,Sergio,Clements,Female,farleyparker@example.net,562.439.1539,16-12-06,"Engineer, water"
326,Ronald,Padilla,Female,patricia61@example.com,(962)774-4041,1/11/2009,"Journalist, newspaper"
327,Erin,Dunn,Female,jharrell@example.org,471.542.8767x5096,18-12-20,"Teacher, early years/pre"
328,Nina,Bentley,Female,englishcarrie@example.net,336.650.9186,19-07-98,Museum/gallery conservator
329,Devin,Howard,Female,cassandra23@example.org,738-370-3580,17-12-35,"Psychologist, counselling"
330,Cheryl,Hardy,Male,singletonevan@example.net,+1-299-160-9828x733,26-07-03,Event organiser
331,Max,Compton,Female,harringtongabriella@example.org,001-674-891-6076,22-05-48,"Engineer, production"
332,Jacqueline,Lindsey,Female,sherylmurray@example.com,433-403-7423x45963,14-04-53,Associate Professor
333,Bernard,Bright,Male,vcompton@example.net,+1-997-885-7922x64232,2/12/2039,Fisheries officer
334,Misty,Cardenas,Female,joanramsey@example.net,001-957-743-8451,6/5/1989,Control and instrumentation engineer
335,Bernard,Yoder,Male,arussell@example.com,242-440-3279,12/8/1991,"Copywriter, advertising"
336,Kaylee,Mckinney,Female,caitlynkelley@example.com,207.921.4332x80589,27-02-06,Psychiatric nurse
337,Antonio,Mayer,Female,gonzalesmichael@example.net,4279036857,21-01-75,Financial planner
338,Robin,Johnson,Female,nancygardner@example.org,001-129-522-2229x1899,29-09-14,"Psychologist, counselling"
339,Terrence,Durham,Female,kelly02@example.com,472-248-1725,2/11/1981,"Designer, television/film set"
340,Angelica,Rubio,Male,ritterjoanne@example.org,001-462-703-7749x823,30-04-84,"Secretary, company"
341,Cameron,Walsh,Male,chamberscheyenne@example.org,553-619-6901x38188,17-10-74,Computer games developer
342,Brent,Everett,Female,ccalderon@example.net,-8849,21-08-06,Actuary
343,Nathan,Walter,Male,pnguyen@example.net,987-863-4245x570,31-10-56,"Librarian, public"
344,Kaitlin,Robbins,Female,joanna77@example.com,(219)787-0525x066,5/5/2045,Health physicist
345,Ernest,Watson,Female,kelliemckay@example.com,-4266,27-03-22,"Radiographer, diagnostic"
346,Kristin,Bush,Male,kenneth37@example.net,414-383-1883,8/12/1950,Charity officer
347,Jeremy,Collins,Male,rmcmahon@example.org,785.617.0882x998,19-05-36,"Scientist, biomedical"
348,Sue,Butler,Female,ybeck@example.org,600.569.1342,22-03-21,"Pilot, airline"
349,Alex,Price,Female,baxtergreg@example.com,541-691-9625x8495,1/6/1974,"Scientist, research (life sciences)"
350,Allison,Hodge,Female,lynningram@example.org,373.061.0884x033,4/7/1950,Podiatrist
351,Andrew,Miles,Male,perkinscourtney@example.net,085-361-1960,27-12-11,TEFL teacher
352,Johnathan,Grant,Male,mtaylor@example.com,(600)098-5586x3837,24-04-47,Nutritional therapist
353,Dustin,Holland,Female,stanley10@example.org,(311)207-1214x845,10/12/2021,"Radiographer, diagnostic"
354,Christie,Sanchez,Female,sean18@example.net,669.648.4509x782,27-07-63,Hydrogeologist
355,Eric,Dixon,Male,fvelazquez@example.com,-8459,11/2/2048,Seismic interpreter
356,Marisa,Mills,Female,katrinaowens@example.com,036-815-4488x20732,27-04-39,Broadcast presenter
357,Terrance,Allison,Female,april89@example.net,(196)224-1350,7/1/2047,"Engineer, automotive"
358,Max,Ayers,Male,ellisonpamela@example.org,398-052-0380x2662,21-02-97,Television production assistant
359,Adrian,Howard,Male,mooneymichele@example.com,846-517-9600x05303,6/8/2016,Fast food restaurant manager
360,Leonard,Moran,Female,kristen44@example.com,896.648.4185x4776,24-09-25,Set designer
361,Cathy,Turner,Male,grant37@example.net,180.401.9280,27-04-87,"Psychologist, occupational"
362,Penny,Holmes,Female,mosborne@example.net,482.119.5884,26-12-21,Health visitor
363,Philip,Dyer,Female,brianapeterson@example.org,(003)069-9404x6774,28-09-21,Homeopath
364,Danielle,Mcgee,Female,ztanner@example.org,789-700-5157,2/7/2014,Event organiser
365,Vernon,Alexander,Female,ramosbarry@example.net,-5537,25-04-72,Set designer
366,Crystal,Mooney,Female,colemanmindy@example.org,526.091.6895x97031,26-06-13,"Civil engineer, consulting"
367,Reginald,Spence,Female,greg37@example.com,333-216-9293x8725,15-06-35,Politician's assistant
368,Gerald,Ballard,Male,emoreno@example.com,001-000-969-5299x629,20-04-57,Higher education lecturer
369,Connie,Weiss,Female,qgomez@example.org,(312)305-4519,7/10/2038,Dramatherapist
370,Melinda,Bates,Male,monicabright@example.org,806-712-2411x625,15-07-18,Public librarian
371,Kristen,West,Male,vwilson@example.com,001-854-634-4757x9181,25-01-76,"Scientist, marine"
372,Samantha,Pruitt,Female,allisonjeremy@example.org,(470)002-8401x213,3/3/1997,"Designer, interior/spatial"
373,Chase,Raymond,Female,pennynorman@example.org,1626851215,23-02-32,"Production assistant, television"
374,Dawn,Hayes,Female,ycurry@example.net,008-690-4698,9/8/2025,Diplomatic Services operational officer
375,Kristen,Sharp,Male,tommaldonado@example.net,(381)102-5136,1/12/2040,Land/geomatics surveyor
376,Xavier,Farley,Female,luisstewart@example.com,(798)883-1652x40838,8/10/2003,Charity officer
377,Seth,Castro,Male,willie10@example.net,331.992.6830,21-10-11,Homeopath
378,Jenna,Lozano,Male,vclark@example.com,125.856.8599x28856,2/7/2045,"Education officer, environmental"
379,Tina,Burke,Female,singletonchase@example.org,259-880-5795x327,1/4/1971,Electrical engineer
380,Bill,Obrien,Female,mezayvonne@example.net,001-965-873-2554x96782,20-10-16,"Teacher, special educational needs"
381,Arthur,Patrick,Male,kristina78@example.net,618-005-1966x903,5/7/2011,Systems analyst
382,Katelyn,Morrow,Male,brocksabrina@example.net,(993)753-1160,26-09-59,Medical technical officer
383,Neil,Benson,Female,goodwinmonica@example.net,410.525.2830,13-04-45,"Designer, exhibition/display"
384,Ryan,Hawkins,Male,emilytaylor@example.org,480-979-5923,16-02-88,Probation officer
385,Donna,Simmons,Male,christian15@example.org,001-139-429-4538x77788,28-06-73,Aid worker
386,Helen,Middleton,Male,howardsosa@example.com,001-853-285-2013x1657,4/8/1970,Archivist
387,Alejandra,Petersen,Male,kentroth@example.net,+1-947-087-4756x18065,4/8/2010,Hydrographic surveyor
388,Daisy,Keller,Female,hware@example.net,+1-394-509-9120x51921,17-01-64,Patent examiner
389,Stefanie,Novak,Female,vgarcia@example.net,848.469.5453,24-07-91,"Teacher, secondary school"
390,Antonio,Reynolds,Female,douglasrusso@example.com,940.723.6733x339,25-07-40,Furniture conservator/restorer
391,Katie,Hodge,Male,rachel53@example.net,341-661-8444,7/6/2037,Charity fundraiser
392,Billy,Galloway,Male,michealweeks@example.org,+1-302-850-2293x66498,24-09-81,"Radiographer, diagnostic"
393,Brendan,Hartman,Female,brett88@example.com,036-803-5587,26-12-74,Geochemist
394,Sabrina,Kent,Male,cassidy86@example.org,944.691.0098x64362,9/11/1991,Cabin crew
395,Phyllis,Gutierrez,Male,rmckee@example.com,604.518.4326x211,13-01-27,Barrister's clerk
396,Jim,Haley,Male,jermaine16@example.org,(976)772-0479x4955,6/12/2045,Teaching laboratory technician
397,Vernon,Mccann,Male,aprilwagner@example.org,843.775.6685,25-10-85,"Therapist, horticultural"
398,Isabella,Weber,Male,gcoleman@example.org,790-191-9089x8580,7/8/2005,"Engineer, maintenance"
399,Russell,Burgess,Male,dakotamelton@example.net,(413)112-9359x3352,20-03-53,Banker
400,Maria,Whitney,Female,rioskrystal@example.net,530-607-5023,29-07-18,Analytical chemist
401,Cindy,Cortez,Female,haydenjustin@example.org,(242)569-4472x090,15-10-19,Intelligence analyst
402,Penny,Hester,Female,aberg@example.com,001-839-503-9881x5851,4/3/2040,Telecommunications researcher
403,Jorge,Rowe,Male,zchung@example.org,958-740-4086x62068,28-10-17,"Teacher, early years/pre"
404,Perry,Raymond,Female,nataliecosta@example.com,886.153.3817,15-05-88,Sales promotion account executive
405,Linda,Ballard,Male,taminelson@example.com,001-094-459-2767,13-10-06,Special educational needs teacher
406,Todd,Bryan,Male,pittsdarrell@example.com,937.909.8208x65744,22-11-79,Film/video editor
407,Chelsea,Todd,Female,monroebeth@example.com,1807287963,11/5/1984,"Teacher, secondary school"
408,Jorge,Barron,Female,destiny05@example.org,001-301-260-6776,26-03-45,"Geologist, wellsite"
409,Barbara,Fry,Female,debra99@example.org,3884489925,8/3/2047,Architect
410,Rebekah,Poole,Female,patrickalan@example.com,073.516.0871,14-05-68,Mechanical engineer
411,Riley,Hayes,Female,darrell87@example.org,(450)916-6354x9001,29-12-68,Osteopath
412,Sydney,Hooper,Male,buckleymeagan@example.org,+1-217-920-8326x6093,21-01-11,Phytotherapist
413,Tonya,Ford,Male,kimwayne@example.org,+1-743-132-6000x48840,22-04-15,"Designer, jewellery"
414,Kathy,Mcintyre,Male,hmoreno@example.com,(147)461-9934,6/5/1985,"Engineer, agricultural"
415,Holly,Mueller,Female,campbellleon@example.org,001-383-033-7513x7974,4/10/1972,"Teacher, English as a foreign language"
416,Duane,Prince,Female,diamondgrimes@example.net,001-110-983-7239,10/5/1954,Chartered certified accountant
417,Patricia,Singh,Female,tommy90@example.com,001-714-216-0446x5345,11/2/2000,"Engineer, chemical"
418,Johnathan,Baird,Male,ovelez@example.com,+1-463-643-6516x75536,22-05-07,Ranger/warden
419,Tonya,Montgomery,Female,leoncarly@example.org,+1-516-638-2843x67949,16-09-06,Wellsite geologist
420,Austin,Hatfield,Male,peter30@example.net,347-856-9346x45155,1/7/2007,Brewing technologist
421,Glenn,Frey,Male,oneal@example.org,(547)856-8758,14-11-29,"Scientist, research (physical sciences)"
422,Erica,Duran,Female,katiewheeler@example.org,249-333-5268,7/12/2034,Management consultant
423,Evan,Booker,Female,paigebooth@example.org,001-899-816-8029x68122,19-11-11,Intelligence analyst
424,Cynthia,Huynh,Female,spencesean@example.org,(009)435-4145x3519,6/10/2012,"Surveyor, rural practice"
425,Kristy,Hickman,Female,kirkhughes@example.org,998.784.3759,1/2/2018,Multimedia programmer
426,Sean,Shelton,Female,mccarthyvernon@example.com,585-660-0047x2644,19-05-26,"Producer, television/film/video"
427,Richard,Wolfe,Male,carolwaller@example.com,8855985419,21-10-07,Nature conservation officer
428,Connor,Acevedo,Male,lholloway@example.com,982-017-4312,5/8/2042,Public librarian
429,Judith,Davis,Male,rwilkins@example.com,+1-227-093-0698x30656,23-10-34,Music therapist
430,Grant,Payne,Male,lopezevan@example.org,9185222115,28-02-43,Writer
431,Kelli,Downs,Female,jwelch@example.net,001-623-584-4374x189,6/7/2020,Nutritional therapist
432,Brandi,Frost,Male,dawsonroy@example.com,+1-685-501-9263x905,15-03-88,"Geologist, wellsite"
433,Carolyn,Dodson,Female,howardjesus@example.org,970.923.3678,23-10-18,Minerals surveyor
434,Jesus,Cervantes,Male,joannmccormick@example.com,001-309-470-8928,28-06-56,"Programmer, applications"
435,Louis,Key,Male,sethhogan@example.com,001-131-003-9304x22700,14-12-11,"Engineer, mining"
436,Linda,Mckenzie,Female,yesenia35@example.net,8695497285,17-03-13,Outdoor activities/education manager
437,Stanley,Reeves,Male,pknox@example.com,(031)176-4783x035,8/12/2044,"Research officer, trade union"
438,Breanna,Hayden,Male,istanton@example.com,585-322-7915x5673,26-07-16,Financial controller
439,Don,Conrad,Female,jane00@example.org,211-141-5265,15-06-10,Clinical cytogeneticist
440,Kyle,Pollard,Male,danielle05@example.com,(129)874-0867,13-01-85,Restaurant manager
441,Candace,Stevens,Male,lalvarado@example.net,(004)146-3539,21-10-46,"Therapist, horticultural"
442,Loretta,Price,Female,onixon@example.com,001-954-135-3128,21-07-64,Financial trader
443,Sandy,Conrad,Female,aortiz@example.com,841.979.4622x4589,1/3/1953,"Sales professional, IT"
444,Noah,Gates,Male,jade86@example.com,+1-644-191-3645x9609,3/12/2032,Social worker
445,Perry,Tran,Male,boonejessica@example.org,3921466139,4/6/1963,Tax adviser
446,Cody,Davidson,Female,jaredschmitt@example.com,290.115.1526x74871,1/8/2010,Politician's assistant
447,Nicholas,Yoder,Male,fmckinney@example.org,129.307.1635,11/5/1951,"Restaurant manager, fast food"
448,Jeffery,Tucker,Female,qthompson@example.org,056-852-7631,25-05-65,Interpreter
449,Jacob,Johns,Female,breannaharper@example.org,+1-773-654-7169x66105,10/10/2008,Charity fundraiser
450,Daniel,Ali,Male,traci35@example.com,055.628.4833,26-10-80,Toxicologist
451,Mia,Pacheco,Male,ocox@example.net,001-720-829-8102x443,15-08-06,Restaurant manager
452,Caroline,Dudley,Female,ricebeverly@example.net,(297)930-0280,6/6/1969,Medical illustrator
453,Elijah,Cole,Female,stevesellers@example.net,7080029021,8/2/1992,Quality manager
454,April,Dodson,Female,haydenbrady@example.com,+1-724-774-7501x26012,21-09-97,Clinical embryologist
455,Bryan,Stark,Female,mlambert@example.com,072-578-2014x6217,4/4/2000,Museum education officer
456,Katie,Gill,Female,kathyvalencia@example.com,599.291.2686x29113,5/8/2037,Trade mark attorney
457,Patricia,Page,Female,davenportelizabeth@example.org,7171484674,19-02-14,Barista
458,Herbert,Salinas,Male,bobby30@example.org,389.610.5895x16178,9/1/1966,"Civil engineer, consulting"
459,Kelsey,Warren,Male,weberjudy@example.net,986-755-6741x879,27-07-60,Prison officer
460,Tonya,Duffy,Male,randy02@example.com,865-693-3748x97830,1/10/1965,"Radiographer, therapeutic"
461,Donald,Pratt,Male,phillip46@example.com,001-240-692-9240x395,9/5/1960,"Conservator, museum/gallery"
462,Don,Lawrence,Female,omullins@example.net,196.443.3329x293,14-12-10,"Administrator, local government"
463,Theodore,Adkins,Female,bcuevas@example.org,001-127-866-5866x7898,21-07-55,Artist
464,Shaun,Simmons,Male,manuel65@example.org,001-092-286-4454,27-11-84,Product/process development scientist
465,Austin,Cisneros,Female,ashleepatrick@example.org,001-881-453-0566,10/12/2021,Dramatherapist
466,Ross,Hunt,Male,jpennington@example.org,6793464011,26-11-20,"Research officer, political party"
467,Linda,Henson,Male,sarabarrera@example.com,+1-127-003-3216x947,15-04-29,Recycling officer
468,Willie,Watkins,Male,vangkim@example.com,(028)086-0714x962,11/12/2010,"Education officer, museum"
469,Bryce,Greene,Female,coreyeverett@example.org,001-613-063-8513,15-03-08,Psychiatrist
470,Jaime,Schmitt,Male,ebenjamin@example.net,-1760,17-06-62,Ambulance person
471,Zachary,Mcintosh,Male,wesley61@example.org,001-625-906-4672x755,19-07-40,Music tutor
472,Mike,Duncan,Male,edwardhenderson@example.com,001-946-070-3219,10/5/2039,"Scientist, physiological"
473,Pam,Weiss,Female,isaiah50@example.net,(326)522-8184,8/9/2009,Photographer
474,Brittney,Juarez,Male,xburns@example.org,405.962.7146,26-03-50,Human resources officer
475,Mia,Odom,Female,churchjeremiah@example.org,055-790-1278x399,6/5/2010,English as a foreign language teacher
476,Casey,Weber,Male,alan77@example.org,298.583.7566x2341,4/11/2042,Stage manager
477,Aimee,Khan,Male,breannadaugherty@example.com,(462)664-4881x939,24-01-19,"Therapist, horticultural"
478,Nathaniel,Wall,Female,caroline04@example.net,(906)782-6797,1/8/1998,Diagnostic radiographer
479,Jackie,Zhang,Male,robynmorse@example.org,026.025.1347x47741,3/1/2025,"Chemist, analytical"
480,Madison,Richmond,Male,lynchzachary@example.com,9015391943,9/11/1982,Furniture conservator/restorer
481,Carly,Hicks,Male,uli@example.net,563-605-7879,28-07-80,Print production planner
482,Antonio,Russell,Male,lynnroy@example.com,433.649.6456x752,21-11-16,Film/video editor
483,Valerie,Valencia,Male,tracey16@example.com,001-840-496-4268,21-11-11,"Investment banker, corporate"
484,Tommy,Lambert,Male,tmoses@example.org,+1-472-074-0704x37878,10/3/2004,"Development worker, international aid"
485,Norma,Brooks,Female,gregorypalmer@example.org,2642807438,10/11/1955,Tax inspector
486,Philip,Jordan,Female,cmalone@example.com,+1-405-995-4983x77565,24-03-93,Economist
487,Mandy,Levine,Female,caseian@example.com,836-570-5655x3347,1/6/2009,"Therapist, speech and language"
488,Margaret,Stein,Male,vbray@example.com,434-223-9082,30-08-19,Electronics engineer
489,Dean,Pennington,Female,jhaynes@example.com,(042)606-2046,28-05-82,Structural engineer
490,Clifford,Lutz,Female,ytodd@example.org,910751897,6/1/2025,Customer service manager
491,Rita,Singleton,Male,marciacannon@example.net,193-761-5442x29362,25-12-22,"Nurse, adult"
492,Kathy,Knapp,Female,icook@example.net,(181)515-5326x17072,7/4/1963,Armed forces logistics/support/administrative officer
493,Alexandria,Daniel,Male,zacharyprice@example.com,+1-254-100-6534x8483,14-04-17,"Copywriter, advertising"
494,Angelica,Sandoval,Male,dlin@example.net,001-345-271-4974,15-03-83,Land/geomatics surveyor
495,Mackenzie,Mcmillan,Male,hayley39@example.com,001-696-040-8750x433,23-12-54,"Engineer, land"
496,Mia,Cook,Female,landrews@example.com,001-805-714-9534x178,10/1/2004,Counselling psychologist
497,April,Frost,Female,curtisroy@example.org,+1-223-134-7358x91444,27-08-66,"Therapist, drama"
498,Cassidy,Stevens,Male,jessica64@example.org,415.408.3029x9153,12/11/2010,Lawyer
499,Martin,Greene,Male,lfloyd@example.org,001-300-744-6909x60802,17-06-25,Freight forwarder
500,Michele,Nielsen,Male,hooverjared@example.org,909-391-8938,10/3/1996,Special effects artist
501,Brett,Brown,Male,chase08@example.org,223-002-5602,30-04-19,Sports administrator
502,Darrell,Neal,Male,quinngloria@example.org,001-695-735-3008x297,21-05-95,"Teacher, adult education"
503,Shelley,Bowers,Male,taylor07@example.com,001-931-739-6144x479,28-02-49,Barista
504,Cristian,Myers,Female,dshea@example.com,(719)641-1032x5650,31-07-80,Police officer
505,Traci,Boyle,Female,parsonsshirley@example.com,(989)134-4332,14-12-10,Contractor
506,Jessica,Caldwell,Female,vcoleman@example.org,-9616,4/12/2045,Patent examiner
507,Johnathan,Randolph,Male,lucasjoanne@example.org,001-648-652-6974x34718,29-02-88,English as a second language teacher
508,Natasha,Love,Male,robynchoi@example.com,-8322,21-01-27,Legal secretary
509,Tony,English,Female,vmorton@example.com,524-952-9305x5380,10/3/2023,Insurance account manager
510,Carlos,Rowland,Male,colonbarry@example.org,001-874-275-4392x4474,20-07-05,Engineering geologist
511,Russell,Fleming,Female,yuethan@example.net,001-260-578-8431x4722,8/4/1970,Chiropodist
512,Gloria,Dougherty,Female,nancy13@example.com,001-073-129-1327x0208,25-01-98,Tourist information centre manager
513,Justin,Burton,Male,tommy71@example.net,9698768082,28-04-74,Medical sales representative
514,Austin,Clements,Female,rtate@example.org,001-591-612-6569x38223,3/5/1962,Commissioning editor
515,Ray,Cobb,Female,pamela75@example.net,+1-940-445-2435x284,2/5/2005,Technical sales engineer
516,Kara,Proctor,Female,marksmakayla@example.org,705-821-8985,29-11-73,Communications engineer
517,Allison,Hess,Male,pedro42@example.org,268-505-9548x2641,12/6/1966,Soil scientist
518,Sonya,Morales,Male,ritabaldwin@example.net,001-598-319-1335x034,25-01-15,"Designer, exhibition/display"
519,Bryce,Hansen,Male,ortegajoyce@example.org,(522)105-5338,18-11-60,Accommodation manager
520,Charlene,Wolfe,Female,zbradford@example.com,(318)017-5849x01607,20-11-70,Forest/woodland manager
521,Kristopher,Patel,Female,downsmonique@example.net,837.000.1692x361,1/6/1958,"Scientist, clinical (histocompatibility and immunogenetics)"
522,Terry,Conley,Female,rlong@example.com,310.925.5301,1/11/2009,"Surveyor, land/geomatics"
523,Darrell,Wagner,Female,vmorrow@example.org,+1-931-494-9271x433,14-05-18,Accommodation manager
524,Desiree,Singleton,Female,staciemccall@example.org,(030)403-8035x28226,13-09-16,"Surveyor, mining"
525,Shelly,Lane,Female,claudiadennis@example.org,001-152-135-6474x1997,30-06-25,Product manager
526,Logan,Dean,Female,blevinsmichelle@example.com,964-847-2072x72947,2/3/2037,Aid worker
527,Marisa,Shaffer,Female,carolyn45@example.net,893-079-2161x1927,19-11-95,Human resources officer
528,Bob,Valencia,Male,spencermercedes@example.net,(844)890-2145x12056,14-04-11,Health physicist
529,Stacy,Simon,Female,ejoyce@example.com,(152)218-5066x14636,17-03-21,Counsellor
530,Phillip,Burgess,Male,kfowler@example.net,935.388.6875x97279,27-05-19,Technical sales engineer
531,Paige,Warren,Female,holdenstacy@example.net,926.055.7814x0730,26-04-17,Ranger/warden
532,Christy,Ball,Female,jordankathleen@example.com,017.595.1046,21-07-12,"Teacher, music"
533,Catherine,Stanton,Female,bradley15@example.org,001-524-622-2076,29-03-86,Hydrogeologist
534,Zoe,Huber,Male,ariel32@example.org,629-498-0197,26-07-83,Market researcher
535,Joyce,Robertson,Male,cathy60@example.net,(337)444-5575,8/10/2015,Magazine journalist
536,Rhonda,Macias,Male,mckeedanny@example.org,8401713631,23-12-50,Product designer
537,Allen,Ross,Female,zortega@example.com,-2198,11/9/1977,Adult nurse
538,Roberto,Shannon,Male,faulknerrobert@example.org,286-979-5530x59192,10/3/1959,Local government officer
539,Shaun,Rocha,Male,toddherbert@example.org,819.639.1768x777,29-05-06,Television floor manager
540,Luis,Meadows,Female,sawyerjasmin@example.org,+1-031-311-9115x396,15-11-07,"Accountant, chartered"
541,Chad,Copeland,Male,qjennings@example.com,573-786-8326,11/12/2012,Museum education officer
542,Judy,Hayden,Male,ambermolina@example.com,+1-712-489-3427x691,28-03-21,Tree surgeon
543,Johnny,Oconnell,Male,tgallegos@example.net,2210676623,16-03-60,"Psychologist, forensic"
544,Tamara,Gentry,Male,xholt@example.com,(088)083-7607x502,12/4/1992,Visual merchandiser
545,Keith,Griffin,Male,unavarro@example.com,(033)132-6741,21-11-14,"Geologist, engineering"
546,Angelica,Humphrey,Female,kwaters@example.org,001-027-466-8881x60200,23-08-78,Audiological scientist
547,Derrick,Gomez,Male,srichmond@example.net,001-256-052-8469x007,27-05-27,Retail merchandiser
548,Shelly,Irwin,Male,schaeferchristian@example.org,(695)360-7918,23-03-14,Solicitor
549,Brady,Meza,Male,shelleyhanna@example.net,-6750,30-03-55,IT consultant
550,Yvette,Lutz,Male,sandra10@example.com,(216)332-4816,20-10-02,"Presenter, broadcasting"
551,Colleen,Larsen,Male,mckeeparker@example.org,001-002-411-3782,8/4/1998,Magazine features editor
552,Rodney,Walsh,Female,vfisher@example.com,001-591-823-7254,10/12/2016,"Scientist, forensic"
553,Sylvia,Ashley,Female,ricesydney@example.org,688.307.6729x2050,29-06-20,Patent examiner
554,Natalie,Hall,Male,pfuller@example.net,802.099.9838x510,19-03-40,Chiropractor
555,Candice,Forbes,Male,crossalexis@example.net,899.027.8090x97508,6/7/2008,Aid worker
556,Alfred,Hodge,Male,smurphy@example.org,255.601.8532x69780,5/5/2012,Archaeologist
557,Alvin,Gibson,Female,caitlyn49@example.org,(273)379-2554,19-01-19,"Nurse, children's"
558,Larry,Burke,Male,dvincent@example.net,759-014-0128,12/1/1967,"Designer, ceramics/pottery"
559,Kaitlin,Sullivan,Female,cmcclain@example.net,001-399-144-1503x2883,21-02-42,"Engineer, civil (consulting)"
560,Ricky,Osborne,Male,wpotts@example.net,438-829-8437x5169,9/3/1969,Communications engineer
561,Eric,Bautista,Male,keith97@example.com,001-984-421-5945x344,23-10-05,Conference centre manager
562,Tricia,Patrick,Female,vchang@example.org,701-425-6763,4/10/2012,Town planner
563,Molly,Fletcher,Male,jose58@example.com,499-531-5562x401,8/2/2016,Facilities manager
564,Rodney,Bernard,Male,ana19@example.com,001-286-041-1632x92767,4/5/1998,"Accountant, chartered management"
565,Craig,Hamilton,Female,nealmaureen@example.com,190.412.9457x6893,23-09-30,Conference centre manager
566,Kristine,Jimenez,Female,peter76@example.org,904.875.0936,1/12/1994,Geoscientist
567,Cheyenne,Hunt,Male,nathan33@example.net,7926335130,16-03-51,Pharmacologist
568,Shawn,Watkins,Male,terriduran@example.com,001-541-888-3593x3800,3/4/1963,Community development worker
569,Johnathan,Griffin,Male,alexandriameza@example.org,715-663-7995,27-04-16,"Designer, ceramics/pottery"
570,Bruce,Ruiz,Male,reginaldhahn@example.com,208.746.3592x6999,6/11/2020,"Psychotherapist, dance movement"
571,Clayton,Steele,Male,alec75@example.org,+1-740-136-1860x7713,8/11/1970,Stage manager
572,Derrick,Valenzuela,Male,blakeheath@example.com,269-860-9755,9/10/2008,"Designer, fashion/clothing"
573,Candace,Nixon,Male,yvonnetapia@example.com,(350)261-7521,18-02-89,Homeopath
574,Damon,Nichols,Female,chelseyconner@example.org,001-279-415-2727x4237,10/6/1952,Quality manager
575,Regina,Walsh,Male,gregg47@example.com,(443)151-6033x352,16-02-07,"Scientist, physiological"
576,Caroline,Rowe,Female,jay43@example.net,881.872.9376,22-02-47,Research scientist (life sciences)
577,Wendy,Mckee,Male,alex44@example.org,666.608.3562x4112,19-02-51,Radio producer
578,Johnathan,Paul,Female,careykarla@example.com,+1-263-019-6277x838,16-09-19,Cabin crew
579,Gavin,Arellano,Female,evansalexis@example.net,(855)598-3149x82476,8/8/1956,Further education lecturer
580,Alyssa,Stevenson,Male,edwardryan@example.com,001-944-112-3978x704,12/3/2032,"Accountant, chartered certified"
581,Brandy,Cortez,Female,ameyer@example.com,+1-815-954-0893x4273,11/5/2034,"Scientist, research (maths)"
582,Kirsten,Baird,Female,shaun49@example.org,526.035.4458x1014,19-09-36,Medical sales representative
583,Candice,House,Male,mcintyrepedro@example.com,001-232-491-0982,22-07-60,"Geologist, wellsite"
584,Carrie,Good,Female,coffeysergio@example.net,203-062-5153x017,23-01-32,Exercise physiologist
585,Joann,Spencer,Female,igonzales@example.net,001-983-035-3071x59726,12/2/1992,"Conservation officer, nature"
586,Gina,Powell,Female,brianawood@example.org,+1-842-269-0399x8299,14-02-60,Network engineer
587,Amanda,Lucas,Male,bentonmorgan@example.com,879.144.5995,29-04-08,Psychiatrist
588,Kristine,Blanchard,Male,yerickson@example.com,+1-555-368-9476x8768,30-01-72,"Conservation officer, nature"
589,Toni,Conway,Male,destiny82@example.org,+1-452-101-0922x33359,29-12-24,Herbalist
590,Jeanne,Ortega,Female,jcarter@example.com,(308)647-9298x72409,26-10-12,Control and instrumentation engineer
591,Heather,Orozco,Male,aliciagarza@example.org,954-843-7751x803,26-12-27,Product manager
592,Douglas,Hays,Male,jonesalbert@example.org,001-003-418-8979x32886,11/3/2023,Public relations officer
593,Mercedes,George,Female,ramirezbenjamin@example.org,001-506-127-8833,23-08-67,"Editor, magazine features"
594,Selena,Richmond,Male,annecampbell@example.org,8186210498,21-05-07,Warehouse manager
595,Francis,Strong,Male,harrellcynthia@example.com,+1-651-282-1643x4705,21-06-08,Animal nutritionist
596,Grace,Buchanan,Female,stephanieweber@example.net,(417)370-5363x242,10/6/2019,"Conservation officer, historic buildings"
597,Paul,Hoffman,Female,marilynbradford@example.com,501.741.8759x659,5/7/1990,Cytogeneticist
598,Judith,Zavala,Male,francis36@example.org,115-407-6749,13-01-08,Tax inspector
599,Devon,Conway,Female,tammyromero@example.com,4606425382,23-09-37,Visual merchandiser
600,Emily,Carey,Female,daisyaguilar@example.org,001-890-950-9181,4/10/1974,Petroleum engineer
601,Dean,Thompson,Female,karl59@example.org,119.410.8416x1699,27-08-88,Chartered management accountant
602,Daisy,Weiss,Female,juanvasquez@example.org,233.650.9098,30-07-14,Software engineer
603,Dan,Cox,Female,wandamayer@example.com,001-009-704-9493,19-01-11,Health and safety inspector
604,Dalton,Schmitt,Female,steve65@example.net,2361340039,21-04-87,Retail buyer
605,Cindy,Becker,Male,ksnyder@example.net,-5525,30-03-34,"Engineer, materials"
606,Erika,Mendez,Female,stephanie48@example.net,267.852.5058x419,26-06-06,"Production assistant, television"
607,Sherri,Conrad,Female,sacosta@example.net,(546)262-2628x488,25-08-26,"Copywriter, advertising"
608,Melinda,Gallagher,Male,abbottdoris@example.com,343-393-6288x5477,26-06-75,Museum/gallery conservator
609,Kaitlin,Miller,Male,bridget43@example.net,(245)266-4116x207,28-01-16,Pensions consultant
610,Lydia,Irwin,Female,toddhaley@example.net,+1-548-463-7439x873,9/4/2011,Careers information officer
611,Eileen,Hernandez,Male,dsantana@example.net,(076)706-6936x0532,23-06-82,Database administrator
612,Darrell,Adkins,Female,sabrina21@example.com,6828254236,7/6/2034,Forensic scientist
613,Peggy,Mahoney,Male,carlybrock@example.org,(356)889-7007,25-10-06,"Buyer, industrial"
614,Yolanda,Wilson,Female,herringfrancisco@example.org,9672206616,14-03-64,Tour manager
615,Victor,Wu,Female,latasha71@example.com,634.563.8829x2378,11/5/2021,Theme park manager
616,Earl,Hansen,Male,ihess@example.org,+1-281-260-6098x545,25-06-49,Furniture conservator/restorer
617,Alison,Fields,Male,darrylturner@example.org,249.861.7208x30437,8/12/2010,Print production planner
618,Ana,Decker,Female,rebeccakeith@example.com,1006605873,9/1/2045,Set designer
619,Becky,Larsen,Female,charlenemack@example.net,+1-174-205-7710x9661,9/2/1958,Purchasing manager
620,Erik,Gamble,Male,reidalexa@example.com,446-735-1876x80007,4/2/2017,"Geneticist, molecular"
621,Toni,Hoffman,Female,rickeyhowell@example.net,107-854-5366,26-05-48,Cartographer
622,Jerome,Mccall,Female,burnettbrian@example.org,323-060-0899x910,10/10/1954,"Producer, television/film/video"
623,Desiree,Higgins,Female,robertamontoya@example.net,+1-670-865-6730x70560,30-11-10,"Merchandiser, retail"
624,Kerry,Stevenson,Female,umoreno@example.org,001-878-559-6134,8/12/2047,IT technical support officer
625,Lorraine,Stephens,Female,kanekara@example.org,2246471596,9/2/1964,Town planner
626,Brett,Hinton,Male,connietapia@example.org,537.636.1257,22-08-09,Chief of Staff
627,Micheal,Clay,Male,kristy38@example.com,+1-109-699-0566x822,23-03-71,Environmental manager
628,Rebekah,Larson,Female,jbrennan@example.net,(316)843-1038,28-10-88,Education administrator
629,Kara,Downs,Female,meredith33@example.com,(193)351-5821,14-01-15,Adult nurse
630,Tony,Booth,Female,dan50@example.com,001-512-782-5256x60799,20-11-21,Medical sales representative
631,Vincent,Rich,Male,williezimmerman@example.com,307-801-5885,4/7/2030,Arts development officer
632,Larry,Mayo,Male,barrettshelia@example.net,405.126.8990,31-01-70,"Lecturer, higher education"
633,Selena,Brooks,Female,alisonjohnson@example.net,+1-512-563-6311x0977,9/6/2020,Mining engineer
634,Albert,Dennis,Female,rhendrix@example.org,(619)457-0047,5/6/1970,Chartered loss adjuster
635,Loretta,Hebert,Male,joshualevine@example.com,260.439.9891x925,2/9/2029,Data processing manager
636,Jean,Reynolds,Female,dhale@example.org,232-440-9950x12269,27-08-07,Brewing technologist
637,Brady,Woods,Female,darincarter@example.com,(111)140-0995x5159,17-02-14,Cartographer
638,Jared,Carter,Female,jessehardin@example.com,183.417.2185x572,23-01-55,"Engineer, aeronautical"
639,Stephen,Browning,Male,blackburnjennifer@example.com,805.817.9456x404,31-08-54,Financial trader
640,Craig,Boyd,Female,philip41@example.com,488-635-7247x4742,20-12-59,Research scientist (maths)
641,Brian,Butler,Male,jmontoya@example.org,904.017.9209,30-11-01,"Librarian, public"
642,Hector,Jacobson,Female,freyphyllis@example.org,712-875-1796x03089,3/6/2022,Hydrogeologist
643,Crystal,Villa,Male,hcurtis@example.net,+1-208-844-9128x5240,1/7/2038,Bookseller
644,Albert,Flynn,Female,taylor93@example.net,001-827-152-4749,15-05-34,Production manager
645,Briana,Norton,Female,heathtara@example.org,685.912.3022x216,7/9/2027,Air broker
646,Ariana,Carson,Female,boltonyesenia@example.org,(530)663-3072,14-10-15,Armed forces training and education officer
647,Jillian,Weeks,Female,mcphersonross@example.com,6311954980,7/4/2015,Aid worker
648,Blake,Pierce,Male,jimmcclain@example.org,412.166.8452,9/8/2020,Podiatrist
649,Austin,Rowland,Male,mcdonaldmathew@example.org,188.455.6479x157,11/11/1973,Chief of Staff
650,Fred,Barry,Male,ralphnorris@example.com,-3800,7/12/1960,Farm manager
651,Alex,Fitzgerald,Male,heberttonya@example.com,001-558-579-4856x6202,25-07-36,Social worker
652,Patricia,Mckee,Male,lorraine95@example.com,754.502.4431x52046,30-05-24,Hydrologist
653,Chris,Yoder,Female,hobbstammy@example.org,993-774-9270x0921,21-06-21,Diplomatic Services operational officer
654,Jeff,Ferguson,Male,tina67@example.net,(177)254-5342x3435,20-10-75,Horticultural consultant
655,Kirk,Short,Female,tasha06@example.net,001-190-717-9505x3722,21-12-46,Best boy
656,Francis,Terrell,Female,ingramalyssa@example.org,534-360-8817x84303,5/8/2044,"Surveyor, commercial/residential"
657,Katherine,Perkins,Male,walshmalik@example.net,990-793-4400,15-10-94,Horticultural consultant
658,Chloe,Miranda,Male,ejacobs@example.org,+1-816-542-6022x11977,8/3/1994,Customer service manager
659,Nancy,Cruz,Male,nobletyrone@example.com,001-118-690-2254x67721,29-09-66,Probation officer
660,Kathryn,Johnston,Female,kevinbriggs@example.com,2800493368,30-10-71,Merchant navy officer
661,Andrea,Reed,Male,christopherkoch@example.com,-6829,22-06-31,"Nurse, learning disability"
662,Ronald,Avery,Female,stefanie21@example.net,294-805-2793x472,24-03-04,Insurance underwriter
663,Parker,Bolton,Female,marcusgarner@example.com,+1-812-026-0411x03479,25-12-67,Data processing manager
664,Dalton,Solomon,Female,jeffrey87@example.org,7335911467,11/11/2010,Advertising account executive
665,Patty,Cohen,Female,yford@example.net,001-221-087-3054x9167,27-11-15,Systems developer
666,Brenda,Tate,Male,wbullock@example.net,(887)443-2985,11/5/2039,Orthoptist
667,Seth,Ryan,Male,lmathews@example.net,190.857.5903x785,2/10/2013,Secondary school teacher
668,Patricia,Rogers,Male,rick68@example.net,+1-947-549-1174x78243,20-02-46,Clinical psychologist
669,Marisa,Todd,Female,lozanoisabel@example.com,(452)897-0785x18477,15-03-73,"Biochemist, clinical"
670,Sherry,Sheppard,Male,hmckinney@example.net,935-117-6773x16916,8/4/2027,Heritage manager
671,Barbara,Eaton,Female,matthew28@example.com,(461)542-1437x945,6/9/2045,Clinical embryologist
672,Andre,Brady,Female,danielsannette@example.org,+1-328-654-8077x7676,12/4/2025,"Therapist, speech and language"
673,Lawrence,Randall,Male,kguerrero@example.com,001-485-934-4540,8/2/2014,Senior tax professional/tax inspector
674,Jeff,Huff,Male,moniquecameron@example.org,(617)494-4292x144,6/1/2005,Pathologist
675,Isabella,Rivera,Female,cristina34@example.net,5982695860,15-03-10,Sports development officer
676,Bernard,Prince,Male,bchung@example.com,001-222-981-7807x185,18-10-69,Trade mark attorney
677,Rose,Massey,Female,daisytravis@example.org,(878)761-5564x9416,10/5/1956,Land
678,Mason,Cannon,Male,zacharyandrews@example.org,001-281-159-4793x06493,21-09-11,Retail merchandiser
679,Michael,Valdez,Female,connorcarpenter@example.org,001-928-873-0618x161,11/9/2007,"Solicitor, Scotland"
680,Angela,Rivas,Male,jennaperez@example.org,798-106-2643x68259,7/10/2008,Broadcast engineer
681,Randy,Weaver,Male,anitavazquez@example.net,827.389.2305x10450,28-10-79,Industrial buyer
682,Francisco,Mcintyre,Male,adrian55@example.com,+1-000-747-8312x0808,7/12/1980,Animator
683,Warren,Hooper,Male,mayerkelsey@example.net,938-132-9688x07802,23-01-47,Editorial assistant
684,Shane,Stephenson,Male,beckpaula@example.com,921-376-2775,23-08-79,Race relations officer
685,Kelli,Hurley,Male,joycejoann@example.com,001-039-215-5547x385,15-11-73,English as a foreign language teacher
686,Michelle,Oconnell,Male,lhayden@example.org,687.953.2343x45813,28-03-04,"Conservator, furniture"
687,Curtis,Little,Male,howelltanya@example.org,014-862-7040x56125,14-09-98,Fast food restaurant manager
688,Ronald,Meza,Male,holly96@example.net,331.459.7066x22162,13-04-07,Lexicographer
689,Antonio,Rocha,Male,frederickdrew@example.net,-11359,14-05-84,Economist
690,Glenda,Randall,Female,shinton@example.org,(941)823-8870,11/5/1995,Therapeutic radiographer
691,Deanna,Hodge,Male,michael98@example.com,756.559.1423,6/2/2020,Barista
692,Tricia,Vasquez,Female,gerald03@example.net,049-042-6852x720,1/1/2002,"Engineer, biomedical"
693,Rachael,Dickerson,Female,gvalencia@example.com,001-206-394-5927x850,8/7/2032,Community development worker
694,Eileen,Knox,Female,norrisjoshua@example.net,9123202782,6/4/1989,Equality and diversity officer
695,Anita,Curry,Male,tracy96@example.net,001-302-165-4833x85664,1/1/2010,Hospital pharmacist
696,Gilbert,Rich,Female,nsolis@example.net,(600)417-1072x44266,4/5/1969,Herpetologist
697,Tanya,Wheeler,Female,angela65@example.org,573-496-7761,14-07-90,Legal executive
698,Andrea,Raymond,Male,gwendolyncolon@example.org,(984)313-6497,16-01-38,Herpetologist
699,Tim,Grant,Female,mary42@example.org,(640)915-2481x192,24-01-58,Broadcast engineer
700,Jackie,Clarke,Male,matthewbaird@example.net,+1-522-830-9652x1542,25-12-41,"Sound technician, broadcasting/film/video"
701,Melody,Hickman,Female,taramahoney@example.org,001-210-602-9495x12879,27-01-32,Museum/gallery curator
702,Ian,Meadows,Female,donnabaxter@example.net,(215)074-7296x8655,3/4/2019,Maintenance engineer
703,Seth,Lloyd,Female,henrysheppard@example.net,001-443-409-2430x8995,12/6/2023,Retail buyer
704,Selena,Contreras,Female,gkline@example.org,103.987.0095x5329,15-06-37,Chief Marketing Officer
705,Candice,Shepherd,Male,hoodmarcia@example.com,(057)405-0248x81752,29-08-20,Optometrist
706,Aimee,Hughes,Female,nathanmccullough@example.org,+1-652-321-5729x3507,16-09-10,Applications developer
707,Levi,Molina,Female,selena51@example.com,677.789.6009x10606,3/5/1986,Herpetologist
708,Dawn,Peters,Female,eileen79@example.org,345.269.7644,11/4/1991,IT trainer
709,Dean,Hayes,Female,maxleonard@example.net,001-383-811-6906x373,12/10/1950,Trading standards officer
710,Sherri,Grimes,Male,gabrielawashington@example.org,544-974-5225,4/10/1960,Theme park manager
711,Kristi,Woods,Female,ustark@example.net,(240)865-8683,7/10/2010,"Designer, blown glass/stained glass"
712,Glenn,Petty,Male,duarterichard@example.net,-5245,12/8/2039,Forensic psychologist
713,Tracey,Contreras,Male,jeremiah55@example.net,586-107-7467x803,17-11-59,Equities trader
714,William,Moon,Female,wilkersonrobin@example.org,001-211-577-0952x83183,22-04-03,Haematologist
715,Candace,Clements,Female,tapiacollin@example.org,471.198.9114,10/7/1962,Actuary
716,Vicki,Carroll,Female,hubbardandres@example.org,+1-393-340-1899x284,8/9/2024,Marketing executive
717,Stacie,Carroll,Female,charlenecisneros@example.net,+1-150-083-8613x69269,31-01-43,Dance movement psychotherapist
718,Guy,Dominguez,Male,tzuniga@example.org,840.213.4028x42128,4/4/1992,"Psychologist, clinical"
719,Hunter,Francis,Female,loweryapril@example.com,+1-891-430-0527x02147,30-07-54,Corporate investment banker
720,Jonathon,Watson,Female,marcus05@example.net,(547)476-7412,13-01-12,"Solicitor, Scotland"
721,Brandi,Thomas,Male,gabriella99@example.com,5805910307,15-02-15,Counsellor
722,Betty,Keith,Male,mlin@example.org,093.779.7541x4895,29-12-44,Speech and language therapist
723,Robert,Clements,Female,francishuang@example.com,9001087577,19-06-40,"Journalist, magazine"
724,Frances,Melton,Female,bruceryan@example.org,7454380106,8/12/2018,"Engineer, site"
725,Margaret,Guerrero,Male,fjohnson@example.net,001-625-762-7041x4110,17-10-14,IT technical support officer
726,Natalie,York,Male,marisa19@example.net,147-989-3726,21-12-69,Haematologist
727,Steve,Hood,Female,kirsten61@example.com,(409)277-3856,11/8/2003,Air broker
728,Christie,Banks,Female,riceronald@example.org,+1-173-782-3167x99812,13-03-74,Personnel officer
729,Brandon,Mcfarland,Male,jesus89@example.org,652.015.7094x37490,4/11/2002,"Sales professional, IT"
730,Gregory,Richmond,Male,gallegosjordan@example.net,(594)823-6960,15-01-32,Stage manager
731,Angel,Andrade,Male,manuel35@example.com,001-306-494-4861,22-04-33,Quantity surveyor
732,Steven,Case,Female,hoffmanalexa@example.net,7526358341,17-03-90,Exercise physiologist
733,Nathan,Lutz,Male,lucas15@example.org,+1-860-239-9979x36859,4/10/1978,Volunteer coordinator
734,Shawn,Gamble,Male,lance35@example.org,327-286-9476,10/3/1972,"Engineer, broadcasting (operations)"
735,Omar,Sharp,Male,alexis96@example.net,(024)360-9852x6782,9/5/2020,Museum/gallery curator
736,Zoe,Hunter,Male,montesgail@example.org,(947)123-6469x89298,17-11-80,Clinical embryologist
737,Marco,Suarez,Female,yeseniawilliamson@example.net,001-986-846-4146x3116,24-02-26,Human resources officer
738,Caleb,Hernandez,Male,lbates@example.org,(938)566-4309x602,5/9/1985,Education administrator
739,Adam,Bryan,Male,lawrence08@example.net,652-740-1492,30-08-60,Accounting technician
740,Brianna,Nichols,Female,baileybryan@example.net,001-167-173-5771x6893,31-03-55,"Scientist, research (maths)"
741,Malik,Craig,Female,curryjennifer@example.com,(631)311-2713,30-08-67,Associate Professor
742,Colleen,Murphy,Female,brandon97@example.com,(447)291-7805x31321,31-07-17,"Psychologist, occupational"
743,Kim,Harding,Female,esparzacolin@example.com,+1-415-086-0456x3528,23-05-85,Dramatherapist
744,Brandy,Benson,Female,glennhamilton@example.net,096.788.3378,11/5/1954,Community pharmacist
745,Curtis,Reeves,Male,marvin05@example.com,6170858046,10/7/2026,Art gallery manager
746,Cesar,Sanchez,Female,cberg@example.org,739-946-2786x0396,5/7/1960,"Scientist, product/process development"
747,Charles,Clarke,Female,isaiah74@example.net,173.678.9426,1/8/1968,Patent attorney
748,Stanley,Camacho,Female,loricarey@example.org,(609)835-1441,4/12/1953,Systems analyst
749,Jacqueline,Krueger,Male,clucero@example.net,001-368-613-7492x3801,8/10/1991,Research scientist (medical)
750,Courtney,Roach,Male,molinapam@example.net,(030)406-3828x6434,29-01-06,"Producer, radio"
751,Bill,Hunter,Female,terrence57@example.org,+1-192-141-2029x4355,1/2/2010,"Scientist, biomedical"
752,Kathryn,Flynn,Male,jgray@example.net,394.996.7092x97653,15-08-66,Tourist information centre manager
753,Priscilla,Prince,Male,jesusblackburn@example.net,383-256-4972,28-05-43,Ophthalmologist
754,Jessica,Avery,Male,iallen@example.com,(322)881-9479x07276,29-03-83,Public house manager
755,Ray,Holland,Male,kathleenjefferson@example.org,+1-752-098-4724x89643,19-12-11,Broadcast presenter
756,Deanna,Jordan,Male,bfinley@example.com,561.789.5984x4009,29-07-56,"Surveyor, building control"
757,Sherry,Maynard,Male,hamptonsavannah@example.net,(994)341-1493x70227,28-03-14,Charity officer
758,Roberta,Velazquez,Female,icurry@example.com,309-341-7972x854,18-01-64,Diplomatic Services operational officer
759,Martha,Case,Male,jodi30@example.com,(641)948-3247x229,14-09-16,Learning mentor
760,Yesenia,Callahan,Female,mario29@example.net,8566087095,8/1/1976,Hospital doctor
761,Michael,Le,Female,sharon31@example.com,505-424-7555x768,27-07-17,"Horticulturist, amenity"
762,Abigail,Case,Male,alexaustin@example.net,728.719.5682x716,16-09-11,Armed forces logistics/support/administrative officer
763,Elaine,Coleman,Male,rneal@example.org,(839)560-0245x404,20-03-93,Games developer
764,Loretta,Best,Female,yeseniayoder@example.com,(557)668-6778x9720,18-10-69,"Production assistant, television"
765,Richard,Mathews,Male,banksluke@example.org,585-053-2252x621,21-04-26,Database administrator
766,Kristen,Pineda,Male,maxwell99@example.net,+1-790-292-2131x480,21-09-68,Agricultural consultant
767,Latoya,Boyer,Female,bushjeffrey@example.com,305-790-0221x7091,1/3/1996,Paramedic
768,Jorge,Golden,Male,bjensen@example.com,287.939.8755x41798,30-06-72,Solicitor
769,Bryan,Hayes,Female,teresabrock@example.com,-6870,7/5/1955,Armed forces technical officer
770,Brendan,Oneill,Female,hnorton@example.com,2575563481,2/5/2015,Clinical research associate
771,Gwendolyn,Reeves,Male,ninapatton@example.net,244.815.3401,25-09-74,"Copywriter, advertising"
772,Warren,Hatfield,Male,rbyrd@example.net,5542466795,1/6/2012,Water engineer
773,Earl,Swanson,Female,jeffery89@example.com,581-576-0438,17-06-74,Public librarian
774,Kari,Wise,Female,jesse07@example.net,1104820133,16-07-34,Legal secretary
775,Erin,Middleton,Male,stuarthoward@example.com,(127)164-2875,6/6/1987,Pensions consultant
776,Arthur,Vasquez,Male,banksriley@example.net,(820)733-2085,10/12/2004,"Teacher, English as a foreign language"
777,Roger,Jordan,Male,thomas07@example.com,+1-716-031-4983x11866,17-06-13,Sales executive
778,Robyn,Lowe,Male,vcowan@example.org,846-114-3641,11/9/2006,Catering manager
779,Luis,Stafford,Female,jaclyncurtis@example.org,272-103-0830,7/2/1982,Operations geologist
780,Jacob,Humphrey,Male,pettyrobin@example.org,660-957-0620x556,4/9/1974,"Librarian, public"
781,Frederick,Sanders,Male,bhines@example.net,(188)864-5261x386,1/9/2046,Seismic interpreter
782,Julian,Ho,Male,ohines@example.org,-1002,11/11/1974,"Designer, interior/spatial"
783,Philip,Delacruz,Female,mannkellie@example.com,681.220.2972x3657,29-03-52,Learning disability nurse
784,Debbie,Castaneda,Male,nixonphyllis@example.net,809.301.4095,14-03-88,Physiological scientist
785,Eugene,Beltran,Female,mmcknight@example.net,(774)580-2323x7261,22-10-98,"Editor, commissioning"
786,Deanna,Vaughn,Male,raymckee@example.com,422.969.6683,13-01-26,Cartographer
787,Paula,Deleon,Female,kirkharrell@example.org,060-505-2027x91849,12/3/2020,Armed forces operational officer
788,Mario,Walsh,Male,tony06@example.org,+1-002-482-5987x2792,22-06-56,Quality manager
789,Brittany,Velazquez,Male,imontgomery@example.com,001-052-355-4265x7812,11/5/1951,"Scientist, clinical (histocompatibility and immunogenetics)"
790,Alexa,Kemp,Female,kiara07@example.com,2143109758,14-04-29,"Designer, furniture"
791,Cody,Olson,Male,haileycooper@example.net,+1-246-768-3179x7640,31-01-36,English as a second language teacher
792,Makayla,Baird,Female,joycefrederick@example.net,440-528-5836x734,10/2/1955,TEFL teacher
793,Peter,Frye,Male,miguelpace@example.org,(207)417-9164,21-09-13,"Designer, fashion/clothing"
794,Brendan,Hamilton,Female,jermaine88@example.net,338-884-5330,16-07-40,Chief Operating Officer
795,Rickey,Everett,Female,davearellano@example.net,(244)896-8029,18-09-85,Economist
796,Angelica,Washington,Female,wbenton@example.org,966.783.0853,12/9/2026,Health and safety inspector
797,Nicolas,Rivas,Male,lawrence96@example.com,001-220-668-2465,28-04-31,Chartered public finance accountant
798,Katie,Weeks,Female,kennedyernest@example.org,+1-755-597-4571x0245,28-08-86,Furniture conservator/restorer
799,Richard,Foster,Female,cranejerry@example.org,874-779-4101x356,11/9/1953,Forensic scientist
800,Jocelyn,Gill,Male,braunalejandra@example.com,(227)242-6725,30-11-40,Prison officer
801,Gregg,Haynes,Female,mindy39@example.com,001-790-788-9409,26-11-81,Set designer
802,Christian,Frye,Female,acordova@example.net,+1-022-361-3727x86576,1/1/1959,Animal technologist
803,Jason,Snyder,Male,gmoody@example.org,(719)043-2912x022,31-01-53,Chief Financial Officer
804,Clifford,Zuniga,Male,fstrong@example.net,001-341-765-7897x822,16-03-74,Mechanical engineer
805,Erin,Ray,Male,tanya38@example.net,+1-737-105-3176x9547,11/10/1988,Camera operator
806,Luke,Gardner,Female,duffyanna@example.com,001-800-859-2705x742,12/8/2016,Communications engineer
807,Latoya,Savage,Female,ebowen@example.com,392806372,30-04-52,Materials engineer
808,Todd,Wilson,Female,lindsaydavila@example.com,(590)457-2888,22-01-88,"Designer, blown glass/stained glass"
809,Gail,Weaver,Female,lucerodorothy@example.com,+1-120-948-6988x35688,19-01-82,Bookseller
810,Jamie,Mcbride,Female,carrillohelen@example.com,(367)932-7162,3/2/2041,Chartered loss adjuster
811,Wanda,Farley,Female,benjamincombs@example.com,1452727936,21-05-26,Museum/gallery exhibitions officer
812,Bailey,Fuller,Female,colin74@example.org,(513)999-4567x74285,3/1/2021,Chiropodist
813,Dakota,Conrad,Male,xkirby@example.com,137-904-7225x14318,10/2/1998,Diplomatic Services operational officer
814,Veronica,Mayer,Male,dgaines@example.com,001-834-035-9779x7607,3/1/2012,"Scientist, water quality"
815,Marcus,Williams,Female,frankkatelyn@example.org,243.038.5985x3082,9/11/2042,Insurance risk surveyor
816,Sergio,Petty,Male,kaufmantoni@example.org,726-548-7879x49736,27-05-13,Environmental consultant
817,Hayley,Berg,Male,hperry@example.com,+1-090-786-2904x9726,24-03-22,Statistician
818,Frederick,Patel,Female,hayeslorraine@example.com,018-112-8329x50699,9/4/1971,Microbiologist
819,Ray,Mcdowell,Male,hensonscott@example.org,001-270-455-3647,17-03-72,"Development worker, international aid"
820,Rose,Nolan,Male,everettmax@example.com,001-364-822-9723x415,1/9/1979,Wellsite geologist
821,Spencer,Hutchinson,Male,mariomaynard@example.org,290.919.8483,1/4/2007,Agricultural consultant
822,Blake,Pearson,Female,zbaxter@example.org,001-629-486-7115x46931,19-04-14,Travel agency manager
823,Sonia,Tanner,Female,carla69@example.org,+1-991-778-7518x7050,18-01-89,Administrator
824,Eddie,Donaldson,Male,francisco87@example.org,(282)608-7917,6/4/2022,"Physicist, medical"
825,Travis,Conner,Female,larsonjeanne@example.net,(415)787-8743x247,30-11-20,Dancer
826,Zoe,Beltran,Female,frankanthony@example.com,351-149-8744x238,2/7/1972,Charity fundraiser
827,Devon,Riley,Female,janethooper@example.org,+1-496-517-7791x9438,25-01-49,Chiropractor
828,Connor,Barrera,Male,rebecca63@example.net,794.466.9225x6661,7/10/1994,Financial controller
829,Selena,Kramer,Male,meganowens@example.org,001-555-355-1245x572,12/6/2006,Theatre stage manager
830,Tyrone,Farmer,Female,clayton62@example.com,919.339.8076x5415,22-01-80,"Engineer, control and instrumentation"
831,Kent,Adkins,Female,abigailmorales@example.org,9306991215,29-08-72,Food technologist
832,Leonard,Perez,Male,esanford@example.org,+1-469-689-1249x01093,9/9/1985,"Surveyor, planning and development"
833,Pedro,Riddle,Female,hpetersen@example.net,(507)995-2293,30-03-55,"Designer, ceramics/pottery"
834,Judith,Davies,Male,etaylor@example.org,001-791-964-4701x0564,6/10/1977,Midwife
835,Katherine,Gardner,Female,bentonemily@example.com,559-428-1721x709,30-11-84,"Radiographer, therapeutic"
836,Shelia,Cantrell,Female,jsavage@example.com,661-063-6548x9384,9/8/2041,"Programme researcher, broadcasting/film/video"
837,Christina,Lamb,Female,johnstonraymond@example.com,+1-602-561-1307x8431,25-02-72,Cytogeneticist
838,Carla,Harrison,Male,erinmelton@example.net,423-165-5991x45304,2/10/1970,Manufacturing engineer
839,Mallory,Melendez,Female,laurenquinn@example.com,720.055.0781,15-01-94,Tourist information centre manager
840,Latasha,Collins,Male,brenda61@example.com,001-350-962-8141x3619,18-10-27,Art therapist
841,Nina,Bell,Male,aaronmartin@example.org,682.463.5176x72708,21-11-75,"Engineer, automotive"
842,Pam,Holder,Female,comptondiana@example.net,+1-236-306-5405x799,3/8/2001,Ceramics designer
843,Norma,Schaefer,Female,margaret89@example.com,-2419,23-11-72,Dispensing optician
844,Michele,Walsh,Female,jessicagarza@example.com,(615)933-3458x7453,29-08-22,Hydrographic surveyor
845,Bridget,Newman,Female,akim@example.net,+1-781-696-7370x74031,7/7/1971,Hydrogeologist
846,Maria,Ponce,Male,gavin95@example.com,517-222-8089x31834,21-01-82,"Engineer, production"
847,Sergio,Lloyd,Female,dawnmclean@example.org,(905)685-4169,1/11/2010,Media planner
848,Scott,Anderson,Female,bbarron@example.com,3826645434,9/2/2018,Advice worker
849,Sophia,Wilcox,Female,glutz@example.net,(736)145-9163,16-08-48,"Surveyor, commercial/residential"
850,Caroline,Bender,Male,jonathonmathis@example.com,(453)143-9670x36842,8/7/2007,"Secretary, company"
851,Levi,Bartlett,Male,arthurtrevino@example.org,(176)564-2774,22-06-12,Retail buyer
852,Mary,Hays,Male,rdodson@example.com,410.723.8569x883,23-04-59,Architectural technologist
853,April,Morse,Male,eddie58@example.org,939-985-3707x313,6/7/2039,Manufacturing engineer
854,Jim,Jackson,Female,tiffanynichols@example.net,498-194-1689,28-05-18,Surgeon
855,Joanna,Kane,Female,ryan69@example.com,(802)350-2352x49831,20-09-96,Chartered loss adjuster
856,Alfred,Nunez,Female,hendricksrobin@example.org,(511)711-3843x56145,5/5/1999,"Copywriter, advertising"
857,Maxwell,Frey,Female,sharonmadden@example.org,(953)622-3589,2/2/2013,Corporate treasurer
858,Antonio,Patel,Male,johnnycook@example.net,852.975.9652,11/3/1984,Geochemist
859,Vanessa,Mayer,Male,devon97@example.net,661.377.4449,22-11-84,"Research officer, trade union"
860,Oscar,Richard,Female,ccain@example.com,666.915.7306x503,27-01-25,Primary school teacher
861,Dominic,Hardin,Female,sherriblevins@example.com,(905)721-3073,2/10/2021,Hydrographic surveyor
862,Ricky,Hubbard,Female,jadekaiser@example.org,489.288.8901,2/11/1989,Energy engineer
863,Levi,Reynolds,Male,amberblack@example.net,607.175.0732,15-04-87,"Therapist, music"
864,Evan,Chen,Female,justin26@example.org,474.277.5238,3/4/1975,Commercial art gallery manager
865,Tonya,Tanner,Male,albert02@example.net,125-805-4238x421,24-04-97,Retail merchandiser
866,Janice,Branch,Male,scarlson@example.org,+1-808-166-0204x940,4/6/2011,Scientific laboratory technician
867,Isaac,Gallegos,Male,georgebianca@example.net,462-645-3318,22-12-77,Community education officer
868,Neil,Gaines,Male,carol15@example.net,-2202,20-03-67,"Horticulturist, amenity"
869,Lawrence,Santiago,Male,angelicaerickson@example.org,4036696956,4/1/2042,Arts development officer
870,Alejandro,Harrison,Male,haroldterry@example.org,(683)495-8071x0126,24-02-16,"Development worker, international aid"
871,Cesar,Downs,Female,ostephenson@example.net,(884)634-4205,22-01-81,Animator
872,Julian,Manning,Male,levi80@example.org,(925)641-6030x9776,7/10/2046,Architectural technologist
873,Chad,Lester,Female,hannahschultz@example.net,360.369.4223x66977,9/12/2018,Sales executive
874,Eugene,Macias,Male,vdorsey@example.com,001-369-834-6292x9905,16-06-31,Immunologist
875,Victoria,Washington,Female,betty19@example.net,373.912.0209x84555,16-06-07,"Administrator, charities/voluntary organisations"
876,Jerome,Church,Female,daisy04@example.com,412.514.9706x4127,5/4/2008,"Nurse, learning disability"
877,Jennifer,Rodriguez,Female,shawnadecker@example.org,726-904-4868,3/5/1998,"Engineer, building services"
878,Janice,Mueller,Male,fhaney@example.net,(170)488-2231,5/8/1965,"Engineer, drilling"
879,Vincent,Bautista,Female,kaitlinli@example.org,+1-962-496-0816x1347,23-07-27,Solicitor
880,Debbie,Doyle,Female,lauriemoreno@example.com,001-640-403-4459x67633,25-06-82,Social researcher
881,Melissa,Miller,Male,lindasalinas@example.com,396.078.1822x407,31-07-29,Advertising art director
882,Jaime,Patrick,Female,jake67@example.com,616.553.0927,14-02-17,Armed forces training and education officer
883,Curtis,Swanson,Male,friedmancheryl@example.com,709-150-4840x425,25-06-11,"Librarian, public"
884,Ana,Raymond,Male,ymcguire@example.net,3978170513,26-04-52,Museum/gallery curator
885,Walter,Campos,Female,mckayariel@example.net,637-630-1194x335,10/5/1992,"Psychotherapist, dance movement"
886,Sean,Mckee,Male,carolynhill@example.org,-2699,24-06-20,Television/film/video producer
887,Joyce,Kemp,Female,hjohnson@example.net,4596205030,7/11/2029,Health promotion specialist
888,Alan,Juarez,Male,rossmunoz@example.org,+1-456-275-3963x612,23-04-92,Armed forces technical officer
889,Cristina,Mullins,Female,tricia32@example.org,070-202-6450x82504,18-02-83,Ship broker
890,Benjamin,Mathews,Male,russell62@example.net,132.604.1470x9780,8/7/1971,"Teacher, English as a foreign language"
891,Danny,Dominguez,Male,mfischer@example.net,6914840287,13-05-26,"Physicist, medical"
892,Jake,Cohen,Male,donbautista@example.org,(857)946-3858,4/10/2023,"Producer, radio"
893,Cathy,Buck,Female,chungbrent@example.com,789-933-8338,12/10/1966,"Conservation officer, historic buildings"
894,Gloria,Hooper,Female,bailey18@example.net,001-591-063-4026x4117,2/6/1999,Sport and exercise psychologist
895,Malik,Fritz,Male,kleinmichaela@example.com,844-572-2798,11/11/1988,"Surveyor, mining"
896,Maureen,Daugherty,Male,vmalone@example.net,890-875-8388,4/5/1972,"Journalist, broadcasting"
897,Brandy,Shepherd,Male,erinblack@example.com,798.165.5590x88099,22-07-66,Licensed conveyancer
898,Lonnie,Pennington,Female,tommy55@example.net,054.771.3871,15-04-76,"Scientist, water quality"
899,Cheyenne,Montgomery,Male,gregoryfaulkner@example.com,743-983-6427x58274,4/10/2025,Interior and spatial designer
900,Teresa,Turner,Male,lydiasnow@example.com,(665)305-0216x11992,27-10-37,Technical brewer
901,Mackenzie,Shea,Male,angelicahunt@example.org,(358)435-9375,14-12-11,Advertising account planner
902,Jon,Daniel,Male,mlowe@example.net,180-063-7265x838,28-06-91,Geophysical data processor
903,Harry,Tanner,Female,norma68@example.org,009.430.9580,15-07-66,Equality and diversity officer
904,Penny,Aguilar,Male,mcollier@example.org,+1-903-892-9525x529,6/8/2018,Chiropractor
905,Jody,Taylor,Male,alvinwolfe@example.com,4165143426,21-02-61,Trade union research officer
906,Oscar,Rosales,Female,dawn80@example.net,191.407.4635,18-07-18,"Pharmacist, community"
907,Christian,Dunlap,Female,kbaker@example.net,(863)100-8674x7242,9/2/1964,Research scientist (physical sciences)
908,Rita,Barker,Male,deckeralan@example.org,818-788-1660x547,23-12-41,Speech and language therapist
909,Kelly,Mendoza,Female,dominique06@example.net,233.824.3195x51778,2/10/1993,Environmental manager
910,Leslie,Rowland,Female,don02@example.com,001-774-260-0550x38762,10/7/1953,Television camera operator
911,Eugene,Gay,Male,rcontreras@example.net,328-022-6779x83141,4/3/2028,Emergency planning/management officer
912,Gabriel,Gonzalez,Female,beanmarco@example.com,1814025492,8/2/1976,"Administrator, local government"
913,Jamie,Wong,Male,gabriella23@example.net,075.355.4165x8276,1/9/2034,Stage manager
914,Heidi,Mann,Female,pachecogreg@example.net,-7666,10/12/2030,Pension scheme manager
915,Raven,Wilcox,Female,robin49@example.org,422-274-4691,3/10/2006,"Research officer, trade union"
916,Dominique,Cooke,Female,claudia41@example.org,386-537-2591,21-06-64,Armed forces operational officer
917,Dennis,Schmitt,Female,woodardcarmen@example.org,296.816.3929x71786,20-11-49,Local government officer
918,Glenn,Solomon,Male,qguerra@example.com,(297)594-8410x62663,14-06-19,"Accountant, chartered management"
919,Frank,Travis,Male,autumn94@example.net,430.773.9174,16-01-10,Neurosurgeon
920,Adriana,Cochran,Female,sharoncamacho@example.com,+1-860-305-5704x3610,17-05-13,"Geologist, wellsite"
921,Alisha,Rivera,Female,jacobsvictoria@example.org,399.455.8989x41118,5/7/2035,Paramedic
922,Jonathon,Barber,Male,cmcclure@example.org,001-553-347-2953x464,23-02-60,Advertising account planner
923,Sydney,Barker,Female,matadawn@example.com,635-689-7423,29-12-63,Sports administrator
924,Marisa,Moran,Male,kelleymonique@example.com,778.522.9372x3991,10/9/1993,Film/video editor
925,Steve,Brady,Male,vballard@example.org,(195)771-1086x783,30-11-49,Pension scheme manager
926,Stacie,Blackwell,Male,justin13@example.net,824-312-1632,8/3/2005,Race relations officer
927,Phillip,Poole,Male,mwilkinson@example.org,+1-709-664-2054x3248,25-06-77,Radio broadcast assistant
928,Selena,Petty,Male,gordonhicks@example.net,001-840-069-0166,14-07-75,Horticultural therapist
929,Molly,Cabrera,Female,liucarrie@example.net,210-075-9447,18-05-31,Graphic designer
930,Barry,Mcdowell,Male,brittanyaustin@example.com,(418)491-0325x400,18-01-46,Facilities manager
931,Andres,Proctor,Female,mitchell59@example.net,016.610.1349x07387,1/8/1957,Logistics and distribution manager
932,Calvin,Pineda,Male,chrisandrade@example.com,129-198-8288,6/1/2041,Medical technical officer
933,Evan,Frazier,Female,casey36@example.net,118.814.8452x42346,22-04-63,"Surveyor, insurance"
934,Kristie,Stafford,Male,rarias@example.net,864.787.4341,6/9/1994,Chartered management accountant
935,Howard,Joyce,Male,cantrelljocelyn@example.net,(234)901-7331,19-08-30,Education administrator
936,Gerald,Ryan,Male,harrisveronica@example.org,319.813.5517x589,23-10-43,Pathologist
937,Kristine,Vasquez,Male,zacharymckenzie@example.org,442.200.4144,3/9/2015,Site engineer
938,Autumn,Morris,Male,jake64@example.com,+1-109-354-9618x441,1/9/1955,Microbiologist
939,Isaac,Shaw,Female,jmorales@example.net,801.337.4556,6/8/2025,Graphic designer
940,Suzanne,Curry,Male,jasmine18@example.org,(164)960-7560,23-05-01,"Designer, industrial/product"
941,Anita,Randolph,Male,wallscharlene@example.org,(333)589-1123x8437,29-08-30,Higher education lecturer
942,Mary,Willis,Male,stricklandglen@example.com,001-422-423-3707x9009,7/1/1960,Administrator
943,Collin,Proctor,Female,irwinjeanette@example.com,488-250-6045,3/6/1987,Medical laboratory scientific officer
944,Lorraine,Hubbard,Female,dodsonjohnathan@example.org,184-381-7787,21-04-46,Quantity surveyor
945,Emma,Roth,Female,anashepard@example.com,(552)475-4500x7325,2/11/2048,"Pilot, airline"
946,Cristian,Molina,Female,jamie40@example.org,941-305-4075x248,7/3/2000,Race relations officer
947,Katelyn,Trujillo,Male,sotorachel@example.org,(161)019-3109,3/9/2018,Lexicographer
948,Kristopher,Woods,Female,shelbyboyd@example.com,486-851-0205,18-12-28,"Investment banker, corporate"
949,Rickey,Cantu,Male,bonnie10@example.org,672-966-1689x99496,21-08-83,"Radiographer, therapeutic"
950,Norma,Prince,Female,hendrixnichole@example.com,-2495,29-10-30,Risk manager
951,Rita,Livingston,Female,alvin11@example.org,7284250287,25-11-78,Research scientist (maths)
952,Carla,Harris,Female,cassidy44@example.com,477.038.6776,1/11/2024,Acupuncturist
953,Franklin,Vincent,Female,icasey@example.org,016-029-9950x77152,29-04-10,Writer
954,Mikayla,Arellano,Female,samuelcox@example.com,289-440-5381,23-06-92,"Embryologist, clinical"
955,Barry,Galvan,Male,sfaulkner@example.com,936-803-5524x28460,4/11/1987,Chief Executive Officer
956,Tara,Higgins,Female,oalvarado@example.com,(823)441-9182x9746,2/10/2028,"Education officer, community"
957,Kari,Stanley,Male,nicholasgood@example.net,9772572511,19-09-77,"Scientist, clinical (histocompatibility and immunogenetics)"
958,Edgar,Cole,Male,aaron42@example.com,001-056-349-8276x8429,14-09-47,Herpetologist
959,Vernon,Powers,Male,garciadana@example.net,+1-962-111-7610x128,2/1/1970,Restaurant manager
960,Dustin,Gonzales,Male,edgar54@example.net,001-102-414-1115x11785,26-12-50,Data scientist
961,Julia,Wallace,Male,bobbymerritt@example.org,917-642-7439x7863,20-06-42,"Therapist, music"
962,Maxwell,Mcintosh,Male,carolynmays@example.net,(482)379-0001,5/10/1953,Careers adviser
963,Barbara,Schwartz,Female,gene17@example.org,781.674.1579,17-02-41,"Scientist, audiological"
964,Lee,Shannon,Female,ahendricks@example.org,+1-971-184-4089x6919,24-09-27,Trading standards officer
965,Rick,Rogers,Female,sean76@example.org,6041018799,16-11-65,Medical technical officer
966,Sally,Bean,Female,vwood@example.net,+1-653-309-1718x610,11/10/2019,Museum/gallery exhibitions officer
967,Francis,Parker,Male,patty45@example.net,+1-939-630-9580x1977,13-03-03,Geoscientist
968,Christie,Jordan,Male,teresa91@example.net,(342)679-9074,20-05-15,Minerals surveyor
969,Kirk,Ware,Female,qrosario@example.org,001-067-470-5858x5424,14-10-63,Environmental consultant
970,Kara,Richards,Female,johnathancherry@example.com,332.379.7131x80027,21-09-92,"Civil engineer, consulting"
971,Austin,Acosta,Female,heathsonya@example.net,001-209-389-5718x5678,15-03-13,"Designer, graphic"
972,Yesenia,Preston,Female,diamond93@example.net,896-856-2413,15-11-97,Social worker
973,Leslie,Flowers,Female,leblanctim@example.org,-4375,29-11-13,Agricultural consultant
974,Jorge,Jimenez,Male,lozanojake@example.com,+1-449-059-4336x698,8/9/1978,"Engineer, manufacturing"
975,Selena,Mathews,Male,kerry38@example.net,204-842-3096x339,28-12-44,Patent attorney
976,Mitchell,Hamilton,Female,bergphilip@example.org,(219)188-0098,28-12-67,"Surveyor, commercial/residential"
977,Laurie,Long,Male,krystalprince@example.com,492.143.5763x97973,31-05-11,Armed forces training and education officer
978,Desiree,Fields,Female,vellis@example.net,901-349-3523,14-06-56,Marketing executive
979,Tricia,Meyers,Female,nsuarez@example.com,529.863.3381,21-10-17,"Production assistant, radio"
980,Luke,Pittman,Male,scottchavez@example.org,107-367-5857x8618,7/8/2025,"Accountant, chartered certified"
981,Ricardo,Bentley,Male,cfields@example.org,924-519-0375x947,14-05-00,Regulatory affairs officer
982,Helen,Chandler,Female,calvin86@example.net,+1-836-859-5104x65233,2/10/1975,Horticultural consultant
983,Jared,Molina,Female,isabelshannon@example.com,001-727-852-4052x50553,16-03-90,Chief Technology Officer
984,Brandon,Parsons,Female,brittney91@example.com,001-412-442-2633x659,7/4/1967,Maintenance engineer
985,Connie,Grimes,Female,gregory28@example.com,001-041-424-0686,8/8/2010,Facilities manager
986,Bianca,Lane,Female,gillespiemeagan@example.com,644.576.9814x78379,18-07-05,"Administrator, education"
987,Kelly,Shannon,Male,mroy@example.org,539-455-4735,6/8/1951,Bonds trader
988,Clinton,Knapp,Male,shannoncurtis@example.org,943-177-3715,12/4/2017,Museum/gallery curator
989,Dwayne,Cortez,Male,qsavage@example.com,808.573.4404x71306,9/11/1974,Police officer
990,Shelby,White,Female,angela92@example.com,575.039.9176x1456,4/6/2016,Barista
991,Don,Graham,Female,gordoncarmen@example.org,(355)742-8207x51681,2/1/1999,"Surveyor, hydrographic"
992,Suzanne,Scott,Female,sramirez@example.org,+1-885-922-1909x4367,21-11-82,"Engineer, manufacturing systems"
993,Savannah,Gould,Female,gabriela69@example.net,485-308-7944,12/2/2009,Chartered public finance accountant
994,Latoya,Rangel,Male,lkaiser@example.net,044-032-9005,15-04-66,"Accountant, chartered certified"
995,Brenda,Fisher,Female,paige81@example.org,483-100-6243,2/6/2024,Electronics engineer
996,Sean,Mays,Male,vernon46@example.net,4876533789,30-03-77,Aid worker
997,Marissa,Mcmahon,Female,eholder@example.com,(707)019-7163,15-10-17,Land
998,Sonya,Reilly,Female,tranbailey@example.org,823.613.5727,10/1/2034,Lexicographer
999,Lynn,Hodges,Female,rileygabriela@example.org,522-878-7299,30-12-34,Arboriculturist
1000,Wyatt,Stark,Female,tsims@example.com,001-250-399-8093x31859,18-09-33,"Investment banker, corporate"
1001,Meagan,Hanna,Female,sheenawright@example.com,973.975.4139x40429,10/7/2041,Architect
1002,Betty,Cannon,Male,ninajohns@example.org,(007)994-1990,1/12/2040,"Conservator, furniture"
1003,Darin,Vaughn,Female,zoe23@example.com,702.042.6731,10/6/2008,Fitness centre manager
1004,Joan,Knight,Male,ochoabrian@example.net,001-160-128-8717,24-02-25,Charity officer
1005,Ann,Koch,Male,robynkirby@example.net,001-733-358-9458x7904,28-02-13,Office manager
1006,Carly,Mayo,Male,achapman@example.org,716.795.7329x5416,18-09-09,Set designer
1007,Carol,Mcclure,Male,bianca13@example.com,(216)970-8551x30798,29-09-51,Recycling officer
1008,Leroy,Boone,Male,candace98@example.net,(140)118-0323x050,14-07-88,Best boy
1009,Tanya,Kirby,Female,nkelly@example.net,+1-088-624-3635x9114,11/2/2023,Hydrogeologist
1010,Stacie,Grant,Male,tfinley@example.com,2544936233,31-10-06,Special effects artist
1011,Fred,Harrell,Female,rasmussenpam@example.org,(150)308-0595,9/9/1996,"Teacher, primary school"
1012,Lydia,Stafford,Female,dbaxter@example.com,412-031-6361,18-06-14,Conference centre manager
1013,Edward,Rosales,Male,omathis@example.com,(080)707-6547x467,26-06-79,Mechanical engineer
1014,Arthur,Acevedo,Male,rochakristen@example.com,096.293.1882x7725,28-05-53,Advertising account planner
1015,Jake,Gay,Male,hhudson@example.com,879-886-5655,24-06-00,Building surveyor
1016,Mitchell,Walter,Female,catherine58@example.org,(877)060-9072x35895,29-03-50,TEFL teacher
1017,Krystal,Daniel,Female,sherri32@example.net,+1-445-920-2892x71468,30-07-07,"Restaurant manager, fast food"
1018,Alexis,Solis,Female,qjones@example.net,(438)052-8175x43184,17-12-57,"Journalist, magazine"
1019,Mckenzie,Johnson,Female,lucasmorrow@example.net,(308)681-3349x25388,6/3/2016,Press photographer
1020,Corey,Franco,Male,karina02@example.org,-5705,11/12/1959,Tourist information centre manager
1021,Lance,Riley,Female,vpittman@example.org,(300)188-4125x920,25-08-19,Theatre stage manager
1022,Joanne,Leon,Female,vmelton@example.com,428-526-2392x336,10/8/2014,Paediatric nurse
1023,Stephen,Kaiser,Female,masonweiss@example.net,(177)984-6035,22-09-40,"Pharmacist, community"
1024,Gabrielle,Hurley,Male,ohull@example.com,001-466-556-0442,7/6/2041,Speech and language therapist
1025,Jack,Vang,Male,ohaynes@example.org,(150)206-0632x3370,8/12/1957,Chartered public finance accountant
1026,Jasmine,Zamora,Male,morozco@example.net,665.166.2275,29-06-49,Sport and exercise psychologist
1027,Sherri,Shannon,Male,cmcdaniel@example.com,057.029.5607,2/3/2019,Advertising copywriter
1028,Nichole,Mullen,Male,gfarmer@example.org,(774)222-2904x6974,24-12-01,"Biochemist, clinical"
1029,Brian,Watkins,Male,masseysusan@example.net,+1-338-307-8583x95606,4/10/1964,Geophysicist/field seismologist
1030,Joanna,Byrd,Male,pgalvan@example.org,195.917.1447x62055,7/8/2014,Advice worker
1031,Peggy,Cowan,Female,everettvernon@example.net,(222)061-2897x680,11/11/2049,"Education officer, environmental"
1032,Breanna,Good,Female,shepardamber@example.com,733.218.2757x74516,8/5/2012,"Embryologist, clinical"
1033,Rachael,Olsen,Male,tranarthur@example.com,+1-434-468-4914x158,22-06-55,"Surveyor, building control"
1034,Megan,Walls,Male,catherine36@example.com,008-480-0881x0290,14-06-08,Administrator
1035,Martha,Strickland,Male,meghan29@example.com,(406)014-8462x11620,17-02-01,Armed forces technical officer
1036,Charlotte,Phelps,Male,karabecker@example.com,916.948.3536x88180,29-01-50,"Investment banker, operational"
1037,Darren,Haas,Male,sandra99@example.com,001-673-085-3317,16-02-30,Media planner
1038,Marilyn,Greene,Female,kanecandace@example.com,892.531.5440x96319,18-06-37,Advertising account planner
1039,Thomas,Greene,Female,joycemarc@example.net,906-581-9729x29595,10/12/2010,Network engineer
1040,Kayla,Doyle,Male,daniellemcbride@example.com,101.722.3231x11724,17-03-99,Contracting civil engineer
1041,Theodore,Holt,Female,carmen65@example.com,-7055,21-12-32,Mechanical engineer
1042,Stefanie,Burch,Male,bhuff@example.com,(397)982-5131x6456,20-07-48,Planning and development surveyor
1043,Haley,Lawrence,Female,kerri80@example.net,920-362-7131x27074,18-07-97,Radio broadcast assistant
1044,Caleb,Warner,Female,timgeorge@example.net,001-501-959-8535x3147,22-09-64,"Programmer, multimedia"
1045,Jim,Kline,Male,gonzalezchris@example.net,430.004.0424,4/11/2032,"Civil engineer, contracting"
1046,Christy,Shaffer,Female,albert23@example.net,(085)670-3662x617,20-04-22,Analytical chemist
1047,Jon,Marks,Male,brockvicki@example.com,162-470-3570x99770,26-04-15,Printmaker
1048,Faith,Schultz,Male,amanda30@example.net,531-171-3400x4710,7/8/2045,"Journalist, newspaper"
1049,Scott,Villanueva,Female,boyeralexandria@example.org,001-249-657-5324x119,2/3/1970,Architect
1050,Sonya,Gomez,Female,cameronmark@example.com,001-001-675-8236x4462,12/10/2035,"Administrator, Civil Service"
1051,Annette,Bray,Male,marcus28@example.net,185.508.3264x4706,14-07-10,"Nurse, children's"
1052,Kayla,Stanton,Female,nicholebrock@example.com,289-955-0581x28314,11/2/1986,"Nurse, learning disability"
1053,Gerald,Andersen,Male,chungcory@example.com,620.430.9199,14-02-43,Fitness centre manager
1054,Dale,Dillon,Male,jsandoval@example.net,(329)946-5918,1/3/2035,Solicitor
1055,Juan,Oneill,Male,julianbender@example.net,735.553.6865x658,4/8/1995,Financial manager
1056,Alejandra,Wilcox,Male,wclayton@example.org,400-375-9857x5266,5/7/1990,Hospital pharmacist
1057,Maurice,Irwin,Female,victordean@example.com,6515965182,16-07-13,Television/film/video producer
1058,Lorraine,Hanson,Male,andreamcguire@example.org,814.905.1415,12/2/1968,"Scientist, physiological"
1059,Joseph,Hoover,Male,sharonmorse@example.com,+1-361-649-8359x4321,24-09-53,Energy manager
1060,Stephen,Blair,Female,fernandobeck@example.org,256-909-4511,16-09-57,"Civil engineer, consulting"
1061,Rodney,Beltran,Male,watkinstina@example.net,733.616.7739,31-07-14,"Surveyor, planning and development"
1062,Darlene,Estrada,Male,yatestoni@example.org,093.910.3199x748,13-08-43,Recycling officer
1063,John,Parker,Female,alejandro73@example.net,905-693-3457x908,6/8/2007,Energy manager
1064,Tiffany,Anderson,Male,lmccormick@example.org,+1-799-585-2289x59513,11/10/1961,Commercial horticulturist
1065,Carol,Smith,Male,hannacarol@example.net,222.071.7733,8/1/2048,"Engineer, site"
1066,Taylor,Tapia,Female,keithhenry@example.com,-4289,22-03-79,Armed forces operational officer
1067,Tony,Kemp,Female,wyatt96@example.net,001-697-305-7739x09081,15-12-11,"Programmer, applications"
1068,Miranda,Mccall,Female,vegajorge@example.org,660.573.2637x808,31-01-21,Midwife
1069,Teresa,Frost,Female,jbowers@example.net,8736270246,17-09-99,Tax adviser
1070,Jenny,Booker,Male,xbass@example.com,(653)625-2286,16-04-12,Energy manager
1071,Amanda,Olson,Female,brandon45@example.net,+1-373-563-9622x76188,8/4/1992,Chartered accountant
1072,Katrina,Swanson,Female,ashlee53@example.com,230.276.9525x610,15-02-08,Careers information officer
1073,Brianna,Rose,Male,lydia07@example.com,476.425.9715,2/12/1969,Warden/ranger
1074,Alexandria,Bennett,Male,miguelstrong@example.org,(814)085-5804,4/11/2038,Arboriculturist
1075,Jeanne,Aguirre,Male,trevinozachary@example.org,(668)960-9602x0101,3/8/2008,Building control surveyor
1076,Isaac,Mckee,Male,nmccarty@example.com,001-690-827-6823,16-04-21,Community pharmacist
1077,Cheryl,Yoder,Male,jacobscraig@example.net,768-600-9022x6802,21-04-05,Research scientist (medical)
1078,Cristian,Valdez,Female,garysalazar@example.com,001-042-061-1896x2658,20-10-07,Midwife
1079,Traci,Wilcox,Female,martin53@example.com,-6106,19-01-65,Wellsite geologist
1080,Gwendolyn,Sanchez,Male,blankenshiptanya@example.net,791.389.6665,9/4/2027,Town planner
1081,Dale,Irwin,Male,patrickali@example.net,+1-658-678-0796x100,1/4/1957,Public librarian
1082,Alexa,Suarez,Female,hunter83@example.com,888-673-1647x339,8/6/1979,Dramatherapist
1083,Isaiah,Baker,Male,chavezangie@example.org,001-244-547-4228x577,16-02-23,Sales executive
1084,Chelsey,Yates,Female,mariah00@example.net,(354)768-2267,31-07-81,Software engineer
1085,Marisa,Ortiz,Female,xavier15@example.org,650-307-5531x9954,6/7/2020,Patent examiner
1086,Lauren,Lynn,Female,jerickson@example.com,001-623-260-1996x04686,27-08-66,"Psychologist, occupational"
1087,Sydney,Krause,Female,mhenry@example.com,6311600283,23-03-15,Geochemist
1088,Isaiah,Frank,Male,bill83@example.org,(371)115-5378x4057,21-04-16,Archivist
1089,Donna,Mckinney,Female,ikrause@example.org,4617884788,13-10-38,Private music teacher
1090,Nathaniel,Mccarty,Female,ricardorandall@example.com,720-086-8197x3890,14-08-52,Mudlogger
1091,Rachael,Mcgrath,Male,dunlapanita@example.org,509-275-0998,2/10/2032,Software engineer
1092,Savannah,Dalton,Female,logannichole@example.org,665-145-8414,20-07-12,Forest/woodland manager
1093,Meredith,Murray,Female,fharding@example.org,087-308-0738,5/9/2012,Engineering geologist
1094,Claire,Ortega,Female,amyweiss@example.com,+1-907-210-2387x79261,10/9/2038,Geoscientist
1095,Blake,Martin,Female,ryangraham@example.com,+1-775-874-3760x34327,21-10-55,"Scientist, research (medical)"
1096,Destiny,Nguyen,Female,francoisaac@example.net,718.262.5509x411,25-01-59,Actuary
1097,Martin,Ashley,Female,penabrenda@example.org,001-698-181-6018,9/1/1985,Orthoptist
1098,Donald,Berg,Male,jodi44@example.com,558.507.3392x915,27-10-62,Chemical engineer
1099,Isabella,Stevenson,Male,uking@example.com,(764)929-2298x36207,6/2/2019,English as a second language teacher
1100,Marco,Mcintyre,Male,mullinsbrittney@example.org,(223)316-0688x0761,4/9/2022,"Accountant, chartered certified"
1101,Robert,Silva,Male,ihobbs@example.net,+1-958-591-5117x1197,15-05-98,"Administrator, sports"
1102,Sandra,Cunningham,Female,ytapia@example.org,5786504753,8/9/1985,"Administrator, sports"
1103,Lee,Bailey,Male,shirleyrichmond@example.com,642.550.8218,6/11/2030,"Therapist, drama"
1104,Peter,Sims,Female,merrittrobyn@example.org,138-507-2756x712,28-07-48,Bonds trader
1105,Robyn,Vasquez,Female,jennythornton@example.net,+1-731-357-5202x4409,16-09-85,Commissioning editor
1106,Patrick,Douglas,Male,traviscolton@example.com,8951729950,10/11/2011,"Producer, radio"
1107,Shelly,Coffey,Male,drobles@example.org,677-182-2530x38369,5/1/1971,"Copywriter, advertising"
1108,Shelby,Baldwin,Female,angiestevenson@example.org,290.303.1376x3207,9/3/1955,Chartered legal executive (England and Wales)
1109,Briana,Torres,Female,gregg74@example.com,789-786-3124x77517,25-03-99,Psychiatric nurse
1110,Norman,Norton,Male,owalls@example.net,248-153-0503,6/11/1955,"Administrator, local government"
1111,Jack,Woodard,Male,schaefercarl@example.com,767.512.1621x27080,25-03-08,Legal executive
1112,Brittney,Rubio,Male,devin80@example.net,001-433-650-3373x4620,12/4/1999,Recruitment consultant
1113,Carlos,Tanner,Male,hmayo@example.org,948.380.9471,12/12/1997,Production manager
1114,Cassie,Mccormick,Female,wcabrera@example.com,001-334-315-4714x59213,9/6/2039,"Conservator, furniture"
1115,Tony,Wheeler,Male,sheena75@example.com,995-030-5998x1623,2/11/1985,Recycling officer
1116,Kelli,Huffman,Female,wallwillie@example.org,858.407.8658x116,9/7/1965,"Administrator, local government"
1117,Brett,Johnston,Male,jodimason@example.org,898.673.7362x681,6/11/2020,"Librarian, public"
1118,Christie,Bautista,Male,mfoster@example.net,001-104-509-6327x2046,14-05-14,"Surveyor, land/geomatics"
1119,Todd,Irwin,Female,tim76@example.org,293.175.9873,28-06-11,Building services engineer
1120,Bonnie,House,Male,mckenziekrista@example.org,001-805-814-4219x0833,9/6/2009,Ranger/warden
1121,Vanessa,Ortega,Female,patty77@example.net,612-792-3418x804,15-05-07,"Education officer, community"
1122,Terrance,Wu,Male,kproctor@example.org,(313)135-4715x76417,6/4/2010,Press photographer
1123,Perry,Rowland,Female,padillalynn@example.org,7553497721,29-08-67,Warehouse manager
1124,Glenda,Lynn,Male,brittany41@example.net,001-280-757-6282x936,26-05-49,Financial manager
1125,Sylvia,Mckinney,Female,jburnett@example.net,188-673-9641x5366,20-01-37,"Engineer, electrical"
1126,Daryl,Washington,Male,ubarrera@example.net,963.848.1756x1804,27-08-21,"Loss adjuster, chartered"
1127,Jerry,Arias,Female,bdouglas@example.org,001-077-985-2097x97138,5/12/2002,Pensions consultant
1128,Brittany,Finley,Female,marthafarmer@example.org,-10225,29-02-68,Learning mentor
1129,Sheila,Mcconnell,Female,tylerleonard@example.org,+1-719-735-9457x10242,28-03-56,Technical author
1130,Grant,Moran,Male,orozcoclarence@example.com,4748040946,11/5/1972,Lobbyist
1131,Drew,Mahoney,Female,deborahmitchell@example.net,001-949-077-9911,13-06-13,Camera operator
1132,Jamie,Spence,Female,bhudson@example.com,596-788-5228,26-10-17,Insurance broker
1133,Mindy,Hancock,Male,brandonbaker@example.com,789-981-7796x915,5/11/1979,"Biochemist, clinical"
1134,Erin,Owens,Female,greggnorman@example.net,+1-305-327-2366x28980,4/2/2009,Environmental education officer
1135,Deanna,Alvarado,Male,brittney39@example.com,001-734-829-4956x38835,17-11-65,Oceanographer
1136,Nancy,Melton,Female,chelsey71@example.org,268-839-1696x6125,8/12/2025,"Investment banker, corporate"
1137,John,Snow,Female,alexandrahughes@example.org,001-355-481-8350,12/2/1959,"Designer, ceramics/pottery"
1138,Aaron,Welch,Female,navarrovincent@example.org,081-671-7361,18-06-01,Horticultural consultant
1139,Penny,Moran,Female,franciscoblankenship@example.org,(681)477-7085,12/8/1953,Police officer
1140,Gloria,Suarez,Male,galvankatherine@example.com,(574)162-2018x8589,15-09-26,"Designer, furniture"
1141,Joy,Mendoza,Female,clifford03@example.com,001-956-744-0050x54325,7/10/1968,Civil Service fast streamer
1142,Shannon,Kemp,Female,meredithrobbins@example.net,(275)189-1147x669,21-04-17,Adult guidance worker
1143,Brittany,Mitchell,Female,phillip92@example.net,984-238-6489x1049,31-07-10,"Designer, multimedia"
1144,Sue,Hatfield,Female,flamb@example.com,458.027.5318,21-11-16,Bonds trader
1145,Toni,Donovan,Male,agriffin@example.com,001-631-569-6576,25-04-92,Historic buildings inspector/conservation officer
1146,Kristie,Christian,Female,crystal99@example.com,2561158378,15-06-09,Advice worker
1147,Valerie,Hudson,Male,hallcameron@example.org,230-627-9142x2104,8/9/2049,"Psychotherapist, child"
1148,Lonnie,Banks,Male,christenseneddie@example.net,114-483-9899,7/10/2004,Software engineer
1149,Clinton,Orozco,Male,aprince@example.net,(648)118-2320,14-10-03,Catering manager
1150,Judy,Zimmerman,Female,mcguirecynthia@example.com,405.113.5033x105,3/6/2020,Broadcast journalist
1151,Isabella,Ewing,Female,clintonmcfarland@example.net,+1-936-396-3866x14542,30-10-86,Retail buyer
1152,Jessica,Carson,Male,melvingregory@example.com,833-684-2786x71732,17-02-89,Recycling officer
1153,Chad,Hutchinson,Female,wiseroy@example.net,(469)527-8931x558,5/7/1972,Commercial/residential surveyor
1154,Jack,Wyatt,Female,deborah33@example.org,972.008.2032x5430,2/2/1957,Financial controller
1155,Joseph,Arias,Male,elainekennedy@example.com,+1-909-373-8465x27757,30-09-80,"Journalist, magazine"
1156,Dustin,Wolf,Male,ayalaemily@example.org,(102)172-1310,25-01-17,Accounting technician
1157,Diana,Garrett,Male,udurham@example.com,655-194-6482,20-05-31,Personnel officer
1158,Theodore,Kirk,Female,nwatson@example.com,(050)855-3724,25-08-21,Multimedia specialist
1159,Bailey,Pitts,Male,michaela55@example.org,080-925-2906x67169,18-10-12,Equality and diversity officer
1160,Rose,Hurley,Male,victorgarza@example.org,(890)098-3483,26-02-20,Higher education careers adviser
1161,Daisy,Weiss,Female,gibbslawrence@example.com,(471)522-5192,30-01-48,Hydrographic surveyor
1162,Yesenia,Phelps,Male,chavezsheena@example.org,5134168657,27-12-95,Tree surgeon
1163,Martin,Gentry,Female,danielsnancy@example.net,354-580-6565,1/11/2032,Audiological scientist
1164,Gabriel,Petersen,Male,pedroroach@example.org,107.939.0204x079,11/4/1961,Psychiatrist
1165,Caitlin,Hudson,Female,careyjuan@example.net,001-491-994-0015x698,23-01-02,"Lighting technician, broadcasting/film/video"
1166,Kaitlyn,Herman,Female,larry76@example.org,096-812-8527x63033,26-06-13,"Sales professional, IT"
1167,Jeremy,Travis,Male,ufox@example.org,(250)803-1505,15-07-41,"Physicist, medical"
1168,Brandi,Vang,Female,wshort@example.com,+1-608-476-4420x21713,12/9/2018,Telecommunications researcher
1169,David,Oneill,Female,laurensellers@example.net,(949)050-9443x460,29-01-22,Research scientist (physical sciences)
1170,Malik,Malone,Female,claudiaduncan@example.org,(904)843-6540x226,30-03-82,Television/film/video producer
1171,Lori,Barton,Female,jmatthews@example.com,-9070,7/6/2011,"Accountant, chartered management"
1172,Doris,Cordova,Male,vincent87@example.com,166-790-2913,12/4/1965,Archivist
1173,Katelyn,Freeman,Male,zfowler@example.org,608-980-7018x13752,9/1/2046,Charity fundraiser
1174,Logan,Whitaker,Female,brucemeagan@example.com,784-932-4753x9904,22-02-28,Field trials officer
1175,Julian,Skinner,Male,baileydominguez@example.org,721.843.8845x96343,30-08-07,Data scientist
1176,Meagan,Higgins,Female,gvelazquez@example.com,570.057.1402,16-06-91,"Psychotherapist, child"
1177,Shawn,Whitaker,Female,mary20@example.com,(101)187-2735,29-08-48,"Designer, television/film set"
1178,Evelyn,Mooney,Male,tamarapeters@example.com,+1-214-581-3712x519,21-04-35,Hotel manager
1179,Mia,Tanner,Female,reginald52@example.org,(269)973-2935,14-10-02,Housing manager/officer
1180,Bonnie,Case,Female,grant43@example.com,657.930.6117,22-10-53,Operational researcher
1181,Norma,Pineda,Female,ethan18@example.org,+1-072-640-2208x86579,15-08-08,"Clinical scientist, histocompatibility and immunogenetics"
1182,Sharon,Cervantes,Male,fred76@example.org,001-383-461-6129,14-05-34,"Therapist, music"
1183,Dylan,Heath,Female,weissphyllis@example.net,482-932-9077x3827,3/5/2032,Community pharmacist
1184,Franklin,Ruiz,Female,lindasanchez@example.net,(540)144-3634x1392,1/5/1962,"Engineer, land"
1185,Kayla,Patrick,Female,singhmakayla@example.com,(298)109-5488,29-01-87,Public relations officer
1186,Tristan,Little,Female,galvanruth@example.net,(884)758-7678x89521,15-06-09,Tourism officer
1187,Gordon,Bolton,Female,claytonsandra@example.org,986-512-3805x9917,30-11-15,Operational researcher
1188,Bob,Cardenas,Female,mathisangela@example.net,(928)306-0347,21-08-73,Oncologist
1189,Bridget,Francis,Male,darryl95@example.com,331-362-8560x11017,17-03-20,"Engineer, chemical"
1190,Rebekah,Fowler,Male,mikaylabass@example.com,214.164.7757,8/10/2011,Chartered certified accountant
1191,Dana,Aguirre,Male,ncabrera@example.com,001-499-201-3909,29-09-23,Cabin crew
1192,Dalton,Hendricks,Female,livingstonkarina@example.com,+1-770-831-4659x137,14-01-91,Bookseller
1193,Meredith,Solis,Female,ronniesmall@example.org,001-190-517-9404x86111,26-08-10,Furniture designer
1194,Kirsten,Larson,Male,melvindouglas@example.net,924-651-3735x74783,25-09-48,Quality manager
1195,Perry,Davies,Male,elijahsloan@example.org,939.265.8218,24-11-50,Retail buyer
1196,Kristy,Conrad,Male,connor94@example.org,776.354.8011x930,14-01-72,Psychiatrist
1197,Susan,Mathis,Female,stacyfaulkner@example.net,-8607,23-06-60,Retail buyer
1198,Parker,Russell,Male,yschmitt@example.org,2336541525,1/4/1996,Press photographer
1199,Debbie,Forbes,Female,welchkristin@example.net,+1-120-284-8760x8559,24-01-91,Phytotherapist
1200,David,Barron,Male,rodney44@example.com,001-892-841-7967x8515,23-10-03,Film/video editor
1201,Kristy,Wiley,Male,evan66@example.com,001-432-372-2770x301,6/6/2028,Human resources officer
1202,Barry,Price,Male,abowers@example.net,535.155.1127x35666,27-03-61,"Therapist, music"
1203,Gary,Ayala,Male,franciscogrimes@example.net,267.507.2299,14-06-30,Arts development officer
1204,Misty,Horton,Female,olarsen@example.net,+1-870-714-3933x101,31-07-89,Ergonomist
1205,Judith,Ferguson,Male,whitney68@example.net,734-784-6645x62389,10/12/1998,Pathologist
1206,Barry,Bright,Male,lewisnorman@example.com,9553670036,12/8/1958,Lobbyist
1207,Darryl,Ray,Female,jcobb@example.org,(049)282-2971x4138,5/3/2041,Public house manager
1208,Jeff,Gillespie,Female,jonathon06@example.com,(685)948-4460,10/4/1963,Learning mentor
1209,Rebekah,Mercado,Female,elizabeth69@example.net,8178396452,15-12-80,Records manager
1210,Sonia,Hatfield,Female,melinda00@example.org,001-010-754-0144x327,28-07-88,"Administrator, sports"
1211,Joe,Pace,Male,cliffordpineda@example.net,757.595.6788x22232,28-11-77,IT technical support officer
1212,Garrett,Sandoval,Female,villarrealricky@example.org,206.284.3683,30-09-97,"Investment banker, corporate"
1213,April,Jennings,Female,jenniferjoseph@example.com,2167572191,7/11/1979,Furniture conservator/restorer
1214,Sherri,Bush,Female,edgar99@example.net,001-800-452-8704x825,18-12-91,"Surveyor, planning and development"
1215,Alisha,Dean,Male,wchapman@example.org,(402)106-6326,6/4/2013,Chartered legal executive (England and Wales)
1216,Jeff,Boyle,Female,osbornmaureen@example.com,001-696-911-3668x3473,8/9/1964,Airline pilot
1217,Danny,Jarvis,Male,dorothyhopkins@example.org,(757)115-2133x506,21-12-86,Animal technologist
1218,Tony,Graves,Male,cannonebony@example.org,+1-351-421-3886x1488,14-10-89,"Accountant, chartered certified"
1219,Emily,Steele,Male,glen96@example.net,374.849.7995,30-06-28,Television production assistant
1220,Madison,Shelton,Male,makaylathompson@example.org,+1-866-928-4559x8897,7/1/1996,Horticultural therapist
1221,Shari,Meza,Male,carolinenolan@example.net,7730708326,2/11/2011,"Teacher, secondary school"
1222,Helen,Pineda,Female,joanngarner@example.net,968-394-2115,31-10-47,Museum education officer
1223,Ethan,Adkins,Male,chelseagriffith@example.org,001-089-099-5722x35467,11/9/2014,Health visitor
1224,Cynthia,Phelps,Male,huynhbrian@example.com,701.548.1129,16-03-36,Hospital pharmacist
1225,Allen,Ryan,Female,kirstenfrey@example.net,(973)111-2099,5/12/2039,Printmaker
1226,Bryce,Rosario,Female,barrettkarl@example.org,001-741-934-2812x133,1/5/1969,Waste management officer
1227,Kristen,Duke,Male,billy68@example.com,001-686-670-2101x58684,8/11/2018,Warehouse manager
1228,Tracie,French,Female,xpacheco@example.org,054-043-6836x4851,9/5/1980,"Teacher, English as a foreign language"
1229,Edward,Oneal,Male,knorton@example.com,228.998.2616x6624,3/9/2017,Database administrator
1230,Belinda,Odonnell,Female,ehopkins@example.org,(048)067-0955,11/10/1958,Personnel officer
1231,Christopher,Valdez,Male,vyork@example.net,714-396-1540,16-05-71,Academic librarian
1232,Patty,Mckinney,Female,isabella73@example.net,523-423-9705,13-06-86,Higher education careers adviser
1233,Stacy,Dudley,Male,darrell37@example.net,(298)223-0098,8/10/2024,Personnel officer
1234,Jeffrey,Riddle,Female,walterpierce@example.net,242.429.9834x35010,28-12-03,Pension scheme manager
1235,Spencer,Mack,Male,alan30@example.net,9336931703,26-04-74,"Engineer, maintenance (IT)"
1236,Stacie,Barrera,Female,adriana37@example.com,-10439,22-11-12,Meteorologist
1237,Victor,Oneill,Female,noahcooper@example.net,001-316-993-8851x98059,30-08-85,Biomedical scientist
1238,Jermaine,Combs,Male,evelynfrost@example.org,+1-509-499-8907x13736,29-05-20,English as a foreign language teacher
1239,Beth,Hull,Male,terrence88@example.com,837-675-8108,27-10-71,Patent attorney
1240,Savannah,Yu,Male,youngjeffery@example.org,115-294-7615x430,5/8/1990,Social researcher
1241,Tony,Baker,Female,nford@example.org,(256)026-8691,16-03-82,Investment analyst
1242,Roberto,Roman,Male,melvinlee@example.org,781.755.9303x75833,25-08-71,Clothing/textile technologist
1243,Mercedes,Cantrell,Female,lawsonsteven@example.org,185.001.7369x58101,16-07-10,Chartered legal executive (England and Wales)
1244,Levi,Charles,Female,kim60@example.com,995-373-1135x268,11/3/1969,Geoscientist
1245,Karen,Roth,Female,maynarddebbie@example.net,635.376.4271x1185,30-03-01,Broadcast engineer
1246,Angel,Davis,Male,jennifer82@example.net,635.742.3409,15-04-77,Clinical embryologist
1247,Alec,Ford,Female,xkaufman@example.com,341-144-9994x27773,23-04-82,Forest/woodland manager
1248,Donna,Koch,Female,elliottross@example.net,(449)713-7280x1561,17-02-13,Regulatory affairs officer
1249,Paula,Ramirez,Female,shawn71@example.com,668.305.6485x1117,26-06-23,Volunteer coordinator
1250,Judy,Cervantes,Male,robert62@example.org,942.213.8380x01050,30-04-59,Race relations officer
1251,Isaac,Long,Female,tom86@example.net,3817872448,4/2/2027,Database administrator
1252,Logan,Miller,Male,wadkins@example.net,+1-667-444-1337x9007,28-06-54,Commissioning editor
1253,Haley,Finley,Female,iluna@example.org,(874)070-3275,13-04-11,Regulatory affairs officer
1254,Derrick,Hanson,Female,mathewsteele@example.org,4630788901,2/3/1975,Data scientist
1255,Brooke,Moses,Female,penacameron@example.net,427.900.5986,13-03-12,Medical physicist
1256,Terry,Callahan,Male,bradley81@example.com,668.931.3432x4640,22-07-38,Building services engineer
1257,Spencer,Barr,Male,snyderdestiny@example.net,031-639-7333,17-11-03,Medical sales representative
1258,Lacey,Gibson,Female,hskinner@example.org,001-256-737-4200,27-05-61,"Education officer, museum"
1259,Alan,Freeman,Female,brad55@example.org,340-786-0479x7238,3/11/2019,Product manager
1260,Marcia,Castro,Male,nathanglass@example.com,+1-190-686-0955x62868,14-03-21,"Horticulturist, amenity"
1261,Rose,Thornton,Female,kimberly95@example.net,+1-381-191-7968x768,23-05-49,Furniture designer
1262,Briana,Kemp,Female,haasmadison@example.net,001-094-374-2585x450,1/10/2049,Mental health nurse
1263,Andres,Monroe,Male,pmaddox@example.net,460-988-3598x97378,22-07-29,Optometrist
1264,Renee,Dodson,Female,colliersteve@example.org,+1-587-593-8442x7883,6/7/2047,Environmental education officer
1265,Valerie,Kaufman,Female,ricky99@example.org,(986)481-7709,20-10-61,"Editor, commissioning"
1266,Rose,Castaneda,Female,stevensrachel@example.org,001-969-334-0326x71409,6/4/2007,Chief Operating Officer
1267,Jake,Dennis,Female,estessheena@example.org,723.683.2050,8/1/1998,IT technical support officer
1268,Alec,Melendez,Male,melissaadkins@example.org,001-327-125-9041x1678,12/4/2016,Marine scientist
1269,Sandra,Berg,Male,tklein@example.org,169-763-4885,1/5/2048,"Editor, commissioning"
1270,Bonnie,Delgado,Male,krubio@example.net,1931077940,8/3/2006,"Research officer, trade union"
1271,Cheyenne,Spencer,Female,teresaporter@example.net,9192245625,30-07-95,Occupational hygienist
1272,Juan,Simon,Female,kelly97@example.com,001-308-338-9433,12/4/1962,"Designer, television/film set"
1273,Micheal,Grimes,Female,qtyler@example.org,717.786.8000,5/8/2031,Haematologist
1274,Ernest,White,Male,vrichardson@example.net,707.937.1339,18-12-46,Barrister's clerk
1275,Gloria,Grant,Male,glen29@example.com,575.363.1417,9/7/1982,Ergonomist
1276,Stephanie,Cooke,Female,andres21@example.com,001-238-803-7688x69587,21-02-48,"Administrator, education"
1277,Sergio,Hicks,Female,ndillon@example.net,766.920.3274,12/11/2010,"Journalist, broadcasting"
1278,Gregg,Juarez,Male,kerrymosley@example.com,204-940-6593x7429,27-12-88,Chartered loss adjuster
1279,Cheryl,Ferguson,Female,codybullock@example.com,(474)574-3330x0460,8/9/2007,Rural practice surveyor
1280,Isaiah,Cochran,Female,carla20@example.net,+1-398-665-0303x1337,29-05-20,Cabin crew
1281,Ethan,Clarke,Male,suzanne13@example.org,001-860-175-1466,9/9/1977,"Engineer, maintenance"
1282,Xavier,Oneill,Male,murphydarryl@example.org,284-448-9206,8/4/2049,"Designer, multimedia"
1283,Joann,Norris,Male,carneybrittney@example.com,997-203-1464x8461,30-03-96,Politician's assistant
1284,Elaine,Koch,Male,peckperry@example.net,392-245-2983x018,20-01-21,"Research officer, trade union"
1285,Kenneth,Scott,Male,loretta86@example.net,615-618-2852,4/5/1970,Data scientist
1286,Misty,Jefferson,Male,johnathan58@example.com,635-560-2052,28-12-97,"Civil engineer, consulting"
1287,Larry,Rollins,Male,mosespaula@example.org,(240)531-0723x94286,15-03-29,Outdoor activities/education manager
1288,Dwayne,Burton,Male,armstrongjerome@example.org,213.504.4727x877,9/1/2045,Agricultural engineer
1289,Renee,Perry,Male,pattonpatty@example.net,+1-631-405-0443x58029,30-04-82,"Surveyor, quantity"
1290,Bonnie,Velez,Female,shawnawang@example.org,132.591.5716x9004,3/5/2014,Microbiologist
1291,Angie,Wallace,Male,alberthahn@example.net,+1-416-208-9098x05533,29-08-08,Personal assistant
1292,Mallory,Thomas,Male,jane56@example.com,450-939-3139x02940,23-09-67,Intelligence analyst
1293,David,Rubio,Female,maldonadoelizabeth@example.net,001-524-825-4349x0202,14-01-24,"Therapist, speech and language"
1294,Melvin,Burns,Male,sergiowatkins@example.net,+1-921-334-1511x314,9/7/2015,Hotel manager
1295,Stuart,Woodward,Male,jayjensen@example.org,2993847837,2/3/2043,Medical sales representative
1296,Tyrone,Burgess,Male,chris15@example.net,001-153-054-4194x86791,19-12-47,"Teacher, adult education"
1297,Billy,Jennings,Female,monicaguzman@example.com,(391)858-6112x02712,5/9/2000,Medical laboratory scientific officer
1298,John,Mcdowell,Male,stevenssheena@example.net,(760)734-4477x26532,14-11-06,Tourist information centre manager
1299,Cheryl,Wiley,Female,caseysmall@example.com,+1-906-271-5303x531,21-03-85,Armed forces logistics/support/administrative officer
1300,Derrick,Patterson,Male,jray@example.org,001-229-397-0542x0478,5/8/2005,Veterinary surgeon
1301,Joy,Hayes,Female,averyjeremiah@example.com,811.291.5900x28206,30-06-17,Land/geomatics surveyor
1302,Kellie,Lutz,Male,rachael99@example.com,530.072.0801x330,27-10-72,"Scientist, marine"
1303,Sherri,Richmond,Female,millspeggy@example.net,703.125.6660x6662,13-11-18,Public house manager
1304,Megan,Gonzales,Female,vmitchell@example.net,990-821-7363x38080,19-03-95,Jewellery designer
1305,Tamara,Durham,Female,mcgrathsue@example.net,001-531-439-7350x12277,6/2/2014,Sports coach
1306,Joann,Fowler,Female,nicolas33@example.com,001-623-203-0670x826,24-09-16,Advertising account planner
1307,Ricky,Campos,Female,courtney99@example.net,6999011733,2/9/2001,"Nurse, learning disability"
1308,Kaitlin,Long,Male,angie81@example.com,003.425.6041,19-07-80,Clinical research associate
1309,Sabrina,Baird,Male,mbutler@example.net,033-727-8169x179,17-07-73,Sport and exercise psychologist
1310,Melinda,Estrada,Female,edwinarellano@example.com,8810976757,28-01-78,"Chemist, analytical"
1311,Carly,Lindsey,Male,alidalton@example.com,-7613,10/10/1970,Occupational hygienist
1312,Juan,Carroll,Female,cruzbarry@example.net,(818)710-9733x5847,30-03-22,Animal nutritionist
1313,Raymond,Montes,Male,jenny10@example.org,-2166,3/10/1986,"Teacher, music"
1314,Mary,Bridges,Male,wandabonilla@example.org,-9847,19-05-64,"Librarian, academic"
1315,Barry,Hurley,Female,jessica20@example.org,361568733,4/10/2004,Chartered management accountant
1316,Brad,Ramirez,Male,sierrapatrick@example.com,001-409-875-8079x53465,3/12/1986,"Production assistant, radio"
1317,Marie,Foley,Male,brookereyes@example.com,001-819-892-5685x26464,24-10-89,Landscape architect
1318,Kathleen,Mack,Male,unoble@example.net,569-984-8653x0508,23-05-58,Farm manager
1319,Blake,Winters,Male,marcus69@example.net,(976)557-1492x087,22-02-16,"Programmer, multimedia"
1320,Riley,Mcmillan,Female,alan95@example.org,029.775.9419x47922,5/10/1974,Ambulance person
1321,Geoffrey,Velasquez,Male,awalter@example.com,+1-130-078-5671x87156,23-10-78,Archaeologist
1322,Russell,Smith,Male,christinabeard@example.net,(798)305-4174,8/11/2030,Race relations officer
1323,Scott,Gibbs,Female,villaconnie@example.net,(739)326-1050,2/5/1959,Bookseller
1324,Alicia,Lewis,Male,yreeves@example.net,1713316120,31-08-41,"Producer, television/film/video"
1325,Katelyn,Bishop,Male,fredblake@example.org,+1-931-207-8141x63727,2/2/1962,Cartographer
1326,Joshua,Bradshaw,Female,karimatthews@example.org,(155)815-8381x4939,15-05-25,Investment analyst
1327,Misty,Mitchell,Female,sweeneycatherine@example.com,+1-944-681-6656x72050,23-05-98,Contracting civil engineer
1328,Kaitlin,Zavala,Male,efinley@example.org,(301)589-5603x7383,19-05-21,Arts development officer
1329,Sydney,Reed,Male,kmercado@example.com,(510)539-4611,9/3/2015,"Surveyor, minerals"
1330,Jeremy,Anthony,Female,chase48@example.com,-2676,17-12-19,Broadcast engineer
1331,Jenna,Garrett,Male,neilharding@example.com,(384)983-7086x160,12/10/2029,Call centre manager
1332,Mitchell,Trevino,Male,brett69@example.com,6756674772,18-09-50,Water engineer
1333,Howard,Contreras,Male,penadwayne@example.com,001-944-521-1346x3031,14-06-05,Structural engineer
1334,Gabrielle,Alvarado,Female,careyyvette@example.org,+1-188-397-3922x5901,17-11-92,Multimedia programmer
1335,Roger,Preston,Male,zfinley@example.net,624-904-7670x5432,14-08-02,Politician's assistant
1336,Tammy,Friedman,Female,laura84@example.com,478.928.6817x4004,28-11-96,Patent examiner
1337,Darren,Mckay,Female,monicaharper@example.org,869-904-6688,30-06-85,Counsellor
1338,Loretta,Tapia,Female,rebeccachung@example.org,(632)168-3817x734,12/11/2038,Podiatrist
1339,Gordon,Elliott,Male,travis88@example.com,(000)186-7162x5926,25-10-83,"Engineer, mining"
1340,Wanda,Mccarty,Female,wbean@example.com,571.285.8666,7/5/1981,"Designer, blown glass/stained glass"
1341,Daniel,May,Male,ravenmassey@example.org,(366)831-0007,21-10-06,Data scientist
1342,Sierra,Douglas,Male,stuart29@example.com,904-982-1008,25-05-40,Veterinary surgeon
1343,Judy,Buck,Female,brentbruce@example.net,(748)758-0497x89765,5/7/1974,"Runner, broadcasting/film/video"
1344,Rickey,Huang,Male,bfranco@example.com,001-059-316-9999x160,15-01-06,Geochemist
1345,Terri,Mays,Female,fieldsdouglas@example.net,648.465.5924,21-06-08,Commercial/residential surveyor
1346,Janice,Bradshaw,Male,devonmcmillan@example.com,339-202-6151,11/5/1987,"Engineer, manufacturing"
1347,Joann,Figueroa,Male,fsimmons@example.com,(632)315-4835x4985,13-05-53,Site engineer
1348,Dana,Rubio,Male,dan15@example.com,2327732457,5/3/2010,Corporate investment banker
1349,Marie,Cooper,Female,ajohnson@example.org,211.095.5734,26-06-37,Bonds trader
1350,Michele,Terrell,Male,paulamartinez@example.net,217.076.5246,28-05-94,"Surveyor, quantity"
1351,Gavin,Lloyd,Male,mccanndean@example.com,416-187-0862,30-07-42,Furniture designer
1352,Tom,Coleman,Female,stephanie01@example.net,493.682.1332x81078,3/5/2030,Proofreader
1353,Jill,Leonard,Male,tommy45@example.com,-9444,7/6/2014,Landscape architect
1354,Cole,Cunningham,Female,harold90@example.net,(204)790-1711,16-09-21,Video editor
1355,Thomas,Gilmore,Female,seanfaulkner@example.org,(182)425-3178x41714,19-02-19,Chief Technology Officer
1356,Thomas,Melendez,Female,laurie91@example.net,601-299-7310,21-05-85,"Doctor, general practice"
1357,Whitney,Lara,Male,mikayla59@example.net,+1-094-934-0520x9146,15-02-70,Multimedia programmer
1358,Becky,Wilson,Female,wolfemarisa@example.net,(208)130-3605x0305,6/7/2006,"Surveyor, building control"
1359,Traci,Drake,Female,ggiles@example.org,963.079.9524x349,27-05-31,Furniture designer
1360,Karl,Moyer,Male,choibarbara@example.org,(733)006-0272x24250,4/5/2005,Financial trader
1361,Antonio,Valencia,Female,pattymoon@example.org,113.388.9961x23202,3/1/2019,"Biochemist, clinical"
1362,Jo,Cabrera,Female,tmcmahon@example.com,565.666.2412,3/12/2003,Conference centre manager
1363,Tammy,Cochran,Female,madelinemcintosh@example.com,(180)649-1816,2/1/2009,Tourist information centre manager
1364,Mckenzie,Buck,Female,tiffany47@example.com,1520069290,9/10/2011,Public relations account executive
1365,Sabrina,Suarez,Male,qdelgado@example.org,694.631.2483x42993,29-09-14,Public affairs consultant
1366,Autumn,Schneider,Female,meghan12@example.com,670980494,17-09-58,Transport planner
1367,Kendra,Chambers,Female,jorgefleming@example.net,876.746.0277x29165,15-12-78,"Engineer, drilling"
1368,Kaitlin,Stout,Female,alawson@example.net,6268077650,29-05-67,Adult nurse
1369,Rachael,Schneider,Male,kerry37@example.com,001-977-118-2429x2368,22-09-96,"Engineer, biomedical"
1370,Mackenzie,Hart,Male,coloncassandra@example.com,915-540-2411x20312,28-06-23,"Scientist, water quality"
1371,Don,Neal,Male,hbyrd@example.org,8955282598,22-08-86,Petroleum engineer
1372,Timothy,Walker,Male,tabitha07@example.org,001-247-274-3689x46113,12/8/2014,Make
1373,Maureen,Kaiser,Female,caroline95@example.net,080.674.8039x401,19-10-08,"Engineer, technical sales"
1374,Scott,Craig,Female,reginaldreyes@example.org,2705034629,13-02-75,Social worker
1375,Tony,Ferrell,Female,ferrellrandall@example.com,(249)493-8981x14153,26-12-03,Rural practice surveyor
1376,Sharon,Evans,Female,tamara54@example.net,220.870.4182x4682,7/11/1959,Garment/textile technologist
1377,Emily,Ferrell,Female,lucas18@example.org,-3829,24-04-10,"Designer, television/film set"
1378,Tina,Walls,Male,rebeccarandolph@example.net,667.100.5520x535,5/11/2047,Health physicist
1379,Samuel,Lyons,Female,bruceclay@example.com,175-783-6814x71381,14-09-40,IT technical support officer
1380,Jerome,Levy,Female,ymann@example.net,(189)772-0557x20307,10/11/1961,Amenity horticulturist
1381,Jose,Saunders,Male,kaitlynvelez@example.org,001-907-345-0305,21-06-41,"Civil engineer, consulting"
1382,Joe,Madden,Female,sue94@example.org,5561504230,28-03-98,"Accountant, chartered management"
1383,Joy,Valencia,Female,zimmermanjackie@example.com,368-170-6450x6518,11/1/1958,Data processing manager
1384,Earl,Walsh,Female,warren65@example.org,569-248-4382x3154,29-10-46,Armed forces training and education officer
1385,Antonio,Yates,Female,shermanfranklin@example.net,656-957-4451x6577,16-02-13,Passenger transport manager
1386,Shannon,Combs,Female,elizabethdaugherty@example.net,(582)229-2412x231,2/5/1965,Firefighter
1387,Betty,Lambert,Female,ktate@example.org,782-831-7669x583,18-10-46,Structural engineer
1388,Erik,Boone,Male,debbie77@example.net,(738)255-6392,10/3/2028,Engineering geologist
1389,Corey,Rich,Female,qrichmond@example.net,001-981-367-4079x06120,11/5/2033,"Geneticist, molecular"
1390,Mariah,Leach,Female,penawayne@example.org,001-070-380-4039x3262,22-01-22,Data processing manager
1391,Dan,Gilmore,Male,jonathan99@example.net,9999182708,14-07-62,"Librarian, public"
1392,Samantha,Lane,Male,tgould@example.org,218.132.0663,31-03-50,Advertising account planner
1393,Debbie,Walls,Female,howard88@example.com,(696)079-3189,30-07-11,Television floor manager
1394,Alexandria,Chavez,Female,darcher@example.org,749.920.1517x074,28-03-69,Learning disability nurse
1395,Darrell,Barker,Male,dixonrose@example.net,759-338-7062,16-09-07,"Engineer, broadcasting (operations)"
1396,Colin,Levine,Female,tamiwu@example.com,001-057-849-4822x519,27-11-03,"Clinical scientist, histocompatibility and immunogenetics"
1397,Brianna,Barnes,Female,hernandezjeanette@example.net,(256)879-3980,6/7/1991,Automotive engineer
1398,Ernest,Gallegos,Female,pbanks@example.org,145.002.6988x55999,11/10/2014,Dietitian
1399,Mario,Moses,Male,carmen39@example.org,2383840231,19-12-62,Scientific laboratory technician
1400,Edward,Mcdowell,Female,morganmariah@example.net,-6559,6/7/1989,Oncologist
1401,Whitney,Mahoney,Male,zcantu@example.com,(145)157-2465,21-04-49,"Nurse, adult"
1402,Pam,Cobb,Female,sheena78@example.org,(668)478-1987,11/7/2022,Science writer
1403,Jo,Zavala,Female,frenchkirsten@example.net,776.168.2130,12/5/1998,Counsellor
1404,Helen,Bryant,Female,wallolivia@example.com,+1-201-450-3778x917,11/7/2049,"Journalist, magazine"
1405,Larry,Livingston,Male,eugeneriddle@example.org,+1-021-784-2823x739,3/6/2017,Water quality scientist
1406,Lucas,Gomez,Female,ecampbell@example.net,-3660,21-07-06,Training and development officer
1407,Alejandra,Spencer,Female,sophia43@example.com,001-261-567-3968x3009,1/4/1953,Archaeologist
1408,Penny,Thornton,Male,njefferson@example.org,(653)106-4911,18-02-69,Product/process development scientist
1409,Robert,Summers,Female,jodi22@example.net,+1-151-954-5682x3368,10/11/2034,Early years teacher
1410,Javier,Mercer,Female,sbenson@example.net,(675)678-0205x12842,11/4/2049,Dentist
1411,Wesley,Holden,Female,maciasjeremiah@example.net,413-043-6209,21-01-15,Paramedic
1412,Jasmin,Newman,Male,bobby40@example.net,+1-849-340-3409x798,26-03-24,Risk analyst
1413,Rebecca,Tran,Female,ryan44@example.net,736-817-9840,12/11/2021,Acupuncturist
1414,Melanie,Schaefer,Female,joycoleman@example.net,(272)574-1004,16-10-96,"Surveyor, minerals"
1415,Kenneth,Mcconnell,Female,mcguirechloe@example.net,922.287.9120,29-04-08,"Engineer, mining"
1416,Vicki,Parsons,Male,vmay@example.com,(379)249-9837,31-07-10,Surgeon
1417,Marc,Cunningham,Female,llittle@example.com,(140)499-5779,28-05-60,Market researcher
1418,Mandy,Moses,Male,tamaramckinney@example.org,924-720-3250x90502,3/12/2011,"Therapist, music"
1419,Kaitlin,Kim,Female,tiffany59@example.net,(194)281-8167x4053,14-12-61,Technical sales engineer
1420,Carla,Reynolds,Male,dhuerta@example.com,868.703.1890,27-01-16,Writer
1421,Danny,Bridges,Female,olsonlarry@example.com,349-786-0469,22-02-01,Banker
1422,Jaclyn,Sullivan,Female,gweiss@example.com,224-403-2487,15-09-55,Therapeutic radiographer
1423,Cesar,Newton,Male,sfleming@example.net,(705)178-5498x3067,1/2/2002,Secretary/administrator
1424,Makayla,Eaton,Male,charlenehayden@example.com,9500693383,5/2/2013,Commercial/residential surveyor
1425,Beth,Butler,Male,waguilar@example.org,089.239.8599x3483,9/4/2018,"Education officer, environmental"
1426,Isaac,Arnold,Female,ppitts@example.com,134-446-0074x9809,9/7/2006,Electronics engineer
1427,Anthony,Salas,Male,evelyn65@example.com,(599)105-4761x352,25-02-94,"Designer, exhibition/display"
1428,Rebekah,Thompson,Female,gabrielwright@example.org,001-186-315-1555,28-12-84,Manufacturing systems engineer
1429,Angela,Chaney,Male,macdonaldstephanie@example.net,886-249-7363x230,24-09-63,Chartered management accountant
1430,Jasmine,Deleon,Male,nataliebolton@example.org,001-452-922-8278x8273,19-01-18,Architectural technologist
1431,Monica,Stephenson,Female,schaeferkelli@example.org,794-389-9491,24-03-40,International aid/development worker
1432,Darlene,Schneider,Male,fowleralicia@example.net,591.366.3496x8926,11/3/2027,Purchasing manager
1433,Barbara,Harper,Male,bernard72@example.com,001-971-914-8451x7040,2/2/1999,Make
1434,Sara,Gardner,Female,shelbypaul@example.org,531.392.4550x457,11/9/2008,"Clinical scientist, histocompatibility and immunogenetics"
1435,Margaret,Franco,Male,markmcconnell@example.net,370-975-8440x5088,26-09-93,Therapeutic radiographer
1436,Jason,Ware,Male,candiceorozco@example.org,(189)480-2373,19-10-11,"Conservation officer, nature"
1437,Calvin,Turner,Male,vaughansamuel@example.org,001-165-561-5601x604,11/9/1985,Theatre stage manager
1438,Terrence,Ball,Male,wmedina@example.com,+1-463-591-1047x44077,23-04-34,Camera operator
1439,Ana,Bradshaw,Female,djarvis@example.net,+1-362-396-4201x4730,10/5/2027,Emergency planning/management officer
1440,Jose,Bell,Male,davisjulie@example.com,001-097-756-3552,17-03-63,"Education officer, community"
1441,Kathleen,Wood,Female,dstokes@example.net,142.863.8351,7/6/2032,Fitness centre manager
1442,Randall,Hayden,Female,desireepatton@example.com,(693)776-8253x7141,21-10-09,Conference centre manager
1443,Gina,Myers,Male,mccalltravis@example.net,+1-717-319-7549x193,31-01-06,Event organiser
1444,Mitchell,Gill,Female,hayden63@example.org,478-467-0131x76892,26-08-69,Biomedical scientist
1445,Katherine,Osborn,Female,noblebrittany@example.org,(624)300-4943,30-10-36,Forest/woodland manager
1446,Shari,Maynard,Male,wbonilla@example.com,7667998918,19-09-94,"Psychotherapist, dance movement"
1447,Tanya,Beltran,Male,kurtlucero@example.org,387-861-8196x0891,1/4/1981,Medical technical officer
1448,Darryl,Herring,Female,brewerclaudia@example.com,065-102-3656x40189,6/12/1965,Writer
1449,Charlotte,Erickson,Female,carl83@example.net,676.444.9642x9784,17-04-83,"Administrator, Civil Service"
1450,Kaitlyn,Rice,Female,gbradford@example.com,(492)481-3391x014,6/12/2012,Water engineer
1451,Claudia,Lynn,Female,rhammond@example.org,(595)079-5705x212,22-10-64,Broadcast journalist
1452,Danielle,Craig,Female,erik97@example.org,4305845426,3/1/2032,Counsellor
1453,Jean,Elliott,Female,mia85@example.net,+1-644-437-8191x75907,13-11-55,"Designer, ceramics/pottery"
1454,Samantha,Perez,Male,melissameadows@example.org,046-470-8173,11/12/2033,Landscape architect
1455,Charlotte,Moon,Male,marvin17@example.org,3246564013,18-11-19,Advertising account executive
1456,Tommy,Morrow,Male,gmontgomery@example.org,(434)153-5533,3/11/2012,"Journalist, broadcasting"
1457,Martha,Wells,Female,conleylinda@example.org,001-614-931-3171,17-04-07,Chartered management accountant
1458,Zoe,Rogers,Female,noblemark@example.com,-3495,24-12-30,"Merchandiser, retail"
1459,Antonio,Fitzgerald,Male,meganbrown@example.net,-2534,12/1/1953,Professor Emeritus
1460,Clinton,Evans,Female,suzanne34@example.net,9550864557,18-12-76,"Surveyor, hydrographic"
1461,Brooke,Porter,Female,zrice@example.com,899-191-7562x175,21-10-17,"Accountant, chartered"
1462,Brenda,Larsen,Male,ashley65@example.net,001-387-536-7193x816,29-08-39,Investment analyst
1463,Misty,Rogers,Male,wmcmillan@example.org,(811)215-6484,19-09-31,"Surveyor, hydrographic"
1464,Stephanie,Bartlett,Female,gonzalezmichaela@example.org,8176784865,2/5/2017,Health and safety adviser
1465,Michaela,Simmons,Female,beckerarthur@example.com,(290)894-7240,2/4/1959,Biomedical engineer
1466,Mathew,Schmidt,Female,malikhess@example.org,001-522-403-7164x70428,5/11/2018,Education administrator
1467,Riley,Hensley,Female,willie35@example.net,955-993-9282x6374,7/6/2010,Translator
1468,Janice,Simpson,Male,arielsimpson@example.org,001-866-757-5170,25-01-58,Immigration officer
1469,Christian,Giles,Female,brenda85@example.org,5153340618,18-07-38,"Conservator, museum/gallery"
1470,Raymond,Mayo,Female,gwendolynklein@example.net,1559274375,20-08-30,Tax adviser
1471,Roger,Copeland,Female,richard11@example.com,150-921-8481x06356,25-03-50,"Physicist, medical"
1472,Alyssa,Mccoy,Male,zayala@example.net,001-553-213-7590,18-11-49,"Administrator, charities/voluntary organisations"
1473,Tammy,George,Female,klevine@example.org,634-779-0028,18-08-16,"Production assistant, radio"
1474,Beverly,Ochoa,Female,yolanda77@example.org,001-425-002-7098x89765,22-05-24,"Biochemist, clinical"
1475,Donna,Mcknight,Female,marygood@example.com,404-311-1011x85279,13-06-92,Neurosurgeon
1476,Casey,Charles,Female,cschmidt@example.org,-3470,23-03-18,Volunteer coordinator
1477,Leroy,Moody,Male,devonelliott@example.net,883.261.9354,2/3/2007,Technical brewer
1478,Vickie,Mercer,Female,zachary71@example.com,517-452-5711x80975,14-07-97,Editorial assistant
1479,Joe,Byrd,Female,kim21@example.com,462.084.1805x8571,29-07-81,Educational psychologist
1480,Kristin,Mcmahon,Female,cpace@example.com,(278)583-7808x064,11/5/1987,Electronics engineer
1481,Tonya,Hanson,Female,lpearson@example.net,931-794-1231x3418,9/11/1973,Multimedia specialist
1482,Sheena,Rojas,Female,ernestbeltran@example.org,+1-588-505-1979x19981,16-11-17,Broadcast journalist
1483,Glenn,Cortez,Female,cesar41@example.org,+1-066-725-8070x2334,2/10/1999,Garment/textile technologist
1484,Ana,Joseph,Male,vrichard@example.net,(544)166-6935x865,1/1/2023,Hospital pharmacist
1485,Kristina,Osborne,Female,yatesjoanna@example.com,(155)176-7062,30-01-66,Tourist information centre manager
1486,Jerome,Klein,Male,petersonnathaniel@example.org,915.061.4069x231,29-11-88,Purchasing manager
1487,Fernando,Alvarez,Male,tina52@example.org,(962)594-1945x58687,6/10/2036,Printmaker
1488,Jay,Arias,Male,tim97@example.com,972.362.1492,26-03-38,Town planner
1489,Lance,Gentry,Female,ggraham@example.net,+1-308-764-9859x758,16-01-26,"Editor, film/video"
1490,Stephen,Harmon,Female,davenportgregory@example.org,(835)965-5446x0682,22-06-30,Electrical engineer
1491,Kara,Holloway,Male,gmoon@example.net,579.983.8620x12122,26-05-32,Building surveyor
1492,Jo,Mcgrath,Male,ureynolds@example.net,001-764-431-1877x124,27-01-30,Housing manager/officer
1493,Frederick,Herrera,Female,pleach@example.net,+1-691-100-0557x036,22-08-94,"Copywriter, advertising"
1494,Kristie,Walters,Male,patrick63@example.net,593.600.8018,30-10-19,"Engineer, manufacturing"
1495,Chris,Watkins,Male,gabriellezhang@example.net,702-509-5562x57230,14-06-32,"Clinical scientist, histocompatibility and immunogenetics"
1496,Austin,Juarez,Female,shopkins@example.org,001-927-195-8591x0376,4/12/1973,Social worker
1497,Misty,Wong,Male,paula37@example.org,(391)959-1356x0303,26-12-03,"Librarian, academic"
1498,Shaun,Bowers,Male,anna45@example.com,5992412590,25-10-57,Materials engineer
1499,Valerie,Mccann,Female,danieljose@example.org,4723874888,17-05-30,Haematologist
1500,Mario,Ramsey,Female,caitlinpotts@example.net,814-128-9545x2274,19-06-47,Marketing executive
1501,Cassie,Drake,Male,marilyn22@example.org,640-947-6058,21-10-96,Intelligence analyst
1502,Kylie,Richard,Female,mpittman@example.net,(549)435-9366x187,25-11-93,"Librarian, public"
1503,Candice,Gamble,Female,mirandacarroll@example.net,256.454.0860,10/5/2008,"Buyer, retail"
1504,Tanya,Maxwell,Male,hurstgilbert@example.org,6500002400,3/7/1972,"Designer, industrial/product"
1505,Suzanne,Dudley,Male,ngould@example.com,944.560.9029x53830,29-11-18,Petroleum engineer
1506,Julie,Sullivan,Female,erika06@example.org,+1-767-303-3705x72234,12/4/1968,"Production assistant, television"
1507,Steve,Rush,Female,lwebster@example.org,827-393-3510x49472,16-06-96,Audiological scientist
1508,Darius,Lin,Female,knielsen@example.org,(281)009-7836,31-05-07,Chief Operating Officer
1509,Bethany,Valenzuela,Male,feliciaavila@example.org,354.636.6116,8/4/2018,Agricultural consultant
1510,Travis,Townsend,Female,rmcclure@example.com,419405910,26-12-19,Television camera operator
1511,Gabriel,Dickerson,Female,mariebond@example.com,463.200.5641x8103,20-10-75,Media buyer
1512,Roberto,Pittman,Female,timothy37@example.org,(824)721-8405,2/7/1967,Forensic psychologist
1513,Kiara,Avila,Female,campbellemma@example.net,847-991-0785x456,8/7/2027,Advertising account executive
1514,Drew,Wang,Male,costajanet@example.org,001-429-862-0296,26-01-07,Pension scheme manager
1515,Jay,Silva,Male,tbarron@example.org,(482)132-9324,1/5/2048,Chartered certified accountant
1516,Eric,Vang,Female,elliottrobin@example.org,856-566-8285,13-08-98,"Investment banker, operational"
1517,Perry,Glover,Female,omcfarland@example.com,7513682477,11/3/2012,"Scientist, biomedical"
1518,Logan,York,Male,xfarrell@example.net,001-410-706-4391x79984,25-11-53,"Administrator, arts"
1519,Mason,Dodson,Female,cgrimes@example.net,(039)493-8849,12/10/1961,Bookseller
1520,Christie,Cortez,Male,tiffanylane@example.com,810.439.8538x82352,23-11-97,Community arts worker
1521,Marissa,Andersen,Female,shawnaroman@example.org,2523216462,21-01-52,"Scientist, research (maths)"
1522,Keith,Pratt,Female,kaitlin05@example.org,+1-757-763-4332x8642,6/4/1962,Ambulance person
1523,Justin,Briggs,Female,hdougherty@example.net,(343)660-6695x144,19-02-59,Education administrator
1524,Jill,Murillo,Female,douglasrobinson@example.com,7647402183,31-05-91,Chartered accountant
1525,Jane,Burton,Female,pmaxwell@example.net,(353)814-2761x816,24-01-96,Nature conservation officer
1526,Jacob,Duffy,Male,sroth@example.net,535.997.0835x250,29-10-24,Amenity horticulturist
1527,Faith,Cain,Male,barnesroberta@example.net,580.746.1875,23-06-41,"Administrator, charities/voluntary organisations"
1528,Ryan,Merritt,Male,alicarrie@example.com,001-373-830-0254x9842,18-05-91,"Civil engineer, contracting"
1529,Cole,Rangel,Male,andersencarl@example.net,235-172-5443,9/7/2022,"Biochemist, clinical"
1530,Ronald,Richard,Female,cheyenne24@example.org,(562)186-9832,7/12/2039,Armed forces training and education officer
1531,Kristina,Sanders,Female,heatherwashington@example.net,(992)351-0925x0482,11/8/2023,Teaching laboratory technician
1532,Roberto,Ashley,Female,vcollins@example.org,+1-356-339-7368x28852,7/6/1975,Architectural technologist
1533,Stuart,Rush,Female,nmcgee@example.org,4074619245,16-12-80,Legal executive
1534,Wyatt,Harvey,Female,umerritt@example.org,+1-640-280-3740x7003,24-07-80,Advertising copywriter
1535,Bianca,Lawrence,Male,ginamoody@example.net,001-717-428-5302x753,15-02-19,Educational psychologist
1536,Heidi,Schwartz,Male,cristianbullock@example.org,(545)379-2112x45884,4/12/1957,General practice doctor
1537,Kristine,Huff,Male,nina57@example.net,093.836.6547x04011,9/2/1996,Insurance underwriter
1538,Jeff,Fields,Male,holly46@example.org,572.530.6330,7/5/2015,Financial planner
1539,Carl,Robinson,Male,bradleyjimenez@example.com,240.069.9988x3324,20-09-97,Maintenance engineer
1540,Robyn,Holder,Female,epatel@example.com,(390)233-2870x81209,17-09-23,Chartered accountant
1541,Gregory,Wilcox,Male,benjamin08@example.org,6299813742,21-05-07,Printmaker
1542,Gina,Everett,Female,dan64@example.com,+1-638-603-6264x256,20-05-01,Location manager
1543,Lauren,Maynard,Female,sarah39@example.net,-6015,16-06-91,"Sound technician, broadcasting/film/video"
1544,Rachael,Maxwell,Male,lmullins@example.net,077-292-4021x90986,1/10/1979,Mechanical engineer
1545,Sandy,Ward,Male,stricklanddarrell@example.net,+1-134-303-4470x35886,14-09-49,Special educational needs teacher
1546,Isabella,Patterson,Female,carrolivia@example.org,443-252-5151x31418,27-09-75,Comptroller
1547,Dana,Lucero,Male,enorman@example.org,332-507-9156,12/10/1963,"Production designer, theatre/television/film"
1548,Jacob,Jacobs,Female,aaron94@example.net,644.929.4717,4/7/2038,"Radiographer, diagnostic"
1549,Cory,Walls,Female,destiny52@example.net,001-803-995-5408x8949,31-01-19,"Engineer, chemical"
1550,Rose,Huber,Female,calhounjerry@example.net,353.674.9501,9/11/1971,Fast food restaurant manager
1551,Beth,Romero,Female,fguzman@example.org,+1-896-470-5454x35928,5/10/2024,"Secretary, company"
1552,Joy,Aguirre,Male,colemansean@example.org,927-400-4910x554,31-05-04,Nature conservation officer
1553,Levi,Morgan,Male,fsullivan@example.net,001-542-668-3928x5253,6/6/1988,"Scientist, product/process development"
1554,Toni,Chung,Male,blairdarlene@example.net,001-432-698-9972,16-05-11,"Administrator, charities/voluntary organisations"
1555,Linda,Yates,Male,suarezmindy@example.net,(671)619-4033,27-09-68,Magazine journalist
1556,Veronica,Mathis,Female,beckercesar@example.com,6487304374,1/1/2001,Fisheries officer
1557,Kendra,Dyer,Female,bowenjimmy@example.net,(122)919-4000x93348,18-04-60,Insurance underwriter
1558,Omar,Jenkins,Male,silvapatrick@example.org,129-942-3274x635,5/1/2014,"Scientist, physiological"
1559,Kurt,Young,Male,darlene38@example.org,231-558-7575x2958,10/3/1996,Horticultural consultant
1560,Mikayla,Stevenson,Female,cameron08@example.net,1100088534,11/2/2016,Education administrator
1561,Betty,Duffy,Female,bbishop@example.net,590.718.3163,9/9/1974,Site engineer
1562,Meredith,Sullivan,Male,sharijacobs@example.net,136-586-7022x385,22-09-13,Higher education careers adviser
1563,Theodore,Kemp,Female,sherryweeks@example.org,(409)334-9517x26466,20-02-90,Land
1564,Gail,Reese,Male,linparker@example.org,427.623.4437x550,16-11-10,Barista
1565,Tristan,Tucker,Male,trevor84@example.com,-6880,22-04-84,"Accountant, chartered management"
1566,Clarence,Hogan,Male,rothdenise@example.com,+1-831-403-7591x021,9/7/2015,"Conservator, furniture"
1567,Susan,Beltran,Male,anita56@example.com,2670685058,17-12-14,Educational psychologist
1568,Shaun,Hickman,Female,maryswanson@example.net,(425)397-9972x3739,25-06-91,Diagnostic radiographer
1569,Steven,Orozco,Male,skirk@example.net,731.763.6659x2318,19-07-67,Broadcast journalist
1570,Linda,Mccann,Female,tswanson@example.com,001-318-903-1750x3526,26-02-23,Emergency planning/management officer
1571,Tabitha,Bruce,Male,qheath@example.net,687.453.5150x125,5/5/1969,"Engineer, technical sales"
1572,Eddie,Morrow,Male,bbridges@example.org,4200761164,18-08-21,Land/geomatics surveyor
1573,Alvin,Bradford,Female,radkins@example.com,001-205-166-1147x34313,1/6/1979,"Designer, textile"
1574,Gene,Henderson,Female,sanfordann@example.com,+1-416-389-5128x742,24-04-80,Lawyer
1575,Angel,Marshall,Female,rhonda77@example.com,(180)508-7161x18127,8/10/2039,Dentist
1576,Carly,Riddle,Female,gary77@example.org,001-757-428-1144x380,27-05-20,"Therapist, nutritional"
1577,Isabel,Shaw,Female,christianromero@example.org,649.395.3887x426,3/8/1978,Hotel manager
1578,Mackenzie,Hodge,Female,autumn79@example.org,(914)237-2507x1392,13-11-89,Risk analyst
1579,Edgar,Johns,Male,derek41@example.net,001-322-056-1649x788,14-07-54,Outdoor activities/education manager
1580,Tyler,Cruz,Female,hatfieldisabella@example.com,495-562-7708x96175,21-08-32,Retail manager
1581,Jeremiah,Floyd,Male,rebecca88@example.org,(299)900-7801x7782,2/9/1989,Data scientist
1582,Colton,Reese,Male,frank89@example.net,(016)220-0058x7874,21-05-51,Clothing/textile technologist
1583,Joyce,Hebert,Male,robin39@example.org,9603145843,11/8/2008,Special educational needs teacher
1584,Dean,Lane,Female,katelynmckenzie@example.net,152-574-2837x863,5/1/1970,"Conservation officer, nature"
1585,Theresa,Zavala,Male,soniatravis@example.net,6826042261,7/5/2031,Secretary/administrator
1586,Daniel,Medina,Male,claudia88@example.com,500537793,18-01-11,"Scientist, forensic"
1587,Patty,Hatfield,Male,ashley88@example.com,658-304-3967x01704,9/12/1961,Senior tax professional/tax inspector
1588,Shelia,Reed,Female,vincentglover@example.com,001-053-321-6775x1828,20-06-91,"Education officer, community"
1589,Dawn,Bean,Female,tmontoya@example.com,001-511-245-8734x0490,14-04-39,Child psychotherapist
1590,Alex,Velazquez,Male,joygeorge@example.org,550-737-6352x879,29-12-08,Midwife
1591,Vickie,Fletcher,Male,cyoder@example.net,828.614.1344x676,21-07-97,"Surveyor, land/geomatics"
1592,Parker,Mclean,Female,dolson@example.org,+1-751-118-0378x90952,20-12-27,Sports therapist
1593,Collin,Gay,Female,jmckinney@example.org,001-328-512-1810,28-01-19,"Therapist, drama"
1594,Bianca,Briggs,Female,mauricebuckley@example.com,124-041-6656x227,7/7/1968,Computer games developer
1595,Angelica,Oconnell,Male,stefaniepacheco@example.org,219-928-3766x6662,1/10/2031,Television production assistant
1596,Tim,Sherman,Male,billy10@example.net,7664851455,27-06-13,Electrical engineer
1597,Yvonne,Farrell,Female,lauren66@example.org,-3977,18-02-28,Fisheries officer
1598,Kristopher,Malone,Male,rhondasilva@example.org,-7466,31-03-54,"Surveyor, rural practice"
1599,Lydia,Zuniga,Female,marisa00@example.org,(164)471-9508,19-09-12,"Engineer, drilling"
1600,Javier,Cain,Male,annpoole@example.org,945.060.9125x453,25-08-00,Art therapist
1601,Anthony,Owens,Male,nunezcathy@example.org,427.387.9679x904,24-05-77,"Surveyor, building control"
1602,Jermaine,Adams,Male,sparksdaisy@example.net,(369)789-3282,20-09-49,Field seismologist
1603,Karl,Lin,Female,sethchambers@example.net,178.126.0877x6727,8/9/2035,"Development worker, international aid"
1604,Brittney,Hanna,Male,sdyer@example.net,+1-397-758-4723x836,6/6/1990,"Therapist, sports"
1605,Caleb,Sanford,Male,greeneallison@example.net,001-450-862-6393x868,30-07-19,Scientific laboratory technician
1606,Karen,Acosta,Male,krystal39@example.net,413.951.4994x493,27-06-65,Advice worker
1607,Stephen,Kim,Female,cohensusan@example.net,822.377.1086x21276,12/5/1950,"Engineer, petroleum"
1608,Kaitlyn,Moran,Female,annwhite@example.net,5458753586,17-07-21,Civil Service fast streamer
1609,Isaac,Knight,Male,ydillon@example.com,977-424-5147x9857,17-11-17,Television production assistant
1610,Raven,Shah,Female,richardsophia@example.org,001-285-527-4771x3756,7/9/1954,Astronomer
1611,Michele,Harmon,Male,jade86@example.org,(907)162-2792x9727,30-08-44,Public relations account executive
1612,Thomas,Hoover,Female,joannewood@example.com,+1-245-851-6954x0969,24-11-37,Clinical embryologist
1613,Wanda,Marks,Female,lhobbs@example.net,2800692561,11/2/2009,Museum education officer
1614,Maxwell,Gilbert,Female,kyle29@example.net,(610)752-9958x485,31-07-84,"Engineer, petroleum"
1615,Alan,Hensley,Male,matthewmolina@example.net,937-456-7368,19-05-04,Clinical molecular geneticist
1616,Allen,George,Female,charleshodges@example.net,3316202467,9/3/1998,Seismic interpreter
1617,Willie,Faulkner,Female,bvaldez@example.org,001-584-950-6017x16225,18-03-07,Surgeon
1618,Travis,Watkins,Female,albert11@example.net,(894)782-4689x6341,11/1/2040,Public relations officer
1619,Kayla,West,Male,harringtonmariah@example.com,+1-187-744-5868x443,9/7/2013,"Embryologist, clinical"
1620,Kellie,Lindsey,Male,aaron15@example.net,7560935432,16-03-20,Chief Executive Officer
1621,Jacob,Crawford,Female,lcolon@example.com,181-422-7457x48506,26-02-48,Museum education officer
1622,Jade,Bernard,Male,krystalpennington@example.com,5376378811,25-02-84,"Physicist, medical"
1623,Leonard,Holloway,Male,zblair@example.net,+1-970-362-0302x32790,28-07-07,"Designer, furniture"
1624,Andrea,Carroll,Male,johnkoch@example.net,6862381627,27-04-10,Event organiser
1625,Tracie,Alvarez,Male,karlcalhoun@example.com,(429)872-8552x60557,3/12/2047,Cytogeneticist
1626,Lori,Gentry,Female,jorge29@example.org,001-409-866-8025,9/1/1999,Hydrologist
1627,Gordon,Moran,Male,shawerik@example.com,001-192-830-4748x23082,17-07-20,Communications engineer
1628,Hailey,Park,Male,brianna06@example.com,+1-204-386-9228x40880,5/8/1968,"Accountant, chartered management"
1629,Kristina,Webb,Female,sandersdustin@example.net,(151)153-6685x1403,24-10-12,General practice doctor
1630,Natasha,Higgins,Male,humphreykellie@example.com,142.589.8248x063,6/9/2018,"Designer, fashion/clothing"
1631,Bobby,Fry,Female,yeseniapetersen@example.com,+1-958-609-7814x14664,22-01-45,"Journalist, newspaper"
1632,Vanessa,Hubbard,Female,astout@example.net,+1-279-070-0878x763,19-10-79,"Therapist, horticultural"
1633,Carolyn,Middleton,Male,weisstimothy@example.org,936.112.7907x879,19-09-81,Mining engineer
1634,Caitlyn,Huang,Male,lhebert@example.com,+1-134-672-5217x151,11/4/2026,Tour manager
1635,Warren,Michael,Male,craigsharp@example.com,086-367-1790,31-07-95,Claims inspector/assessor
1636,Walter,Levine,Female,johnlopez@example.org,001-773-735-0306,13-05-60,Office manager
1637,Rebekah,Lawson,Male,jermaineglass@example.net,912.330.5109,25-02-20,Associate Professor
1638,Caroline,Becker,Female,hunter01@example.org,+1-069-291-1725x47796,27-07-68,Advertising account planner
1639,Elijah,Chambers,Female,zavalachristy@example.org,-9298,22-07-62,Clothing/textile technologist
1640,Eddie,Day,Female,terri98@example.net,001-681-489-2415,16-03-02,Barrister's clerk
1641,Wayne,Cunningham,Male,jleblanc@example.org,406.415.4649x060,28-09-76,Catering manager
1642,Jasmin,Stephenson,Male,orosario@example.com,+1-692-581-0964x7019,20-12-65,"Scientist, research (maths)"
1643,Tanya,Luna,Female,angiephelps@example.org,707-632-4056,31-07-95,Osteopath
1644,Ariel,Holden,Female,grant76@example.org,(741)374-6189x2284,2/11/2036,"Merchandiser, retail"
1645,Gregory,Price,Female,ygregory@example.org,892-912-9421,20-05-20,Forensic psychologist
1646,Steve,Coleman,Female,qdelacruz@example.net,001-771-668-2682x061,19-05-16,Insurance broker
1647,Mercedes,Pineda,Male,wjohnson@example.com,2577699068,8/5/2018,"Scientist, biomedical"
1648,Candace,Robertson,Female,maldonadomaureen@example.org,(519)610-7077x8653,11/10/2037,Analytical chemist
1649,Rachael,Graham,Male,nchavez@example.org,310-991-8789x82670,20-02-88,Multimedia programmer
1650,Erika,Donaldson,Female,oconner@example.com,1013490249,8/7/1969,Film/video editor
1651,Joshua,Barry,Female,wterrell@example.com,001-429-555-9772x730,10/12/1958,Bookseller
1652,Dominic,Cantrell,Male,kerrymaynard@example.com,766-499-0863x24306,18-09-64,"Surveyor, building control"
1653,Melvin,Ross,Female,pvilla@example.net,-1951,28-04-75,Systems analyst
1654,Stefanie,Benjamin,Female,earlproctor@example.org,001-407-686-2159x078,4/6/2003,"Civil engineer, contracting"
1655,Joanne,Blair,Male,carl76@example.net,254-963-7291x999,16-05-37,Architect
1656,Miranda,Landry,Female,lbooth@example.org,782-006-9031x59258,27-11-13,Midwife
1657,Levi,Sharp,Male,pbuckley@example.org,7880671751,13-12-56,Soil scientist
1658,Alex,Richard,Female,daryl39@example.com,(178)174-0160,29-01-32,"Lecturer, higher education"
1659,Devon,Combs,Male,mindyallen@example.net,6199323341,31-10-21,Lobbyist
1660,Billy,Holmes,Male,fullerkeith@example.net,6047478602,23-04-36,Regulatory affairs officer
1661,Vincent,Howard,Male,francofranklin@example.com,(776)328-7569x568,19-02-19,Manufacturing systems engineer
1662,Richard,Rasmussen,Female,stacieproctor@example.net,8179171794,20-01-92,"Therapist, horticultural"
1663,Kara,Cowan,Male,marissa07@example.net,001-533-180-6007,22-07-42,"Scientist, biomedical"
1664,Isaiah,Harper,Female,xkelley@example.com,(722)317-9912,8/6/1982,Drilling engineer
1665,Claire,Gutierrez,Female,hendersontyler@example.com,001-390-679-9367,26-06-59,Petroleum engineer
1666,Linda,Bowman,Female,rcarey@example.com,(231)567-3563x3606,13-02-57,"Engineer, manufacturing"
1667,Fernando,Mcclain,Female,bradymartin@example.org,(802)544-3657,17-07-11,"Buyer, retail"
1668,Catherine,Collier,Female,paulameadows@example.org,637.185.0881x9710,5/6/2043,"Engineer, electrical"
1669,Briana,Holland,Female,adamspriscilla@example.com,289.967.9909,5/12/2014,"Radiographer, diagnostic"
1670,Becky,Wong,Female,jasonwebster@example.net,492-580-4598x8980,23-10-63,Chief of Staff
1671,Greg,George,Male,jorge44@example.com,+1-178-961-9763x8843,27-07-12,Midwife
1672,Joyce,Erickson,Female,alialexandria@example.net,212.425.6261,27-04-60,Press sub
1673,Mason,Heath,Male,xsandoval@example.org,297-846-9326,20-01-28,Trade mark attorney
1674,Wyatt,Rogers,Female,maureengay@example.org,001-722-289-0871x8235,14-05-37,Dentist
1675,Destiny,Harvey,Female,uchen@example.org,(724)537-5776x02609,27-04-03,Photographer
1676,Reginald,Ball,Male,haileyaguilar@example.net,220-623-3455x846,25-01-87,Trading standards officer
1677,Cassie,Ewing,Male,jonathon95@example.net,-7372,4/9/2007,Tax inspector
1678,Bernard,Small,Female,iwiggins@example.net,+1-326-930-6680x3658,3/10/1990,"Education officer, museum"
1679,Wesley,Rowland,Male,lfernandez@example.net,299.666.7911,13-05-08,Agricultural engineer
1680,Priscilla,Murphy,Female,williamsonantonio@example.net,(639)879-0218x6493,30-10-82,Broadcast engineer
1681,Martha,Duncan,Male,ggaines@example.net,305.566.0118,10/7/2034,Midwife
1682,Mackenzie,Fitzpatrick,Female,lorettamyers@example.org,001-672-232-3494x73421,29-11-16,Health physicist
1683,Brandon,Elliott,Female,savagerebecca@example.net,001-309-903-9882x920,12/7/2033,Actuary
1684,Jason,Fowler,Male,omcmahon@example.com,001-889-389-9858x2177,22-02-62,Quality manager
1685,Helen,Friedman,Male,genepena@example.net,7528821720,8/8/2035,"Sales professional, IT"
1686,Patrick,Kane,Male,robertohess@example.org,(577)295-7453x406,14-04-23,Senior tax professional/tax inspector
1687,Karl,Nunez,Female,dhorne@example.org,736.320.4527x68936,17-08-87,Building surveyor
1688,Natalie,Harrell,Male,ramirezkendra@example.org,+1-907-590-9315x50214,22-03-32,Academic librarian
1689,Devin,Cook,Female,madeline62@example.com,(183)510-8230x663,13-07-79,Commercial/residential surveyor
1690,Angelica,Hutchinson,Male,dwayne85@example.org,(680)228-7105,3/9/1960,"Teacher, English as a foreign language"
1691,Michelle,Quinn,Male,dicksonbarbara@example.net,6948361355,8/1/1970,"Engineer, electrical"
1692,Paige,Pruitt,Male,lindseykennedy@example.net,-5867,8/1/1985,"Surveyor, quantity"
1693,Karl,Brooks,Male,atkinsdawn@example.net,+1-706-873-8548x678,17-11-88,Set designer
1694,Andres,Gardner,Male,graveschelsey@example.net,379-928-0589,29-06-65,Scientific laboratory technician
1695,Seth,Hutchinson,Male,gailfuentes@example.net,(773)895-7309,20-08-65,Risk manager
1696,John,Valencia,Male,neil75@example.org,027.446.8157,4/12/2026,Probation officer
1697,Katie,Olson,Male,christinaibarra@example.org,+1-279-816-8988x356,13-02-03,"Psychologist, educational"
1698,Melissa,Osborne,Female,lydiahansen@example.org,+1-082-588-1412x5293,16-02-15,"Designer, television/film set"
1699,Crystal,Duncan,Female,averyjavier@example.org,(470)994-5191,4/4/1984,Energy engineer
1700,Norman,Dunlap,Male,dsweeney@example.net,844-086-1507x714,3/9/1998,Microbiologist
1701,Evan,Ball,Male,mariahthomas@example.net,359-648-0906,18-01-40,Sports development officer
1702,Molly,Becker,Male,javier98@example.com,947-479-8241,5/12/2030,Legal executive
1703,Charlotte,Howard,Male,hansonshannon@example.com,+1-762-707-2799x520,19-04-95,Hydrogeologist
1704,Howard,Foley,Male,chris85@example.com,417.601.6513x25654,16-08-00,Communications engineer
1705,Adriana,Villarreal,Female,chelseymoses@example.org,+1-530-836-8944x255,6/12/1975,Theatre manager
1706,Lance,Alvarado,Male,amy27@example.com,753.366.4208,25-05-22,"Civil engineer, contracting"
1707,Dan,Rangel,Female,chavezelizabeth@example.com,-9882,28-05-22,"Engineer, materials"
1708,Marcia,Frey,Male,randywatts@example.com,342-392-5715x16764,14-09-45,Chief Operating Officer
1709,Alexandra,Stephens,Male,xlevine@example.org,+1-614-320-3010x4997,26-11-02,Forest/woodland manager
1710,Austin,Strong,Female,gpham@example.org,550-827-0467x61524,19-04-44,Quantity surveyor
1711,Morgan,Keith,Female,wudonna@example.net,5985378745,25-10-45,Music tutor
1712,Sylvia,Stokes,Male,drewcooley@example.org,712.005.9565x336,30-10-11,"Teacher, early years/pre"
1713,Mike,Sexton,Male,achandler@example.org,761-563-0547x4029,10/6/2014,Herpetologist
1714,Lindsey,Compton,Male,phudson@example.org,817.856.7296x481,6/5/1962,Dietitian
1715,Devin,Cochran,Female,rparker@example.net,356-090-1266,9/5/1974,Communications engineer
1716,Herbert,Cummings,Male,ronniemanning@example.org,158.108.2486,18-11-74,Sales executive
1717,Stacey,Zavala,Male,huntercody@example.net,867.275.6789,17-07-67,"Administrator, local government"
1718,Alejandra,Page,Male,knappchristie@example.com,(364)438-4636x92243,23-09-76,"Librarian, public"
1719,Austin,Schroeder,Female,paige00@example.net,001-372-397-0720x005,17-04-33,"Nurse, adult"
1720,Gabriel,Knight,Male,madeline80@example.net,(905)538-8064,19-04-50,Heritage manager
1721,Brady,Boyd,Female,monica22@example.net,001-683-600-5262x6926,24-09-19,"Designer, television/film set"
1722,Jaime,Reynolds,Female,heatherstafford@example.org,053.841.0246,28-12-16,Clinical molecular geneticist
1723,Jacob,Newton,Male,connor25@example.net,(370)706-1845x14149,8/6/2007,"Designer, industrial/product"
1724,Devon,Keller,Male,rbean@example.com,280-569-6051,29-04-39,Sports development officer
1725,Phillip,Riddle,Male,ricardo93@example.com,313-988-6284,31-05-31,Chartered public finance accountant
1726,David,Acevedo,Female,autumn34@example.org,163-217-8915,14-02-50,Barrister
1727,Gabriela,Villarreal,Female,damon28@example.com,(272)457-4536x1404,29-04-22,Wellsite geologist
1728,Jody,Curry,Male,aguilarkathryn@example.com,777.262.5280x31997,7/7/1970,Outdoor activities/education manager
1729,Guy,Watts,Female,kristopherchase@example.org,001-680-530-3677x38481,13-02-00,Osteopath
1730,Cathy,Alvarado,Female,petersheather@example.com,919-352-0323x8020,10/5/1960,Armed forces training and education officer
1731,Shelley,Walker,Female,carly78@example.com,396-899-7271,4/10/1988,"Production designer, theatre/television/film"
1732,Martin,Hale,Female,svilla@example.net,8939735652,21-11-68,Records manager
1733,Kathryn,Huber,Female,fspencer@example.org,(100)011-0398x37566,15-02-64,"Teacher, adult education"
1734,Gabrielle,Doyle,Female,nmiles@example.org,464-380-8845x6411,28-06-20,"Horticulturist, commercial"
1735,Vernon,Moss,Male,jimmy24@example.org,761.653.9535x416,1/5/2020,Chemical engineer
1736,Patricia,Villanueva,Male,sheila30@example.org,-7214,30-08-03,Adult guidance worker
1737,Colin,Hoover,Female,alexa32@example.com,001-983-523-7742x98369,26-08-75,"Engineer, agricultural"
1738,Harold,Ray,Female,cochranerin@example.org,359.253.5523x676,8/8/2021,Chiropractor
1739,Sheri,Wheeler,Female,urios@example.net,001-578-742-2146,14-11-74,Television camera operator
1740,Lee,Stevenson,Female,terrancemassey@example.com,-3251,1/8/2001,Interior and spatial designer
1741,Annette,Mccarthy,Male,johnsongeorge@example.net,(523)248-7203x06968,14-03-81,"Engineer, production"
1742,Marco,Marquez,Male,angel60@example.org,920.738.1911,15-09-66,Associate Professor
1743,Austin,Jennings,Male,melaniebullock@example.net,001-310-684-8215x03545,26-11-96,Claims inspector/assessor
1744,Kari,Logan,Male,erinarias@example.net,001-787-498-1120x4971,17-03-92,"Production assistant, radio"
1745,Belinda,Sherman,Male,cesarblanchard@example.org,438.250.5195x7212,8/9/2043,Publishing rights manager
1746,Marc,Cooper,Female,tferguson@example.net,974.144.2986x1622,7/9/1966,Fashion designer
1747,Christine,Oneill,Male,tylerbriggs@example.org,450-814-2395x159,16-11-00,"Engineer, civil (contracting)"
1748,Suzanne,Webb,Male,hurleyjoy@example.net,347-698-3844x111,17-11-91,"Engineer, drilling"
1749,Isaac,Hudson,Female,dhoover@example.net,(074)184-9227x035,14-12-81,"Scientist, audiological"
1750,Abigail,Sparks,Male,jason24@example.com,001-685-530-1730x78305,28-07-33,Passenger transport manager
1751,Dana,Morton,Female,ruth68@example.org,001-816-783-0540x1866,14-06-99,"Research officer, government"
1752,Brandy,Ritter,Female,katie19@example.net,(326)296-6388x29369,31-12-29,"Conservator, furniture"
1753,Suzanne,Brady,Male,whenry@example.com,(387)949-0079x954,15-06-86,"Buyer, retail"
1754,Latoya,Goodwin,Female,kelleyadrienne@example.com,449.691.0537,21-08-50,"Teacher, English as a foreign language"
1755,Tina,Faulkner,Male,warrenapril@example.org,579.946.0953x704,27-10-87,Forest/woodland manager
1756,April,Levine,Female,colonsummer@example.com,(632)129-4750x11970,22-02-81,"Biochemist, clinical"
1757,Tracy,Cole,Female,hannah64@example.com,583-886-6085x3535,20-12-11,Ergonomist
1758,Annette,Randolph,Female,francocasey@example.net,(205)932-1102x14497,12/6/1995,"Research officer, trade union"
1759,Phyllis,Pena,Male,audreypham@example.org,+1-746-213-2891x0010,6/8/2030,"Engineer, electronics"
1760,Alvin,Conrad,Male,victorfarmer@example.com,110.278.5980x685,22-01-74,Community education officer
1761,Christopher,Crosby,Female,andres46@example.org,027.221.3843x34792,11/9/2045,"Therapist, music"
1762,Alison,Buckley,Female,sheena15@example.net,(108)297-2333,1/5/1999,Freight forwarder
1763,Jasmine,Christensen,Female,jordanacosta@example.org,+1-460-966-2517x655,4/10/1973,"Development worker, community"
1764,Tom,Hess,Male,eodonnell@example.com,918-077-5704,23-12-55,Rural practice surveyor
1765,Anna,Quinn,Male,mccanngabriela@example.org,585-396-7182x5514,22-11-21,"Nurse, mental health"
1766,Claudia,Kirby,Male,burkecarmen@example.net,+1-690-455-0502x7076,10/11/1950,Visual merchandiser
1767,Richard,Richard,Male,alvaradomackenzie@example.org,8983555756,2/11/1967,"Administrator, charities/voluntary organisations"
1768,Barbara,Hurley,Male,gracehood@example.net,362-015-0533,15-11-36,"Nurse, children's"
1769,Rachael,Joseph,Female,huntandres@example.net,001-311-716-1297,22-04-02,Dietitian
1770,Robyn,Pearson,Male,bowersjordan@example.com,723-145-2457,28-04-43,Professor Emeritus
1771,Veronica,Mcdowell,Male,bettyvaughan@example.net,311-351-0331x6223,15-04-21,"Engineer, drilling"
1772,Larry,Hester,Male,qwise@example.org,001-863-484-4916x168,20-09-84,Careers adviser
1773,Hannah,Hebert,Female,dcalhoun@example.net,+1-025-726-8714x55215,20-01-12,Games developer
1774,Nicolas,Mcmillan,Male,kzavala@example.net,-7025,15-05-15,Ergonomist
1775,Candace,Richardson,Female,martinvilla@example.org,+1-460-174-5910x21950,24-08-11,"Librarian, public"
1776,Dwayne,Melton,Male,herbert54@example.org,(231)296-4227x3562,6/6/1991,Art therapist
1777,Evelyn,Day,Female,allisonmcmahon@example.net,(686)023-2336,1/10/1998,Musician
1778,Alice,Atkinson,Male,hsnyder@example.com,001-245-345-0428,21-04-22,Petroleum engineer
1779,Kristina,Cunningham,Male,gsanchez@example.com,412.485.2872x8233,27-03-44,Occupational hygienist
1780,Rachel,Hardin,Male,reginald15@example.org,161-168-6790,26-02-07,Chief of Staff
1781,Rebekah,Kim,Female,galvanjeremiah@example.com,479-819-9804,19-10-74,Furniture designer
1782,Pedro,Mccormick,Female,pmarks@example.net,(891)630-2597x4586,4/11/2013,Licensed conveyancer
1783,Lonnie,Bailey,Male,ischmitt@example.org,001-063-729-8497,22-04-68,"Editor, commissioning"
1784,Breanna,Edwards,Male,angela26@example.org,001-583-734-2979x7607,20-12-16,"Scientist, research (life sciences)"
1785,Richard,Rasmussen,Male,coreymichael@example.com,(872)593-3748,25-09-11,Theatre director
1786,Jonathon,Duran,Female,groberson@example.com,(530)723-7306,17-09-53,Human resources officer
1787,Logan,Nelson,Male,yvette06@example.com,756-555-3652x5757,12/9/2016,Proofreader
1788,Emily,Santiago,Female,jennyvance@example.org,430-303-7067x214,28-07-68,Maintenance engineer
1789,Marcia,Huffman,Female,rose55@example.net,9254434288,3/3/1999,Water quality scientist
1790,Danny,Gould,Female,donna67@example.com,487.932.5102x267,27-10-10,Quality manager
1791,Billy,Perez,Female,yturner@example.com,465-875-7118x432,21-04-21,Company secretary
1792,Phyllis,Christian,Female,vlawrence@example.com,(145)442-3553x745,14-05-07,"Designer, multimedia"
1793,Kerry,Hensley,Male,audrey62@example.net,919.348.6803x7473,23-03-09,Chemical engineer
1794,Lindsay,Finley,Male,vclayton@example.org,934-897-2173x2826,5/10/1959,Medical sales representative
1795,Stephanie,Pace,Male,elijah79@example.com,168.058.7263,4/9/1988,Furniture designer
1796,Destiny,Hopkins,Female,cbenitez@example.org,+1-623-022-1671x56868,11/1/2031,"Runner, broadcasting/film/video"
1797,Shannon,Stanton,Male,louis47@example.org,+1-298-655-7876x4364,17-02-62,Haematologist
1798,Diamond,Glass,Male,haysmarisa@example.org,(500)279-7644x19438,11/1/2045,"Designer, ceramics/pottery"
1799,Sally,Shaw,Male,monica14@example.net,001-199-832-6103,5/4/2033,Sales promotion account executive
1800,Erica,Sparks,Female,alec03@example.net,654-304-2574,3/10/2006,Special effects artist
1801,Summer,Stephenson,Female,margaretbarr@example.org,+1-834-016-8216x8000,11/6/2013,Amenity horticulturist
1802,Terry,Melendez,Female,gina30@example.net,001-184-242-1647x190,26-11-68,Architectural technologist
1803,Bonnie,Rosario,Female,nina10@example.com,6836262774,7/2/1957,"Librarian, public"
1804,April,Kelley,Female,spearsbeth@example.org,427-451-5419,18-08-88,Education administrator
1805,Gail,Serrano,Female,dondudley@example.org,001-162-995-3686x7635,27-11-65,"Surveyor, commercial/residential"
1806,Cassandra,Deleon,Male,pmadden@example.org,001-723-977-6394x2240,27-03-87,"Teacher, special educational needs"
1807,Malik,Shaffer,Male,qfaulkner@example.net,001-074-892-9767,8/1/2017,"Doctor, general practice"
1808,Earl,Luna,Male,peterscollin@example.com,(501)659-7075x569,3/11/2033,Waste management officer
1809,Ross,Mcknight,Male,emeyers@example.com,+1-736-135-3610x429,23-07-87,Quantity surveyor
1810,Cameron,Thompson,Male,hmolina@example.com,+1-447-398-4348x164,18-11-62,"Horticulturist, commercial"
1811,Makayla,Ali,Female,bking@example.org,(070)662-2849,20-10-21,Contractor
1812,Derek,Schaefer,Female,marisa72@example.org,-7605,21-12-04,Museum education officer
1813,Justin,Mclean,Female,tyler96@example.org,(634)305-7435x112,25-05-77,Learning disability nurse
1814,Stuart,Wang,Male,gutierrezgloria@example.com,+1-391-306-7522x9850,6/6/1992,Warehouse manager
1815,Cameron,Howard,Female,barbarasanford@example.org,101.963.4808x34798,18-11-36,Armed forces technical officer
1816,Chelsea,Callahan,Male,samantha72@example.net,(267)377-1836x5509,28-03-10,Research scientist (medical)
1817,Mathew,Casey,Male,carmen22@example.com,800-972-1206,18-02-05,Information systems manager
1818,Monique,Harrell,Female,john91@example.com,001-692-222-7395x1429,19-07-81,"Designer, industrial/product"
1819,Ariel,Villegas,Female,wschaefer@example.org,001-051-667-3942x2800,6/3/1998,"Teacher, primary school"
1820,Luis,Wood,Female,wrightmanuel@example.com,001-287-385-2634x869,6/9/1988,"Education officer, museum"
1821,Greg,Lindsey,Male,fevans@example.com,+1-391-949-8257x786,2/4/2014,Horticultural consultant
1822,Pamela,Thompson,Female,shepherdtamara@example.net,238-778-4926x7354,9/9/2024,Museum/gallery exhibitions officer
1823,Martha,Raymond,Female,kathryn78@example.com,9705254025,23-11-92,Hydrologist
1824,Kelli,Cardenas,Male,srichardson@example.org,036-000-6734,16-07-06,Armed forces technical officer
1825,Lorraine,Graham,Male,imccarthy@example.com,373.392.3455x6236,22-04-22,Multimedia specialist
1826,Julian,Lozano,Male,jhurley@example.org,(651)171-0321,15-07-75,"Scientist, biomedical"
1827,Andrea,Bowers,Male,maureenvillarreal@example.org,001-608-957-1113x81215,5/5/2016,Dance movement psychotherapist
1828,Joe,Case,Female,baileywilkins@example.net,-8414,2/1/2010,Astronomer
1829,Claire,Mercado,Male,haysannette@example.org,001-445-935-6708,8/11/1981,Structural engineer
1830,Breanna,French,Male,kelleyjames@example.com,+1-198-436-8453x777,15-07-39,Chemical engineer
1831,Dylan,Simon,Male,mcannon@example.org,001-189-673-4723x451,26-05-15,"Investment banker, corporate"
1832,Angel,Kaufman,Female,kashley@example.net,990-389-5348,20-10-06,Secretary/administrator
1833,Briana,Nichols,Male,claudia56@example.com,738-805-3649,19-11-10,Geoscientist
1834,Briana,Stephenson,Male,donaldcherry@example.com,+1-468-828-0021x42299,14-08-81,"Doctor, hospital"
1835,Jeff,Benton,Female,frostsandy@example.net,+1-930-353-2520x808,3/9/2011,Scientific laboratory technician
1836,Luke,Chen,Female,jose94@example.com,025-410-0272,17-09-34,"Loss adjuster, chartered"
1837,Bryan,Waller,Male,mccormicksandy@example.com,617-814-4843,9/3/1979,"Programmer, multimedia"
1838,Duane,Barrera,Female,jgrant@example.org,+1-868-722-3427x6602,13-04-11,Geophysical data processor
1839,Joanne,Jenkins,Male,michelemason@example.org,862.534.0471,16-10-08,Astronomer
1840,Selena,Ross,Female,valenzuelasteve@example.org,(703)674-9370,9/6/2031,Advertising account planner
1841,Mandy,Kaiser,Female,mshort@example.com,(569)362-2941,25-11-33,"Journalist, newspaper"
1842,Victor,Cooley,Female,alexandratorres@example.com,-6344,27-10-55,"Doctor, general practice"
1843,Alisha,Woodward,Female,deborah08@example.com,-7591,21-07-36,Hydrologist
1844,Casey,Willis,Female,jmalone@example.com,281.870.5442,30-03-22,Architect
1845,Cindy,Vaughan,Female,sallynichols@example.com,885.650.9702x55917,24-11-61,Information systems manager
1846,Kaitlyn,Hendrix,Female,dholmes@example.net,7909713321,17-09-12,Health and safety inspector
1847,Yvonne,Frederick,Female,brandy15@example.org,029-429-8141x274,18-09-77,"Surveyor, mining"
1848,Johnathan,Braun,Female,fishersydney@example.com,+1-540-556-8077x915,25-08-28,"Surveyor, hydrographic"
1849,Jackie,Fletcher,Female,caitlynhoffman@example.org,001-159-624-2705x38859,24-11-07,"Surveyor, building control"
1850,Clinton,Garner,Male,tristanwu@example.org,173-655-4231,4/5/2043,"Education officer, museum"
1851,Nicolas,Key,Male,westphyllis@example.com,(149)961-4330x37904,6/4/2001,Medical secretary
1852,Charlene,Mcintosh,Male,vanessa41@example.com,491.082.7065x671,5/7/2023,Theatre director
1853,Joann,Strong,Male,ilam@example.net,747.168.1125,2/5/2013,"Designer, ceramics/pottery"
1854,Earl,Guzman,Female,ichan@example.com,(062)384-8339x9281,2/11/2025,Manufacturing engineer
1855,Ann,Patterson,Female,harryzimmerman@example.org,226-735-6618,9/4/1979,"Lecturer, further education"
1856,Eduardo,Mays,Female,freyalisha@example.org,(967)652-4615x431,7/3/1971,Brewing technologist
1857,Gabriella,Tate,Female,glennhelen@example.org,(205)104-8823x087,19-08-36,"Designer, fashion/clothing"
1858,Joanna,Solis,Male,dakotaoneal@example.com,001-524-670-2539x917,28-06-31,Medical secretary
1859,Clarence,Joseph,Male,phillipblevins@example.org,(140)769-3336,1/7/2020,"Investment banker, corporate"
1860,Melinda,Travis,Male,domingueztyrone@example.org,+1-506-639-5612x3616,30-04-11,Firefighter
1861,Terrence,Huang,Female,jacquelinelambert@example.org,463.413.7095x221,31-05-39,"Programmer, multimedia"
1862,Dennis,Walker,Female,franklinmike@example.org,918-110-7684x8075,7/4/2005,"Merchandiser, retail"
1863,Yvette,Wheeler,Female,xhanson@example.org,(755)938-4489,30-04-97,"Nurse, mental health"
1864,Mason,Maddox,Female,poolealyssa@example.com,(202)583-5686x18519,11/12/1991,"Producer, radio"
1865,Doris,Roman,Male,russell45@example.org,1728311546,13-12-15,Hydrographic surveyor
1866,Janice,Mendoza,Female,patrickdonna@example.com,801.662.1918,13-04-05,Hospital doctor
1867,Paige,Kramer,Female,kirkbrendan@example.org,211.387.6087,31-05-64,"Sales professional, IT"
1868,Howard,Singh,Male,glenncalderon@example.net,+1-746-204-9465x974,23-12-83,"Geneticist, molecular"
1869,Mason,Cardenas,Male,dicksonlogan@example.org,250-365-7108x2386,1/11/1955,Risk manager
1870,Mercedes,Jacobs,Female,ucooley@example.com,001-875-709-4561,23-06-03,Architect
1871,Ernest,Chaney,Female,steve99@example.com,001-800-095-1119x711,11/5/2004,Call centre manager
1872,Arthur,Bridges,Male,sallydillon@example.com,+1-443-415-2687x048,5/1/2024,"Accountant, chartered certified"
1873,Katherine,Ayala,Male,rachelfitzgerald@example.net,-7695,10/2/1961,Garment/textile technologist
1874,Meghan,Stevenson,Male,martha36@example.org,(908)499-5788x5024,9/7/2026,Sales promotion account executive
1875,Kaitlin,Conway,Female,allen98@example.com,462.321.3767x255,9/7/2038,Acupuncturist
1876,Ariel,Strong,Female,uterrell@example.net,(433)827-7092x17867,26-01-60,"Therapist, nutritional"
1877,Terrance,Moran,Female,priscillaspencer@example.org,-7076,3/5/1979,Ophthalmologist
1878,Morgan,Allison,Male,hannah71@example.net,001-663-460-1117,14-05-25,Sports coach
1879,Keith,Dillon,Male,isuarez@example.net,919.374.9281x6208,7/7/1955,Health and safety adviser
1880,Brian,Barnett,Female,jesusduffy@example.com,(777)053-1080x9362,13-10-06,"Surveyor, building"
1881,Dan,Ford,Male,arthur87@example.net,001-079-299-5210x240,4/9/1965,Music tutor
1882,Greg,Wiley,Female,stricklandmelinda@example.org,4351402759,9/3/2015,"Horticulturist, commercial"
1883,Ronald,Moran,Male,lacey93@example.net,173-349-6069,11/3/2017,Charity officer
1884,Marissa,Rowland,Male,calebrichards@example.org,228725291,14-01-02,Production engineer
1885,Jackie,Mcdonald,Male,adamvazquez@example.net,(105)892-4961,13-07-11,Academic librarian
1886,Caitlin,Vance,Female,sydneynorton@example.com,605-809-0159,21-12-99,Textile designer
1887,Annette,Mcknight,Male,michaelbryant@example.net,001-369-500-2506x7824,18-10-15,Newspaper journalist
1888,Laurie,Sharp,Male,ralph55@example.net,251.633.2647,2/10/1956,"Engineer, manufacturing systems"
1889,Kendra,Garner,Male,jasminquinn@example.com,274.147.9223,4/5/1989,"Surveyor, hydrographic"
1890,Paige,Rose,Male,donyu@example.org,527.681.8497x5227,18-04-65,Advertising account planner
1891,Reginald,Beltran,Male,mhart@example.net,001-225-958-3369x25207,8/1/1999,Community education officer
1892,Robert,Morales,Female,kristie15@example.net,2047581551,7/9/2039,Market researcher
1893,Cassie,Burch,Male,snowdaryl@example.com,283.596.2573x663,28-03-52,"Restaurant manager, fast food"
1894,Julian,Ali,Male,ccastro@example.net,7884503654,17-11-19,Herpetologist
1895,Sue,Reed,Female,nolantiffany@example.org,3913835452,29-10-18,Purchasing manager
1896,Kevin,Raymond,Female,camachophilip@example.com,315.672.6415x20255,7/2/2041,Technical author
1897,Michele,Barr,Male,kclay@example.com,-6406,4/10/2007,Toxicologist
1898,Jorge,Thomas,Male,mcintyrenorman@example.org,4898841067,15-02-16,Private music teacher
1899,Luis,Nixon,Male,adriennebarajas@example.net,464.433.1877,11/8/1954,Insurance account manager
1900,Karl,Dougherty,Male,bschwartz@example.org,001-186-731-6597x0170,8/1/2044,Equities trader
1901,Kiara,Brooks,Female,tranannette@example.org,984.141.3614x41245,30-10-34,Ecologist
1902,Kerri,Webb,Female,summerhudson@example.org,001-884-099-2312x20709,14-08-90,Television production assistant
1903,Andrew,Chavez,Male,gabrielfranklin@example.com,850-546-6148,24-08-90,"Therapist, occupational"
1904,Sherri,Jacobs,Female,mitchellsexton@example.org,+1-835-852-7980x49313,17-04-03,Research scientist (maths)
1905,Randall,Sims,Female,krojas@example.net,(283)151-2018,14-11-12,Building surveyor
1906,Daniel,Heath,Female,brice@example.com,712.349.0120x79800,4/10/2009,Technical sales engineer
1907,Courtney,Schaefer,Female,marisa79@example.net,589.597.8642x57784,12/3/2010,"Accountant, chartered"
1908,Isaac,Weber,Male,quinnmichelle@example.org,+1-626-247-4374x650,29-05-06,"Runner, broadcasting/film/video"
1909,Katie,Morse,Female,guzmanjoyce@example.com,001-331-630-4325x9801,12/4/2026,Secondary school teacher
1910,Francisco,Mcdaniel,Female,bairddesiree@example.com,+1-822-322-5948x8606,3/12/1997,Visual merchandiser
1911,Zachary,Knapp,Female,ssanford@example.net,574.817.9715,18-02-86,Medical technical officer
1912,Glen,Blake,Female,alisha37@example.net,735.626.9377,11/2/1966,Chartered certified accountant
1913,Cynthia,Cohen,Male,rose09@example.com,001-691-274-5108x8032,12/4/2021,"Psychologist, occupational"
1914,Tony,Pollard,Male,hsims@example.net,+1-668-436-8517x86434,18-03-10,"Clinical scientist, histocompatibility and immunogenetics"
1915,Johnny,Levy,Male,pattontyrone@example.net,-4124,24-03-20,Mental health nurse
1916,Darren,Estrada,Female,javier37@example.org,975.027.6262x809,7/11/2020,Broadcast engineer
1917,Max,Ballard,Male,costapaige@example.org,002.868.9047,8/10/2018,Product/process development scientist
1918,Ralph,Bautista,Female,elizabeth82@example.org,001-497-481-5470x2104,19-05-16,Hotel manager
1919,Candice,Hammond,Male,ublevins@example.com,001-993-171-6694x19433,12/2/1960,Dancer
1920,Sean,Daniels,Male,cordovalawrence@example.com,(990)490-2874x070,17-12-66,"Runner, broadcasting/film/video"
1921,Kelly,Dudley,Male,lucas53@example.org,(216)102-1616x479,11/6/2027,Statistician
1922,Brenda,Franco,Female,kramerkendra@example.net,231.886.0685x133,9/8/1964,Commercial horticulturist
1923,Julia,Baxter,Female,herbertvargas@example.com,886.606.3287x623,28-03-86,Textile designer
1924,Belinda,Nichols,Male,johnstonharold@example.com,(821)439-5795,24-02-74,Archaeologist
1925,Tina,Perez,Female,jocelyn38@example.com,(972)863-0326x0732,10/6/2014,Garment/textile technologist
1926,Daniel,Rubio,Female,richmondellen@example.com,310-496-6766,1/4/2022,Forensic psychologist
1927,Nicole,Calhoun,Female,jeffersoncheyenne@example.com,847-300-6727,18-09-11,Sports therapist
1928,Maurice,Robertson,Male,leroy24@example.org,409-444-1578,5/10/1993,"Geneticist, molecular"
1929,Darin,Knight,Female,berryjaime@example.net,-3140,26-06-11,Travel agency manager
1930,Julie,Meadows,Female,coltonknox@example.com,(793)738-2577x9065,28-09-38,"Engineer, communications"
1931,Kayla,Holt,Male,ehensley@example.net,090.912.9060,26-04-03,Planning and development surveyor
1932,Kara,Hahn,Male,jchen@example.net,(452)659-9179,17-12-30,Human resources officer
1933,Barbara,Schaefer,Male,parkerkatie@example.net,(404)292-4530x579,31-03-17,Corporate treasurer
1934,Sophia,Stephens,Female,amberpierce@example.net,(822)038-8366x44103,25-10-46,Multimedia specialist
1935,Daniel,Munoz,Female,cfischer@example.org,001-402-701-6838x98124,26-07-25,Magazine features editor
1936,Eileen,Glass,Female,tyroneoneill@example.com,(865)653-2382x7686,6/2/1967,Diagnostic radiographer
1937,Loretta,Walker,Male,gkent@example.com,001-988-349-6132x96999,20-02-20,"Loss adjuster, chartered"
1938,Alvin,Frank,Female,michellesnyder@example.net,+1-554-051-5362x6398,14-11-38,Financial risk analyst
1939,Sheena,Murray,Female,khutchinson@example.net,-6656,13-03-03,Marketing executive
1940,Doris,Hensley,Male,xdyer@example.com,001-429-622-5219x58872,9/1/2026,Legal secretary
1941,Kylie,Gaines,Male,dbyrd@example.net,722.449.5869x67014,4/5/1954,"Programme researcher, broadcasting/film/video"
1942,Tom,Petty,Female,gmccarthy@example.net,2119168208,8/9/1996,"Nurse, adult"
1943,Christina,Jefferson,Male,yhurst@example.org,876.924.2706,20-12-26,Quarry manager
1944,Connor,Hansen,Male,mathewbarber@example.org,742-627-9706x87119,14-11-91,Engineering geologist
1945,Henry,Hubbard,Female,tristanrowland@example.org,3340688534,7/3/2016,Artist
1946,Beverly,Livingston,Male,tricia52@example.com,(258)273-7646x0647,13-04-22,Financial risk analyst
1947,Anthony,Briggs,Female,reyesomar@example.net,354-133-2885x91267,14-03-67,Video editor
1948,Kim,Stone,Female,butlercory@example.net,001-522-179-4679x5279,6/1/1978,Industrial/product designer
1949,Oscar,Munoz,Male,smithtiffany@example.org,374.055.5237x150,1/9/1996,"Pharmacist, community"
1950,Megan,Moreno,Female,christinesampson@example.net,319.611.9942x1805,28-07-10,Solicitor
1951,Marisa,Avila,Female,greg16@example.org,001-157-924-6567x3454,24-01-22,Travel agency manager
1952,Claire,Henson,Female,mhammond@example.net,716-273-2360x75460,2/1/2032,Equality and diversity officer
1953,Cristina,Webster,Male,cheyenne95@example.com,8246390882,16-04-49,Textile designer
1954,Chad,Rowe,Male,abbottwayne@example.com,342-542-2984,20-06-07,Multimedia programmer
1955,Shelia,Mcgee,Male,alejandrabradford@example.org,(190)163-1951,27-11-78,Copy
1956,Brent,Scott,Male,charlenestevens@example.net,499-587-3008x57769,31-12-89,Technical author
1957,Alexander,Gay,Female,briana28@example.net,067.411.8141x170,15-09-47,Ceramics designer
1958,Renee,Mejia,Female,wharrell@example.net,+1-068-101-7132x8308,4/4/1977,Energy engineer
1959,Melinda,Green,Male,ccalhoun@example.com,(382)475-8343x5550,8/4/1980,Furniture designer
1960,Willie,Dunlap,Female,daryl12@example.com,626.473.2577x40875,22-10-20,Media buyer
1961,Noah,Kane,Male,steelemason@example.com,361.406.4109,26-05-02,"Surveyor, commercial/residential"
1962,Carlos,Wise,Female,karikeller@example.com,(006)065-4158,13-03-35,Trade union research officer
1963,Jackson,Harrington,Male,annettecobb@example.net,+1-505-875-7469x732,4/10/2013,"Psychologist, prison and probation services"
1964,Bryan,Lynch,Female,colecollin@example.com,267-167-5895x040,25-01-72,Games developer
1965,Danny,Wilkerson,Female,claytonwhitney@example.com,001-350-871-1035x33054,21-06-13,"Scientist, research (maths)"
1966,Louis,Hatfield,Male,stephaniegilmore@example.org,-2747,2/1/2036,Management consultant
1967,Alyssa,Sims,Female,josephclements@example.com,+1-845-928-6696x513,3/1/1994,Location manager
1968,Brittany,Carson,Male,avasquez@example.com,(768)824-5961x2043,23-08-16,Research scientist (life sciences)
1969,Melinda,Richards,Female,jimmyfuentes@example.com,852.334.8049,7/9/1953,Logistics and distribution manager
1970,Cameron,Conley,Male,kentwyatt@example.org,8390823831,26-10-58,"Designer, blown glass/stained glass"
1971,Randy,Duran,Female,vanessaburnett@example.com,385.486.9473x352,30-12-03,"Scientist, forensic"
1972,Jackson,Lynch,Female,kristopher51@example.com,+1-282-203-9762x301,15-09-80,"Engineer, manufacturing systems"
1973,Carl,Clayton,Female,ashleyrita@example.org,(883)858-1474,25-04-57,Artist
1974,Jason,Spears,Female,shawnbarnes@example.org,+1-262-881-5849x6001,17-11-44,General practice doctor
1975,Mary,Holland,Male,kelseyfloyd@example.com,861-757-2040,29-01-19,"Research officer, trade union"
1976,Christine,Guerrero,Female,bsolis@example.org,1242171950,20-09-84,"Surveyor, building"
1977,Julie,Graham,Male,lawrencerussell@example.com,7915071238,1/10/1992,"Education officer, environmental"
1978,Kathleen,Alexander,Female,lucasmcmahon@example.org,3544868524,15-09-81,"Therapist, art"
1979,Erika,Horn,Male,hunter93@example.com,1673475373,4/2/2040,Air traffic controller
1980,Eddie,Schmitt,Male,avalencia@example.com,001-822-183-3845x901,17-01-16,Records manager
1981,Jake,Oneal,Male,nathan20@example.org,500-049-8040,20-05-21,Seismic interpreter
1982,Susan,Gilbert,Female,alanporter@example.com,001-716-580-5037x20042,3/5/1987,Leisure centre manager
1983,Bonnie,Horne,Male,kwest@example.net,+1-557-267-3064x66851,16-07-16,"Therapist, sports"
1984,Sheryl,Dean,Male,hhinton@example.com,-5197,13-02-37,Recruitment consultant
1985,Eduardo,Dickson,Female,toni88@example.net,009.904.9813x3216,10/3/2036,Contractor
1986,Ruth,Hubbard,Male,douglas93@example.com,4668234835,24-03-40,Firefighter
1987,Cody,Wilson,Male,xpruitt@example.org,001-495-305-2767x648,29-12-33,"Scientist, forensic"
1988,Marcia,Hurst,Male,willisderrick@example.org,001-124-394-9893x5190,5/4/1970,Media buyer
1989,Faith,Henson,Male,eddiecurry@example.net,+1-096-982-8018x6231,11/10/1967,Network engineer
1990,Curtis,Holloway,Female,sharon45@example.org,001-920-192-9842x179,30-01-22,Product designer
1991,Kathleen,Sharp,Female,martinezfernando@example.net,(209)634-0795x839,11/1/1980,Rural practice surveyor
1992,Madison,Cobb,Female,cindy04@example.org,(386)870-4475x2392,20-11-12,"Surveyor, hydrographic"
1993,Blake,Preston,Female,sylvia11@example.org,(600)200-3766,27-08-52,"Engineer, land"
1994,Spencer,Curtis,Female,randallroth@example.net,(853)833-9714,25-10-17,Pathologist
1995,Craig,Watkins,Male,harrisphillip@example.net,+1-800-985-2298x028,19-01-24,Applications developer
1996,Cole,Escobar,Male,angelwoodward@example.net,(350)155-2185,28-12-63,"Editor, commissioning"
1997,Tamara,Salas,Female,claytonriley@example.com,001-313-978-9696x47080,29-07-88,"Surveyor, commercial/residential"
1998,Jake,Anthony,Female,sbryan@example.org,254563826,10/7/2019,Charity fundraiser
1999,Megan,Diaz,Male,holmestroy@example.com,+1-039-126-6969x72397,22-08-93,Accounting technician
2000,Meagan,West,Female,cindy81@example.com,224.554.1404x0453,12/4/2032,Freight forwarder
2001,Tony,Gamble,Male,vsimmons@example.net,+1-923-861-9867x3035,27-01-93,"Designer, blown glass/stained glass"
2002,Leroy,Hernandez,Female,cgarza@example.org,926-763-5160,15-03-64,Social worker
2003,Courtney,Conrad,Female,srobbins@example.com,483-405-4202x112,1/9/2008,Air broker
2004,Alison,Eaton,Male,htodd@example.net,+1-466-922-7844x60825,26-07-51,Materials engineer
2005,Ann,Pope,Male,sallydouglas@example.com,001-285-126-0632x5193,9/2/2044,Geoscientist
2006,Sergio,Ponce,Male,qkrause@example.org,(002)064-8795x09380,26-09-60,Passenger transport manager
2007,Belinda,Guerrero,Male,pfitzgerald@example.com,+1-334-017-7370x14583,27-07-70,Financial manager
2008,Mackenzie,Khan,Male,tracy44@example.com,237.432.9576,3/8/2020,Social worker
2009,Neil,Larsen,Female,carmenkrueger@example.net,-6731,6/5/2020,"Scientist, biomedical"
2010,Christy,Bowen,Male,vpugh@example.org,+1-317-390-3657x8319,9/12/2049,Biomedical scientist
2011,Briana,Reese,Female,navarrokurt@example.com,+1-559-836-2870x487,26-02-91,"Scientist, water quality"
2012,Selena,Golden,Male,maureenterrell@example.com,+1-390-522-8711x783,25-08-08,Occupational hygienist
2013,Dakota,Brandt,Female,anthony14@example.com,858.244.4915x8739,8/7/2000,Production engineer
2014,Rose,Villa,Female,hoganjacqueline@example.net,-3345,15-07-24,Licensed conveyancer
2015,Suzanne,Brown,Male,suttonann@example.com,869.738.3217,21-11-71,Travel agency manager
2016,Roy,Hampton,Female,cesparza@example.com,001-158-306-6694x6464,30-01-17,Town planner
2017,Steven,Hensley,Male,wharrison@example.com,+1-309-448-9335x732,14-03-65,"Secretary, company"
2018,Lee,Hooper,Female,blakelamb@example.com,687.273.4117x2107,8/10/1959,Careers adviser
2019,Mario,Ramirez,Female,gordonhaynes@example.org,(947)163-4055x779,12/1/2045,Software engineer
2020,Shari,Ferrell,Female,xmckinney@example.net,6131349838,8/6/1969,Control and instrumentation engineer
2021,Marcia,Morrison,Female,arellanobrian@example.net,282-142-6947,15-08-15,Environmental health practitioner
2022,Martha,Foster,Male,cliffordhartman@example.org,708.892.1219x7679,15-05-97,Trade mark attorney
2023,Judy,Rubio,Male,melissawelch@example.org,(720)554-7859,21-05-28,Gaffer
2024,Alex,Murphy,Female,fvasquez@example.net,001-174-555-1387x834,30-09-87,Manufacturing engineer
2025,Natasha,Bush,Female,preston67@example.com,(154)908-6410,26-12-18,Medical laboratory scientific officer
2026,Claire,Brandt,Male,martin54@example.net,868-842-3012,24-06-12,Probation officer
2027,Adam,Haynes,Female,olsonchelsea@example.org,(262)782-3234x906,2/1/2040,Pharmacologist
2028,Jonathon,Carpenter,Male,bensonbrenda@example.com,001-818-418-5930x49639,10/4/2048,Politician's assistant
2029,Paul,Summers,Male,freese@example.com,657.969.0367x823,14-10-11,Financial manager
2030,Lucas,Winters,Female,summersmelanie@example.com,252.904.1384x6019,12/2/2022,"Engineer, building services"
2031,Stanley,Barker,Male,devin16@example.org,188.032.8613,5/11/2041,Camera operator
2032,Linda,Nixon,Female,christine29@example.com,(200)816-7748x22276,19-01-74,Physiotherapist
2033,Patricia,Mason,Female,stevemccall@example.org,(786)909-6860x4877,25-06-00,Art therapist
2034,Garrett,Mcpherson,Female,chaneydiane@example.org,(295)758-5203x07146,31-07-09,Control and instrumentation engineer
2035,Jo,Chase,Male,yhuber@example.net,001-922-799-4768x283,15-12-34,Air traffic controller
2036,Savannah,Strickland,Male,joycesavage@example.net,5692945507,20-04-30,"Therapist, occupational"
2037,Carly,Terrell,Female,pedrograves@example.org,073.784.4558,14-01-75,Camera operator
2038,Loretta,Pennington,Male,kentedgar@example.org,(480)342-6133x029,16-08-07,Chartered loss adjuster
2039,Haley,Walker,Female,duane30@example.org,546.636.2693x861,14-05-78,Landscape architect
2040,Chase,James,Male,vbest@example.net,111-469-6753,1/10/2012,Music tutor
2041,Derek,Mckenzie,Male,bridgetpark@example.org,001-213-517-5629,21-04-23,Translator
2042,Gabriella,Conway,Male,bookeralisha@example.org,(571)441-9130,7/4/1981,Actor
2043,Jasmin,Madden,Female,brendan19@example.net,(336)677-1581x9317,13-08-49,Theme park manager
2044,Logan,Morrison,Female,mmullen@example.net,439.694.2078,28-07-48,Maintenance engineer
2045,Alyssa,Norris,Male,lindseycandace@example.org,854.854.6474x7696,24-08-06,"Surveyor, building control"
2046,Nicholas,Acevedo,Female,rpacheco@example.org,185.159.6119,26-08-68,Forensic scientist
2047,Glenda,Rodgers,Female,gibsonbarbara@example.net,001-595-672-1395x766,25-10-27,Prison officer
2048,Wendy,Benson,Male,derek11@example.org,738-763-5363x005,10/5/2045,"Engineer, electronics"
2049,Maxwell,Lamb,Female,diana17@example.net,927-652-9963x51619,14-06-83,Landscape architect
2050,Roberta,Petersen,Male,bprice@example.com,147.527.3596x524,28-11-90,"Surveyor, mining"
2051,Erik,Barrett,Female,leonard96@example.org,3767820343,19-05-46,Radio producer
2052,Joe,Paul,Male,lacey22@example.com,994.157.5247x0984,14-12-40,Building surveyor
2053,Shaun,Carter,Male,sabrinaewing@example.org,001-925-064-4378x422,20-03-24,Sports coach
2054,Darren,Greene,Female,gaineschase@example.com,(005)684-1072x0991,13-02-34,"Producer, television/film/video"
2055,Joyce,Irwin,Male,don76@example.net,001-023-994-2497x3220,4/4/1982,Futures trader
2056,Jeffrey,Huber,Male,joycealbert@example.org,001-704-387-6179x19835,9/10/1968,Oncologist
2057,Cesar,Patterson,Male,fvaughn@example.net,+1-979-542-9296x281,8/1/2016,Plant breeder/geneticist
2058,Taylor,Fuller,Female,leonreilly@example.org,967.805.3844,15-10-40,"Accountant, chartered"
2059,Raven,Orr,Male,myerschris@example.com,920-869-3388,7/3/1978,"Scientist, physiological"
2060,Lindsey,Wheeler,Female,lawrence53@example.com,817-113-6691x32475,18-08-85,Academic librarian
2061,Shari,Gill,Female,bwyatt@example.com,061-864-9551x817,24-12-80,Aeronautical engineer
2062,Joann,Oconnell,Female,grantdunlap@example.net,+1-665-570-9790x03594,5/8/2011,Technical author
2063,Donna,Barr,Male,sandrapetersen@example.net,(671)160-8068,30-12-43,Automotive engineer
2064,Derrick,Pugh,Female,juliehuber@example.org,(251)403-3291x5336,28-06-80,Marine scientist
2065,Joseph,Conner,Male,terrenceday@example.org,331-095-9152x588,15-12-03,Financial adviser
2066,Susan,Patel,Male,smallclaire@example.org,(797)773-6889x7672,2/7/2027,Hospital pharmacist
2067,Claudia,Mays,Male,leejeanne@example.com,+1-549-638-2614x6789,1/11/2040,"Designer, blown glass/stained glass"
2068,Andrea,Friedman,Male,danielfernando@example.com,707-330-7062,23-04-63,Personal assistant
2069,Colleen,Gallegos,Female,blanchardadrienne@example.org,+1-587-108-8396x00936,8/9/1977,Hydrographic surveyor
2070,Mackenzie,Patterson,Male,timothyterrell@example.org,001-772-346-3439x1951,10/6/2015,Pension scheme manager
2071,Barbara,Peterson,Female,selenamacdonald@example.com,(617)184-5636x6603,1/5/2023,Hospital doctor
2072,Walter,Yoder,Male,jordan73@example.com,097-195-1702x5370,7/10/1994,"Producer, radio"
2073,Gloria,Pierce,Male,bfrazier@example.net,927072485,8/3/2046,Medical secretary
2074,Tanner,Harrison,Female,ashleecopeland@example.net,431.698.8884x545,9/3/2011,Health physicist
2075,Shelia,Berger,Male,adrianacharles@example.org,(278)265-1550x83760,13-02-15,Chief of Staff
2076,Destiny,Webster,Female,meyerisabella@example.net,(209)891-0327,24-12-55,Curator
2077,Ray,Martinez,Male,frances57@example.org,(616)805-2195x303,25-04-43,"Optician, dispensing"
2078,Summer,Underwood,Female,ejefferson@example.com,+1-575-787-1540x2071,18-08-17,"Psychologist, educational"
2079,Kelsey,Morris,Female,isaacchristian@example.org,001-828-712-9319x4378,3/8/1998,"Librarian, academic"
2080,Marilyn,Calhoun,Male,mooneymackenzie@example.org,-7794,9/5/2034,Production manager
2081,Gloria,Nicholson,Male,fcantu@example.org,(405)727-4665,6/8/1990,Engineering geologist
2082,Teresa,Saunders,Female,swhite@example.net,697-232-8313,10/12/1951,Town planner
2083,Dylan,Walsh,Male,darrell19@example.net,345.663.1710x73284,20-08-46,Police officer
2084,Amanda,Gutierrez,Female,stewartjessica@example.org,(327)133-5758,6/5/1958,Illustrator
2085,Louis,Fritz,Male,christinashelton@example.org,(321)335-6983x9770,25-04-74,Barista
2086,Randy,Montes,Female,ejones@example.com,(202)169-6077,14-08-17,"Psychotherapist, child"
2087,Maureen,Fry,Male,desireebrady@example.net,+1-731-671-3936x130,3/4/1974,Osteopath
2088,Jill,Sheppard,Male,isaiahduke@example.net,001-651-785-3609,20-02-99,English as a foreign language teacher
2089,Natalie,Ruiz,Female,audrey31@example.com,+1-021-473-8938x88438,31-01-06,"Buyer, industrial"
2090,Heidi,Kirk,Male,krausecaleb@example.org,627.905.5183x549,19-01-05,Forest/woodland manager
2091,Tammy,Hoffman,Male,katherine48@example.org,743-440-0236x4902,15-04-25,Risk analyst
2092,Tricia,Holden,Male,idelacruz@example.org,(101)397-1609x9158,23-04-05,Petroleum engineer
2093,Stuart,Mcgee,Male,smartinez@example.net,001-150-321-9237,25-07-13,Maintenance engineer
2094,Cassidy,Holloway,Male,newmanandrea@example.net,001-913-777-2484x11610,24-10-66,"Librarian, public"
2095,Hayley,Pierce,Male,qhodges@example.org,373-598-6954x8534,15-01-19,Writer
2096,Ronald,Erickson,Male,chelseyhaney@example.com,243.958.3053,11/5/2011,Music tutor
2097,Crystal,Browning,Female,annette56@example.org,(001)606-5020,4/7/2034,Film/video editor
2098,Chris,Armstrong,Male,vbarnett@example.net,094.399.1090,31-05-77,Quarry manager
2099,Chloe,Burton,Female,burgesssandy@example.com,2556052555,8/4/1963,Physiological scientist
2100,Levi,Yang,Male,rose23@example.com,+1-473-993-8525x7409,15-08-01,Higher education careers adviser
2101,Rickey,Rowe,Male,meadowskaitlin@example.org,(096)788-2253,6/3/2031,Actuary
2102,Robert,Burns,Male,bboyer@example.org,001-774-181-5265x55785,23-09-75,"Geologist, wellsite"
2103,Madeline,Macdonald,Female,debra32@example.com,(127)328-0714,7/12/2011,"Engineer, manufacturing"
2104,Lisa,Ortega,Female,pchristian@example.com,464-783-5396x1992,3/3/1962,Charity fundraiser
2105,Jaime,Coffey,Male,gmurray@example.com,(415)169-8026,17-05-71,Maintenance engineer
2106,Jaime,Salazar,Male,garzajillian@example.org,(527)948-8187x189,4/10/2017,"Engineer, automotive"
2107,Anne,Blair,Male,wisejoan@example.net,+1-355-385-7533x95082,21-09-95,"Librarian, public"
2108,Ebony,Perez,Male,dbenjamin@example.net,-10477,7/2/2012,Data scientist
2109,Tanya,Craig,Male,swilliams@example.org,134.814.3482x05953,8/11/1992,Dispensing optician
2110,Tom,Perez,Female,albert70@example.net,356-462-2884x3943,28-05-61,"Editor, magazine features"
2111,Jordan,Kemp,Male,paulstewart@example.com,761-894-6429x34542,7/10/2019,Media buyer
2112,Adriana,Hawkins,Male,phillip04@example.org,993-394-6333x036,19-04-12,Commissioning editor
2113,Teresa,Erickson,Male,gordonalbert@example.com,132-893-2518x277,8/5/1997,"Therapist, art"
2114,Cynthia,Hawkins,Female,arthurmiranda@example.net,001-756-771-8520x00072,8/12/2012,Advertising account planner
2115,Malik,Davies,Male,pamelamccann@example.com,192-090-4688x124,10/3/1964,Charity officer
2116,Dorothy,Woodard,Female,mcleanmandy@example.net,(849)506-3001x84886,25-07-20,Telecommunications researcher
2117,Sydney,Lynn,Male,ptownsend@example.net,+1-139-933-7153x89607,25-05-46,Community pharmacist
2118,Isaiah,Underwood,Male,flowerskatelyn@example.org,001-261-612-9928x416,2/10/1967,Plant breeder/geneticist
2119,Tamara,Bautista,Female,hodgejoe@example.org,5962103705,31-08-67,"Civil engineer, consulting"
2120,Jodi,Espinoza,Male,leon92@example.org,(026)971-2576x67855,27-03-04,"Geologist, wellsite"
2121,Zoe,Andrade,Male,bridgetmonroe@example.net,(231)319-7406x19966,30-05-67,Building services engineer
2122,Cathy,Stevens,Male,maldonadocaroline@example.org,933.841.0902x815,16-09-03,Firefighter
2123,Shelby,Roach,Male,kevin64@example.com,(375)683-7571x2767,30-08-72,Mining engineer
2124,Michelle,Aguirre,Female,alfredvelasquez@example.org,(238)270-9192,16-02-27,Sports coach
2125,Drew,Houston,Female,simonwillie@example.net,001-035-287-7606x746,12/11/2010,Writer
2126,Darren,Chapman,Male,hestertanner@example.com,116.839.4185x8052,7/3/1964,Fashion designer
2127,Rachael,Ferrell,Male,jayodonnell@example.org,+1-276-843-8703x9594,17-04-64,Broadcast presenter
2128,Angel,Escobar,Female,gdudley@example.net,740-477-2410x60999,13-05-41,Veterinary surgeon
2129,Denise,Bates,Male,nguyenlacey@example.net,-8990,13-10-05,"Therapist, sports"
2130,Dale,Simpson,Male,paulturner@example.com,7884836493,27-02-91,Aid worker
2131,Kendra,Shepherd,Female,richarddennis@example.com,620-711-5660x83886,7/11/1964,Advice worker
2132,Victor,Huang,Male,angie91@example.com,-8488,24-08-26,Tax adviser
2133,Julian,Villa,Male,gibsoncarlos@example.net,(432)055-8601,18-03-14,"Editor, commissioning"
2134,Tracy,Montes,Male,alejandromassey@example.net,+1-623-883-0002x517,8/1/2017,"Engineer, production"
2135,Ricardo,Joyce,Female,bridgetbuckley@example.net,2600705767,22-02-51,Drilling engineer
2136,Kirk,Lam,Male,parrishbrett@example.net,860.884.2781,4/7/1984,Barrister
2137,Cynthia,Baxter,Male,jeaton@example.org,(598)643-3181,24-03-65,Public house manager
2138,Eileen,Page,Female,agregory@example.net,9583088646,20-06-15,Charity officer
2139,Dan,Hooper,Male,alan36@example.org,481-839-0948x36429,13-08-27,Artist
2140,Alexandria,Myers,Male,grosstracey@example.org,412-579-5991,17-10-71,"Radiographer, diagnostic"
2141,Sara,White,Male,kiddlogan@example.net,+1-354-768-7126x84116,4/6/1957,Catering manager
2142,Christie,Prince,Male,kirbytravis@example.net,(216)778-1560x127,26-07-07,"Teacher, secondary school"
2143,Cassidy,Palmer,Female,bowersnathan@example.org,(567)318-3259,2/7/2026,Textile designer
2144,Nina,Richmond,Female,doris97@example.com,549.162.9691x819,24-10-44,Ranger/warden
2145,Gabriel,Osborne,Female,madelineperry@example.org,008.695.6396,28-12-40,Geoscientist
2146,Jean,Turner,Female,jacob62@example.com,285-708-8818x027,24-03-69,Agricultural consultant
2147,Colin,Deleon,Female,rosemanuel@example.net,620563915,28-02-79,"Psychologist, occupational"
2148,Corey,Frey,Female,echan@example.net,(523)175-1682x50701,5/1/2029,"Accountant, chartered"
2149,Lydia,Leach,Male,bradysuarez@example.net,305.432.8124,22-12-77,Fine artist
2150,Joanna,Edwards,Female,ichung@example.org,463.237.5588x4204,7/10/2023,"Teacher, early years/pre"
2151,Angelica,Guzman,Male,hbyrd@example.com,101-869-3786x7487,26-06-21,"Chemist, analytical"
2152,Gerald,Brooks,Female,kayla11@example.com,361-482-0687x0177,6/12/1975,"Education officer, environmental"
2153,Mia,Leonard,Female,ihiggins@example.com,001-882-099-5858x3228,28-06-09,"Programme researcher, broadcasting/film/video"
2154,Sheryl,Parrish,Female,iarnold@example.com,001-480-692-0568,7/12/2024,Interior and spatial designer
2155,Dale,Mcintyre,Male,vhoover@example.net,558.062.8330x149,11/5/1961,Theatre stage manager
2156,Cynthia,Patel,Female,clarence99@example.net,(128)283-9660x576,11/3/1982,Financial planner
2157,Taylor,Shannon,Female,georgekim@example.net,318-654-9999,22-09-62,Environmental health practitioner
2158,Jamie,Berry,Female,darlenehall@example.com,001-322-444-1058x207,8/11/2004,Firefighter
2159,Jacob,Sampson,Female,dalton21@example.net,813-389-1615x23269,11/10/1969,Private music teacher
2160,Vicki,Joseph,Female,tim91@example.org,(832)707-0814x2788,8/9/2023,"Teacher, special educational needs"
2161,Janet,Keith,Female,sriley@example.org,675-574-1552,7/2/2038,Exhibition designer
2162,Shawna,Hancock,Male,tasha89@example.net,9208095990,12/6/1968,Exhibition designer
2163,Emma,Sweeney,Female,colin86@example.org,921.356.3455x4027,9/9/2012,"Geologist, wellsite"
2164,Jane,Potter,Male,eberg@example.org,-2004,13-02-05,Tax adviser
2165,Kaylee,Beltran,Male,zhangmallory@example.net,381.543.7420,15-03-67,"Doctor, general practice"
2166,Eileen,Good,Female,dpennington@example.com,1361101311,4/12/1996,Clinical research associate
2167,Debra,Robertson,Male,estespenny@example.org,156.570.2510x42248,10/10/2042,"Producer, television/film/video"
2168,Dana,Phelps,Female,riley26@example.com,381.115.0405x549,5/5/2003,Musician
2169,Joann,Ryan,Female,sloanblake@example.com,246-210-1589x1387,17-12-28,Community arts worker
2170,Phillip,Beard,Male,rivasdwayne@example.org,439.534.6439,24-03-52,Wellsite geologist
2171,Dominique,Howe,Male,dan04@example.net,076-805-6705,6/10/2004,Corporate treasurer
2172,Mandy,Williams,Male,washingtonkent@example.net,682-362-4491,15-04-81,Chemical engineer
2173,Charlene,Hurley,Male,chris15@example.net,5957751666,8/6/1956,Structural engineer
2174,Jorge,Stevens,Male,marshalltricia@example.net,743-736-6418,21-06-00,Administrator
2175,Alexander,Jacobson,Female,garzabailey@example.com,670.375.4648x42388,16-07-06,Games developer
2176,Nicholas,Haley,Male,duanemoses@example.org,001-876-967-1410x41593,11/10/2010,Tax inspector
2177,Belinda,Nash,Female,autumnmathis@example.org,+1-619-813-6852x65775,13-09-86,Legal executive
2178,Ernest,Sparks,Male,snowpatricia@example.org,9554213760,19-02-34,"Administrator, education"
2179,Clinton,Rose,Male,qlevine@example.com,670.835.5689,8/12/2024,"Development worker, international aid"
2180,Jason,Simmons,Female,randy62@example.org,(888)138-9769,14-01-55,Chartered public finance accountant
2181,Teresa,Todd,Male,gibbsbrianna@example.net,001-381-753-4679x084,26-02-94,Youth worker
2182,Caitlin,Thornton,Female,tlloyd@example.org,(765)935-3079x1450,13-10-40,"Engineer, maintenance (IT)"
2183,Sandra,Levine,Female,estone@example.org,001-563-785-2695,5/7/1997,"Scientist, physiological"
2184,Judith,Robertson,Female,george31@example.net,001-082-190-5871x25015,25-10-39,"Secretary, company"
2185,Erik,Mcclain,Female,emclean@example.com,(609)610-5567x22882,16-10-66,Government social research officer
2186,Dominic,Contreras,Male,bradleybarr@example.org,+1-269-125-2059x5659,27-11-00,Illustrator
2187,Glen,Nunez,Female,kimlonnie@example.com,407-044-7034x2432,5/12/2021,Purchasing manager
2188,Hunter,Smith,Female,mccoybeverly@example.net,9038145205,4/12/2043,Television/film/video producer
2189,Lindsey,Hoover,Male,lwerner@example.com,(210)160-2716x8745,28-03-14,Public relations account executive
2190,Mindy,Macias,Male,sabrinanash@example.com,762.098.8781x9081,20-10-06,"Pharmacist, hospital"
2191,Shelia,Erickson,Female,atkinsfernando@example.net,845359515,26-07-84,Retail manager
2192,Stefanie,Ramos,Female,franklinbarry@example.com,001-236-672-6032,29-06-20,"Surveyor, building"
2193,Douglas,Watkins,Female,zbarton@example.com,(062)322-5719x392,11/2/2031,"Biochemist, clinical"
2194,Frances,Lucas,Male,brandondickson@example.org,087.498.6979x3144,16-12-67,Amenity horticulturist
2195,Janet,Palmer,Male,chelsea38@example.org,-3594,3/5/2017,"Pharmacist, hospital"
2196,Jill,Tapia,Female,hunter47@example.com,(041)037-3195x32825,15-07-59,Senior tax professional/tax inspector
2197,Kerry,Bruce,Female,teresa56@example.org,001-412-988-1839x847,24-03-68,"Psychologist, prison and probation services"
2198,Jonathon,Peters,Female,hardingabigail@example.com,451-198-9800x7135,15-09-85,IT consultant
2199,Jeremiah,Mccall,Female,spencer95@example.com,(754)466-8380x051,19-12-63,"Lecturer, further education"
2200,Reginald,Cuevas,Male,sray@example.org,64925743,10/7/1961,"Journalist, newspaper"
2201,Suzanne,Cochran,Female,flynnmanuel@example.org,001-002-025-7236x901,16-04-11,Textile designer
2202,Bernard,Craig,Male,philip42@example.com,(833)808-7096x656,27-10-07,"Scientist, research (life sciences)"
2203,Ashlee,Stevenson,Male,carolyn35@example.org,(727)451-6221,23-09-24,TEFL teacher
2204,Sylvia,Acosta,Female,monroediane@example.net,001-486-027-1718x9322,30-04-74,"Physicist, medical"
2205,Vernon,Larsen,Male,pennyblair@example.net,770.251.2068x76211,14-09-93,Accounting technician
2206,Christopher,Mckay,Female,zbenjamin@example.com,2191759273,17-01-95,Interior and spatial designer
2207,Kellie,Vaughn,Female,mholt@example.com,128-341-1491x67741,28-08-47,Optometrist
2208,Jocelyn,Winters,Male,ferrellclinton@example.org,245-396-6318x07058,15-10-06,"Accountant, chartered"
2209,Vanessa,Hester,Male,gabrielle96@example.org,192.894.8843x71661,18-11-07,Solicitor
2210,Erika,Glover,Female,haleroberto@example.com,1290536866,28-08-18,Consulting civil engineer
2211,Sandra,Greene,Female,vnelson@example.net,345.018.7514x03580,15-10-81,Science writer
2212,Tonya,Good,Male,albertshepard@example.org,001-410-203-1706x337,23-01-20,"Accountant, chartered public finance"
2213,Tammy,Ruiz,Female,caleb81@example.net,(143)126-3242x348,13-05-45,Town planner
2214,Juan,Irwin,Male,mayorobert@example.org,778-236-6087,22-01-30,Insurance risk surveyor
2215,Johnathan,Gay,Female,ystevens@example.org,+1-322-999-7557x40270,20-01-24,Manufacturing engineer
2216,Shirley,Brewer,Male,tuckerzachary@example.net,343.941.7838x797,13-03-92,Forensic psychologist
2217,Belinda,Joseph,Female,jschmitt@example.net,001-171-651-7632x36724,22-09-84,Hydrogeologist
2218,Evelyn,Rivera,Female,wcosta@example.org,(407)523-0268x99036,22-03-52,Automotive engineer
2219,Mackenzie,Donovan,Male,zhangcalvin@example.org,001-366-483-1383x42088,7/7/1952,Adult nurse
2220,Paige,Hull,Male,pattersonronnie@example.net,479.781.7525x558,1/11/1954,"Scientist, product/process development"
2221,Alison,Conway,Female,herrerafred@example.com,+1-732-886-9856x873,7/9/1973,Forest/woodland manager
2222,Laurie,Guerrero,Male,tanyaguerrero@example.com,048-958-3135,2/6/2023,Broadcast presenter
2223,Cameron,Trevino,Female,douglascortez@example.net,(408)727-8466,14-10-14,Sub
2224,Albert,Werner,Female,dawsonevan@example.org,+1-173-025-3110x54629,2/9/2016,"Doctor, general practice"
2225,Lori,Montoya,Male,ricardochaney@example.com,-6514,2/7/1957,"Presenter, broadcasting"
2226,Tanya,Collins,Female,stefaniegraves@example.org,001-217-420-9166x0985,15-01-86,Barrister
2227,Hannah,Stout,Male,kristina77@example.com,489-205-2349x4092,22-09-62,Fish farm manager
2228,Roger,Benson,Male,bonniebecker@example.com,176.136.1201,13-07-13,Database administrator
2229,Kylie,Long,Female,kyliesalinas@example.org,778-607-2217x56105,16-11-27,Purchasing manager
2230,Bruce,Velasquez,Male,kimberly91@example.org,483.620.2379x382,24-09-52,Retail merchandiser
2231,Jo,Stein,Male,roger77@example.net,927.886.5903,31-10-39,Horticultural consultant
2232,Chloe,Dougherty,Male,bobby35@example.com,314-345-1648x65237,4/7/2045,Volunteer coordinator
2233,Herbert,Bartlett,Male,sanderslarry@example.com,(725)638-8336,14-04-09,Armed forces operational officer
2234,Rick,Clark,Female,sanchezdawn@example.com,346-558-4810x5809,18-03-23,"Geologist, engineering"
2235,Jodi,Mcbride,Female,richardjeremiah@example.com,990-260-8062,3/8/2009,Art gallery manager
2236,Samantha,Watson,Male,ybailey@example.org,-9982,1/11/2022,Trade union research officer
2237,Sherry,Dodson,Male,arroyokeith@example.net,(476)425-0047,8/3/2012,"Restaurant manager, fast food"
2238,Stephen,Riley,Male,pchambers@example.net,(868)384-5658x15350,7/11/2033,Event organiser
2239,Melinda,Kemp,Female,dennisdyer@example.org,001-566-852-7386,31-08-07,Broadcast engineer
2240,Diamond,Keller,Female,ihaynes@example.org,353.553.5001,16-01-53,Corporate investment banker
2241,Betty,Archer,Female,owhitaker@example.org,(884)423-0895,16-07-15,Armed forces operational officer
2242,Courtney,Davies,Female,dillon16@example.net,751-800-6180x790,27-06-64,"Surveyor, quantity"
2243,Chelsea,Robbins,Female,ablevins@example.net,8135460815,23-10-83,Social worker
2244,Ariel,Cantrell,Male,davidsonkelsey@example.com,795.398.2440,9/11/2006,Retail merchandiser
2245,Luke,Adkins,Female,cristinabarber@example.net,207-187-8904x094,12/4/2049,Consulting civil engineer
2246,Aimee,Watts,Female,mccannbrian@example.org,207.790.5306x69716,4/10/2029,Counselling psychologist
2247,Doris,Orozco,Male,mrobles@example.com,5057159146,30-05-09,Site engineer
2248,Suzanne,Sandoval,Male,chasevernon@example.com,+1-909-069-2814x628,16-09-83,"Physicist, medical"
2249,Tabitha,Espinoza,Female,pamballard@example.org,478.274.2335,29-09-49,Agricultural consultant
2250,Chad,Santana,Female,wgarrison@example.org,+1-246-437-4278x39713,30-06-81,Contractor
2251,Kelly,Pugh,Male,adkinsyvette@example.net,826-333-5419x612,22-09-83,"Solicitor, Scotland"
2252,Riley,Price,Male,monica68@example.net,177-971-8591,28-01-46,Freight forwarder
2253,Christine,Guerra,Male,jerry42@example.com,9474335485,12/12/2035,Archaeologist
2254,Wesley,Hayden,Female,gonzalesolivia@example.com,099.007.3646,15-02-91,Adult guidance worker
2255,Grant,Pruitt,Female,dsoto@example.net,934-326-2866x2162,23-12-06,"Development worker, international aid"
2256,Chris,Mccoy,Male,vanessacastillo@example.org,(905)923-9647x7796,7/11/2029,Music therapist
2257,Vanessa,Black,Male,andres36@example.org,288-581-2193x0405,31-12-82,Geoscientist
2258,Sabrina,Pierce,Male,mcmillanlorraine@example.net,434-804-9605x0294,16-09-46,"Programme researcher, broadcasting/film/video"
2259,Ana,Grant,Male,cristianriddle@example.org,-5954,28-10-45,Bookseller
2260,Levi,Davies,Male,noah45@example.net,322.374.5550x75424,18-02-07,"Engineer, civil (contracting)"
2261,Angie,Ellis,Male,thomasguerra@example.org,-1302,1/5/1997,Pharmacologist
2262,Melinda,Gonzalez,Male,diane18@example.net,(932)158-8211,31-12-59,Sports coach
2263,Marvin,Fox,Female,floresbenjamin@example.org,046.337.6528x35694,11/5/2007,"Journalist, magazine"
2264,Mason,Fisher,Female,joannaandrews@example.com,+1-962-862-8907x585,11/5/2015,"Engineer, agricultural"
2265,Willie,Ali,Male,migueleaton@example.net,233-159-0301x407,13-11-57,"Engineer, broadcasting (operations)"
2266,Mathew,Hays,Male,rroberson@example.org,933.672.8630,10/12/2019,"Accountant, chartered management"
2267,Ronnie,Prince,Female,angelpatton@example.org,2780371767,24-02-74,"Designer, jewellery"
2268,Taylor,Giles,Female,kellermelanie@example.net,(200)195-8865x216,14-05-36,Freight forwarder
2269,Joan,Fitzpatrick,Male,dennisshaun@example.org,001-032-626-6996x388,8/10/2013,"Education officer, museum"
2270,Kim,Hays,Female,hli@example.org,816.839.8744,12/3/2008,Health visitor
2271,Drew,Curtis,Female,francis01@example.com,091.327.8832x698,5/9/1978,Media planner
2272,Grace,Terrell,Male,kyliegamble@example.com,756-096-7546x622,11/3/2022,Minerals surveyor
2273,Cassie,Hoffman,Male,xhuffman@example.net,(782)772-3732,15-02-37,Editorial assistant
2274,Suzanne,Cabrera,Male,angie37@example.org,714-595-5318,16-12-42,Archivist
2275,Hailey,Saunders,Female,hcombs@example.com,002-824-4587x43475,28-04-61,Furniture conservator/restorer
2276,Tammie,Skinner,Female,jacksonmarshall@example.net,617-978-1391x519,24-05-12,"Psychologist, occupational"
2277,Eduardo,Rush,Female,laranicole@example.net,(586)208-4731x949,24-05-99,Sport and exercise psychologist
2278,Martha,Swanson,Female,harry64@example.com,+1-107-168-5670x63215,25-12-70,Financial adviser
2279,Leonard,Ward,Male,pclarke@example.com,081.734.0614x46603,31-07-10,Fitness centre manager
2280,Colton,Gray,Male,shane32@example.net,001-767-348-3315x152,21-05-08,Trade union research officer
2281,Carlos,Bauer,Male,jchristensen@example.com,001-226-784-7988,19-08-05,Oceanographer
2282,Jo,Parsons,Female,antoniohendrix@example.com,928-306-8115,27-07-34,Television camera operator
2283,Karla,Collins,Female,wdurham@example.com,(541)299-0945,25-02-75,Restaurant manager
2284,Deborah,Sutton,Female,phyllismclaughlin@example.org,001-413-843-7979x8405,30-08-59,Horticultural consultant
2285,Leroy,Zavala,Male,wernermario@example.net,(346)771-6365x27765,28-12-00,Learning mentor
2286,Tamara,Browning,Male,webermaurice@example.net,361-972-3255,26-09-43,Homeopath
2287,Alec,Esparza,Female,solisvictoria@example.net,868.154.1818x35464,10/1/1964,Hydrographic surveyor
2288,Cindy,Leblanc,Male,allen50@example.net,001-086-966-6377x90161,21-09-47,Video editor
2289,Alexandra,Cobb,Male,sabrinagentry@example.org,+1-711-372-8488x6752,12/7/1989,"Teacher, primary school"
2290,Shane,Woodward,Male,frederickgarrett@example.net,975.859.9141x09153,15-10-57,"Embryologist, clinical"
2291,Jorge,Marquez,Female,carla43@example.com,268-119-4824,15-10-29,Teaching laboratory technician
2292,Arthur,Huber,Male,mallory53@example.net,-8479,15-07-47,Water engineer
2293,Drew,Travis,Female,kayleebeltran@example.net,369.843.2652x946,24-07-46,"Engineer, structural"
2294,Chloe,Howard,Male,debra36@example.net,(470)852-5813x37060,5/3/2039,Chartered loss adjuster
2295,Elizabeth,Nash,Female,kristiclayton@example.com,+1-165-698-1900x734,15-06-32,Restaurant manager
2296,Alisha,Hutchinson,Female,gonzalezcarla@example.com,587221218,20-01-15,Medical illustrator
2297,Dylan,Livingston,Female,tanyahorn@example.com,+1-899-369-0774x017,19-10-34,Broadcast engineer
2298,Grant,Griffith,Female,finleyolivia@example.com,133-887-3705x83675,4/12/1964,Environmental manager
2299,Trevor,Gardner,Male,samuel59@example.org,018-255-5363,21-05-19,Planning and development surveyor
2300,Joyce,Ruiz,Female,hflores@example.net,847-115-1268,12/10/2036,Insurance claims handler
2301,Dean,Gates,Male,gilbertshelley@example.com,865-933-8693x507,17-04-04,"Therapist, nutritional"
2302,Ruben,Pruitt,Female,adam84@example.org,358.144.9408,25-09-03,"Journalist, magazine"
2303,Jillian,Mcdowell,Female,sheenanorris@example.net,786310127,23-09-76,Radio producer
2304,Darren,Marks,Male,kurt82@example.org,001-991-931-2289x927,4/1/1998,Land/geomatics surveyor
2305,Crystal,Vang,Female,rpatrick@example.com,+1-701-697-8808x292,3/3/1950,Dentist
2306,Gabrielle,Yu,Male,carlsexton@example.org,353.575.9621,25-08-10,Ergonomist
2307,Michele,Booker,Female,ebony45@example.com,245-646-5647x9685,10/3/2038,"Conservator, museum/gallery"
2308,Darryl,Swanson,Male,hdouglas@example.org,001-406-913-6197x41282,29-10-22,Hospital doctor
2309,Olivia,Rocha,Female,mbooth@example.net,178-990-0742,1/12/2046,Research scientist (medical)
2310,Ryan,Bowers,Female,mmarsh@example.net,911.166.8636x763,25-09-19,Art therapist
2311,Crystal,Briggs,Female,darlene54@example.net,(128)604-4482,19-12-83,"Journalist, magazine"
2312,Kaylee,Mason,Male,byrdjake@example.org,513-637-0662,11/1/2009,Records manager
2313,Geoffrey,Mays,Male,gnorton@example.com,001-070-685-8117x146,28-01-19,Brewing technologist
2314,Nathan,Stone,Female,larachloe@example.com,-1915,23-08-95,Transport planner
2315,Raymond,Chandler,Male,efrank@example.org,001-844-630-3074x5685,8/7/1961,Dealer
2316,Sophia,Le,Male,kduke@example.net,170.206.6475x55338,5/6/2021,Dance movement psychotherapist
2317,Kara,Cummings,Male,montesdonna@example.com,822-761-7355x474,8/8/1976,Psychiatric nurse
2318,Cody,Macdonald,Female,lozanonicole@example.net,762.489.0531x83265,1/8/2007,"Administrator, sports"
2319,Doris,Garrett,Male,kwang@example.com,+1-151-515-7076x326,14-06-03,Museum education officer
2320,Gregg,Rosario,Female,tiffanystark@example.net,387-260-3189x86090,14-10-12,TEFL teacher
2321,Jerome,Chase,Male,mary22@example.net,+1-695-772-7963x2243,12/2/1973,Environmental consultant
2322,Seth,Williamson,Female,hollybridges@example.com,726.765.1884x509,12/6/2016,Health physicist
2323,Eugene,Terrell,Male,jessica12@example.net,001-796-504-1441,6/1/2036,"Education officer, museum"
2324,Patty,Fields,Male,harryballard@example.org,569-139-7054x09181,12/7/2003,Chartered legal executive (England and Wales)
2325,Jocelyn,Cannon,Female,escobarkevin@example.com,352-898-2539,10/3/2040,Sports administrator
2326,Mercedes,Webb,Female,brad91@example.org,079-073-7845x868,10/8/2018,"Buyer, retail"
2327,Brandi,Mclean,Female,zjenkins@example.org,813.574.0629x786,19-09-06,"Scientist, biomedical"
2328,Gene,Randall,Male,parker85@example.com,840.059.6895,9/3/1957,"Secretary, company"
2329,Sonya,Ali,Male,mercermia@example.org,904-896-1611x48024,9/6/1996,Network engineer
2330,Sara,Whitehead,Female,rherman@example.net,001-524-568-5236,14-07-19,Make
2331,Jesse,Forbes,Female,joseph77@example.net,364.299.7354x6096,21-03-79,Colour technologist
2332,Sherri,Moss,Male,privers@example.net,001-193-195-9557x0103,9/6/2000,Police officer
2333,Ashley,Ballard,Female,thorntonjake@example.org,965-141-0648x48288,9/7/2010,"Investment banker, operational"
2334,Rebekah,Zhang,Male,shelly39@example.net,049-095-1792x62181,18-11-32,"Engineer, site"
2335,Lydia,Sawyer,Male,fbright@example.com,001-328-676-6933x7083,15-09-03,Learning disability nurse
2336,Christina,Stark,Female,chelsey48@example.org,001-724-139-6909,23-01-38,Production manager
2337,Trevor,Bowen,Male,adrianaherman@example.org,001-229-292-5188x726,21-02-00,Copy
2338,Leroy,Jackson,Female,vargastheodore@example.com,(518)401-4452x9137,9/7/2001,"Engineer, materials"
2339,Chloe,Oliver,Male,ariasamanda@example.net,+1-327-838-0061x0994,22-03-86,Materials engineer
2340,Sandra,Combs,Male,slozano@example.org,-5425,8/11/2012,Health promotion specialist
2341,Sydney,Wood,Female,veronicabeard@example.com,(524)651-6228x7378,15-03-35,Accounting technician
2342,Martin,Reed,Male,dchristian@example.net,(555)886-6221x91848,15-12-14,"Scientist, water quality"
2343,James,Torres,Female,evan73@example.org,875-536-4505x698,23-08-17,Armed forces logistics/support/administrative officer
2344,Lauren,Castaneda,Male,sherryallison@example.net,001-576-729-6642,18-03-96,"Nurse, mental health"
2345,Tanya,David,Female,savageearl@example.com,(185)885-0081x9904,6/9/2009,Emergency planning/management officer
2346,Madison,Washington,Male,ramirezduane@example.org,559-960-1739x621,30-03-96,Water quality scientist
2347,Francis,Weeks,Male,sherrera@example.org,302.568.4015x0262,8/4/1958,"Merchandiser, retail"
2348,Krista,Shepherd,Female,cfrye@example.org,064.684.2530,31-07-21,"Designer, jewellery"
2349,Wyatt,Ortega,Male,fernandoclay@example.com,001-798-937-8954x475,4/3/2034,"Psychologist, sport and exercise"
2350,Jeremiah,Vincent,Female,reginaldjenkins@example.net,923.224.2004x1047,23-10-13,"Editor, commissioning"
2351,Bethany,Castro,Female,dwayne91@example.org,592-286-2296x511,5/12/2020,Curator
2352,Joe,Bullock,Female,renee79@example.org,850-912-7074x73337,16-07-89,Drilling engineer
2353,Herbert,Montoya,Female,icaldwell@example.net,(442)339-5892,24-05-18,Medical physicist
2354,Diana,Blevins,Male,vperry@example.com,001-631-187-0672x17057,11/4/1995,Firefighter
2355,Jeanne,Ramos,Male,aarellano@example.net,646-416-2797,27-02-39,Horticultural consultant
2356,Joanna,Contreras,Female,gordon61@example.net,-8555,11/2/1971,Chief of Staff
2357,Denise,Pace,Female,ilin@example.net,306-160-9664x45610,20-12-13,Brewing technologist
2358,Earl,Faulkner,Male,charlene34@example.org,164.466.2315,10/4/1992,"Engineer, electrical"
2359,Marc,Aguirre,Male,amolina@example.com,(099)076-0150,6/4/2022,Recycling officer
2360,Jake,Gilbert,Female,lawrencebarrera@example.net,(832)029-5312,22-12-06,Software engineer
2361,Marie,Lyons,Male,barbara64@example.org,479-099-9442x149,27-06-66,"Nurse, mental health"
2362,Joanna,Bennett,Male,kclements@example.com,001-901-687-2568x6342,20-06-11,Amenity horticulturist
2363,Lori,Brennan,Female,malloryfriedman@example.com,454-761-6063x150,27-03-43,Risk analyst
2364,Briana,Bass,Female,hutchinsonbrianna@example.com,948.906.1951x15004,4/8/1956,Mudlogger
2365,Sheila,Mercer,Male,wgrant@example.com,075.341.2245x9238,31-08-23,Training and development officer
2366,Cesar,Steele,Male,tblevins@example.net,001-635-234-0064x80070,15-08-33,"Therapist, occupational"
2367,Alice,Chan,Male,montestami@example.net,+1-919-963-5607x509,30-12-17,Geophysicist/field seismologist
2368,Madison,Clay,Female,cookeyesenia@example.com,+1-698-090-8914x04738,20-10-59,Clinical psychologist
2369,Jorge,Thornton,Female,jo38@example.com,001-361-564-1527,20-06-46,Senior tax professional/tax inspector
2370,Adrian,Faulkner,Male,dhogan@example.com,001-786-135-8157,5/5/1964,Medical laboratory scientific officer
2371,Mindy,Osborne,Female,jacksonricardo@example.org,538.361.0702,1/6/1972,"Embryologist, clinical"
2372,Brenda,Jimenez,Male,nweeks@example.net,(721)039-1573x7031,25-04-67,"Geologist, wellsite"
2373,Abigail,Moss,Female,hendricksdave@example.org,673.357.3078x04630,6/5/2023,Private music teacher
2374,Chad,Daniel,Male,loriblake@example.com,(796)101-8773x190,23-05-21,Armed forces logistics/support/administrative officer
2375,Juan,Jackson,Male,williemclean@example.com,-1668,15-10-83,"Social research officer, government"
2376,Jeffrey,Boone,Female,msnyder@example.net,037-422-8621x1764,12/1/1972,"Designer, fashion/clothing"
2377,Felicia,Hardy,Male,kerry57@example.net,(249)318-2999x23822,23-10-82,Curator
2378,Cindy,Levy,Female,qkennedy@example.com,001-725-987-5914x8977,22-11-47,Drilling engineer
2379,Pamela,Heath,Female,kstein@example.com,001-381-830-6837x46028,14-08-17,Tourist information centre manager
2380,Melinda,Price,Female,mmyers@example.org,276-905-5797x05240,6/1/2021,"Teacher, primary school"
2381,Vanessa,Heath,Male,ublair@example.net,018.660.0058,20-01-55,"Designer, industrial/product"
2382,Stacie,Dunlap,Female,cantrellsamantha@example.com,001-697-237-0981x68317,20-11-96,Financial planner
2383,Sheila,Good,Male,mclaughlinchase@example.com,+1-193-025-7008x7832,6/3/1968,Communications engineer
2384,Krystal,Potts,Female,mmcdaniel@example.com,001-272-506-0250x538,13-11-56,Catering manager
2385,Rickey,Ortega,Female,pstuart@example.com,747-432-4719x4718,21-02-81,Advertising account executive
2386,Desiree,Chandler,Male,mikaylahull@example.com,(271)905-9614,12/7/2022,"Solicitor, Scotland"
2387,Francisco,Singh,Male,neilmora@example.org,-8468,14-04-01,Chief Operating Officer
2388,Isaac,Lozano,Male,cshort@example.net,001-324-811-8272x386,10/4/1977,"Programmer, applications"
2389,Alexandria,Walker,Male,herringbryan@example.com,582.101.4362,7/12/2043,Market researcher
2390,Cassandra,Leonard,Female,gail04@example.com,(467)087-3244,2/12/1964,Higher education lecturer
2391,Miranda,Travis,Female,mackenzie68@example.com,7650256192,31-01-13,"Engineer, broadcasting (operations)"
2392,Peter,Spence,Female,hayden36@example.org,501.698.0157,6/9/2004,Physiological scientist
2393,Dawn,Rivas,Male,yfranco@example.org,365.257.0101x622,28-03-65,Newspaper journalist
2394,Jasmine,Bright,Male,chad16@example.com,-2369,5/8/1987,Operations geologist
2395,Diamond,Bridges,Female,richardsmatthew@example.org,001-547-032-9561x369,9/2/1987,"Engineer, electrical"
2396,Darrell,Mora,Male,mortonjared@example.com,975-218-7583,18-10-26,Data scientist
2397,Stacey,Morrison,Female,cdorsey@example.org,001-306-867-6571x83794,1/4/2021,Energy manager
2398,Jermaine,Rodriguez,Male,cristiandominguez@example.com,(195)500-8855,5/9/2014,Merchant navy officer
2399,Krista,Freeman,Female,joyfernandez@example.net,-3168,1/6/2033,Human resources officer
2400,Anthony,Harmon,Female,obrienkristopher@example.com,2433746013,19-03-30,"Production assistant, radio"
2401,Traci,Peck,Male,alfredkidd@example.net,+1-751-484-2644x993,28-08-29,Naval architect
2402,Gavin,Medina,Male,peckmelanie@example.com,+1-546-733-9820x01273,2/7/1963,Software engineer
2403,Stacy,Madden,Male,friedmangabriella@example.net,912.648.4794,27-10-59,"Therapist, art"
2404,Kaitlin,Sparks,Female,grantmeagan@example.com,8957571842,19-12-76,"Horticulturist, amenity"
2405,Jeffrey,Moody,Female,calebwhitaker@example.com,001-543-931-0232x65619,18-06-38,"Psychologist, clinical"
2406,Austin,Hardy,Female,kayleehurst@example.org,+1-767-361-8069x815,25-01-09,Sports development officer
2407,Vickie,Velazquez,Female,shirley86@example.net,-8070,2/4/2045,"Pharmacist, hospital"
2408,Sheryl,Mcclain,Male,villanuevasophia@example.net,944006638,12/6/2035,Heritage manager
2409,David,Lindsey,Male,tylerayers@example.net,951-277-2437,3/10/1952,Electronics engineer
2410,Zoe,Mcknight,Female,mauricejarvis@example.com,001-470-033-2302,11/9/1979,"Restaurant manager, fast food"
2411,Gregg,Luna,Female,hayleybarron@example.com,001-902-484-7032x13496,7/2/1968,Air traffic controller
2412,Russell,Ryan,Male,wintersmarilyn@example.net,001-941-597-5825x655,14-07-14,Dentist
2413,Chris,Whitaker,Male,shelly54@example.net,+1-442-519-3046x28224,8/5/2027,Farm manager
2414,Alice,Cowan,Male,debrascott@example.com,(354)366-9402x73971,27-03-09,Community development worker
2415,Carly,Bartlett,Female,ghaynes@example.org,001-281-544-5840x0060,19-06-30,Public relations account executive
2416,Annette,Hicks,Female,gchung@example.org,(096)024-1597x42114,25-02-26,"Scientist, research (physical sciences)"
2417,Sabrina,Herman,Female,clarkepamela@example.net,157-252-1614,23-04-79,Translator
2418,Jeremiah,Henson,Male,hmoran@example.com,366.299.9845,9/3/2021,Waste management officer
2419,Nicole,Hendrix,Male,mitchellgibbs@example.net,448-316-5440x0228,8/1/1952,Recruitment consultant
2420,Howard,Robinson,Male,mooremichele@example.org,409.882.6871x7620,10/9/1968,Applications developer
2421,Jill,Trujillo,Female,hboyd@example.net,130-454-6057x83058,23-07-52,Archivist
2422,Gwendolyn,Gay,Male,perezashley@example.net,-10787,4/4/1998,Video editor
2423,Mary,Yoder,Male,dillonbarker@example.net,+1-251-218-3283x42338,6/2/2009,"Engineer, biomedical"
2424,Theresa,Blankenship,Female,dodsonsean@example.org,633-625-2778x579,10/8/1997,Animal technologist
2425,Cassidy,Sampson,Female,fieldslynn@example.com,(702)157-6268x9975,25-09-70,"Teacher, special educational needs"
2426,Alison,Davenport,Female,connorwaters@example.org,(172)405-3011x805,2/4/1997,Chiropodist
2427,Cheryl,Montgomery,Female,randy13@example.net,(997)409-2605x9586,23-04-44,Financial adviser
2428,Don,Meza,Female,alex73@example.com,(607)457-2579x716,9/8/2009,IT consultant
2429,Jeremy,Mitchell,Male,lrandolph@example.org,001-196-316-3124x232,16-03-44,"Designer, ceramics/pottery"
2430,Yesenia,Wyatt,Female,nfigueroa@example.com,729-699-6714x58157,21-11-35,"Civil engineer, consulting"
2431,Joseph,Nielsen,Male,destinyroberts@example.com,001-144-742-6016x814,1/8/1977,"Therapist, music"
2432,Michaela,Garza,Male,bgallegos@example.org,+1-989-580-6872x1273,11/2/2030,Careers information officer
2433,Kelly,Morgan,Male,aimee05@example.org,001-129-321-0474x467,6/6/2007,Applications developer
2434,Terrence,Griffith,Female,rosalesterrence@example.net,(109)049-7974x591,1/8/2017,"Education officer, community"
2435,Sophia,Bryant,Male,penasherry@example.net,398.984.8469x87286,4/10/1974,Photographer
2436,Sarah,Franklin,Female,connor73@example.net,189.043.5346x35696,17-04-60,Ecologist
2437,Clifford,Roach,Female,yeseniaandersen@example.net,8513202718,26-02-31,"Engineer, control and instrumentation"
2438,Bobby,Gilbert,Female,zrhodes@example.org,+1-533-909-3811x768,11/5/1960,Medical secretary
2439,Rose,Barron,Male,areeves@example.org,746.873.2601x1685,27-04-96,Human resources officer
2440,Willie,Bartlett,Female,carly60@example.net,001-291-617-4713x8511,7/1/2038,Sales executive
2441,Dustin,Garrison,Male,fishergavin@example.net,618.937.9153,11/11/1975,"Engineer, water"
2442,George,Whitaker,Female,ryanselena@example.org,835-684-9296,20-11-06,Analytical chemist
2443,Casey,Freeman,Female,corey86@example.com,(893)168-6847x3589,12/3/2020,Cabin crew
2444,Ricardo,Delgado,Male,craigraymond@example.net,9701310885,18-01-77,IT trainer
2445,Gilbert,Huber,Female,diazdarius@example.org,(191)641-6649,5/4/1975,Bookseller
2446,Jocelyn,Parsons,Male,maxwellperez@example.net,(878)245-6295x3166,1/4/2047,Insurance risk surveyor
2447,Michelle,Johns,Female,priscillashort@example.com,001-291-462-1930x8236,6/2/2028,Retail manager
2448,Franklin,Lynn,Male,breannaward@example.org,591-883-4934x162,28-12-77,"Loss adjuster, chartered"
2449,Paul,Moreno,Female,salinasstephen@example.com,4528412786,13-06-15,Arts administrator
2450,Sherry,Greene,Male,gordonblackburn@example.com,001-293-007-8033x54606,16-06-73,"Conservation officer, nature"
2451,Jackson,Beck,Female,shirleycraig@example.com,+1-961-708-5732x888,6/10/1958,"Designer, fashion/clothing"
2452,Loretta,Herman,Male,keith19@example.net,+1-309-097-3392x1685,6/3/2020,Chartered public finance accountant
2453,Raymond,Bond,Male,carly70@example.net,(149)500-9299x59116,24-03-16,Forensic scientist
2454,Shawn,Cherry,Female,mgould@example.org,326.506.7525,23-06-10,Psychiatric nurse
2455,Barry,Warren,Male,isaiah12@example.net,(778)769-9072x657,18-11-02,Secretary/administrator
2456,Charles,Rowe,Female,whitneydylan@example.net,(319)073-6987,19-05-66,Insurance claims handler
2457,Isabella,Gill,Male,simpsonmindy@example.net,001-646-397-8751x3164,4/12/1978,"Editor, film/video"
2458,Barbara,Sanford,Male,jreeves@example.net,625-982-6363,26-09-17,"Teacher, music"
2459,Jacob,Davenport,Male,malonediana@example.org,847-943-7450x09265,18-04-38,Health promotion specialist
2460,Shelley,Rivas,Female,gerald11@example.org,(408)619-4107,18-11-48,Hydrologist
2461,Zachary,Mclaughlin,Male,owenskristen@example.org,9886464586,20-05-31,Haematologist
2462,Devon,Gaines,Female,ncolon@example.net,001-413-506-1688x0271,14-12-00,Pathologist
2463,Chris,English,Male,alec84@example.org,403-209-8802,24-03-64,Science writer
2464,Sarah,Church,Male,vbond@example.com,001-224-972-5823x4139,31-10-42,Broadcast engineer
2465,Jodi,Strickland,Male,jenkinsriley@example.net,001-302-040-2498,27-04-11,Health promotion specialist
2466,Antonio,Fletcher,Female,fbray@example.net,001-161-043-8497x40508,12/8/2026,Professor Emeritus
2467,Cameron,Stuart,Female,yatessusan@example.com,001-820-760-9091x68608,14-12-07,Museum education officer
2468,Kellie,Clay,Female,knappalex@example.org,801.199.9317,16-04-91,"Psychologist, clinical"
2469,Paul,Ferrell,Male,usosa@example.org,979-140-6580x637,13-10-55,Museum education officer
2470,Maureen,Brewer,Male,liluke@example.com,+1-258-478-5136x6824,5/3/2009,"Therapist, art"
2471,Marissa,Oconnell,Male,djordan@example.com,458-092-0689,30-07-30,"Doctor, hospital"
2472,Dennis,Buchanan,Male,melvin52@example.com,(667)491-5284,2/1/2039,"Copywriter, advertising"
2473,Daryl,Barrera,Male,douglas61@example.com,409-980-2340x90841,23-05-90,Chiropractor
2474,Cassandra,Blevins,Female,hmoore@example.com,186605412,9/10/2032,Chartered public finance accountant
2475,Morgan,Neal,Female,pettykelli@example.com,7817719074,8/6/1950,Dealer
2476,Kelly,Barrera,Female,pjensen@example.net,(601)602-9231,16-08-31,"Teacher, English as a foreign language"
2477,Jacob,Crawford,Female,rileyvalentine@example.org,(757)935-0139,25-03-52,"Civil engineer, consulting"
2478,Marilyn,Johnson,Male,jesus08@example.org,(951)062-8352,24-03-94,Publishing copy
2479,Rachael,Reid,Female,jeanettetanner@example.com,(145)257-2551x81688,16-05-95,Toxicologist
2480,Maureen,Moses,Female,mariah94@example.com,635.585.8853,29-03-11,Ceramics designer
2481,Sergio,Pineda,Male,michaelsheppard@example.org,-10124,11/11/1984,Television/film/video producer
2482,Frances,Buchanan,Male,pierceshane@example.org,+1-827-689-3829x0119,14-10-86,Chief Technology Officer
2483,Dwayne,Ortega,Male,achurch@example.com,(949)243-9433x17510,14-10-16,Charity fundraiser
2484,Crystal,Callahan,Female,glawrence@example.net,190.408.4445,25-11-17,Equities trader
2485,Warren,Duran,Female,lorismall@example.com,(814)657-8431x076,12/12/1976,"Surveyor, quantity"
2486,Max,Campbell,Male,mccormicktammie@example.com,001-342-028-7906x54642,14-07-98,Geophysicist/field seismologist
2487,Edgar,Nelson,Female,danieltrevor@example.org,7808667988,4/9/1986,"Scientist, biomedical"
2488,Hector,Graham,Female,vpeterson@example.net,7246821514,10/2/2006,"Designer, furniture"
2489,Allison,Elliott,Female,bryan09@example.org,001-610-238-2467x74354,20-08-35,Trading standards officer
2490,Albert,Robertson,Male,alidarren@example.net,(892)787-3780x587,19-06-69,Phytotherapist
2491,Melody,Morrow,Female,rowlandchloe@example.com,(521)902-6786x3072,19-11-63,Historic buildings inspector/conservation officer
2492,Christy,Fritz,Female,msampson@example.com,631.987.6832x856,17-12-13,Clinical embryologist
2493,Andre,Lee,Male,keithkaufman@example.org,+1-677-353-6807x0612,8/9/1999,"Conservator, furniture"
2494,Sabrina,Calderon,Male,brent23@example.org,001-009-168-3798x14007,10/9/1967,Legal secretary
2495,Devin,Perkins,Male,shawshelley@example.org,001-120-066-4495x0538,7/11/2007,Marine scientist
2496,Nicholas,Yates,Female,ronaldfitzgerald@example.net,655.499.4879,11/7/2047,Personal assistant
2497,Alexis,Patton,Male,sandy34@example.org,001-977-841-0977x629,9/3/2012,Marine scientist
2498,Leah,Ellis,Female,egiles@example.org,3099824109,7/10/1953,Financial adviser
2499,Alexa,Mooney,Male,uday@example.org,001-692-979-6473,12/5/1984,Biomedical scientist
2500,Francisco,Nolan,Female,esparzadarrell@example.org,(985)926-9025,26-12-92,Sports development officer
2501,Ruth,Simmons,Female,fieldsnatalie@example.net,832.551.5753,9/12/1989,"Editor, film/video"
2502,Wesley,Key,Female,natalieleon@example.org,359-820-9554x43877,6/8/2022,Education administrator
2503,Brent,Villa,Male,rtravis@example.com,634-346-4393x3530,18-01-84,Paediatric nurse
2504,Morgan,Erickson,Female,matthewkramer@example.net,(017)589-7399,2/4/2021,"Restaurant manager, fast food"
2505,Preston,Aguirre,Female,warejamie@example.com,001-717-538-4367x82670,24-12-48,Tourist information centre manager
2506,Vanessa,Fernandez,Male,xrichard@example.com,659-566-0032,11/6/2014,"Engineer, control and instrumentation"
2507,Marissa,Acevedo,Female,strongellen@example.org,(870)065-4661x3366,13-02-97,Transport planner
2508,Brenda,Rogers,Male,taylorkirsten@example.net,360-535-3400x49666,8/1/2007,Chiropractor
2509,Mason,Baker,Male,tnash@example.net,109.503.6912,19-03-48,"Therapist, drama"
2510,Joyce,Foley,Female,shellybaxter@example.net,144-844-9196x094,19-04-67,Furniture designer
2511,Garrett,Combs,Male,xparrish@example.org,687.242.8352x906,23-08-28,IT sales professional
2512,Joshua,Lindsey,Female,wardharold@example.org,(670)715-2620,16-01-47,Optometrist
2513,Kerri,Schultz,Female,edunn@example.net,562-705-7038x123,1/9/2018,TEFL teacher
2514,Emily,Gaines,Female,kayleedillon@example.net,001-752-203-0399,15-01-25,Estate manager/land agent
2515,Jacob,Rich,Female,ctapia@example.net,(306)592-2803,11/9/1962,"Optician, dispensing"
2516,Jasmine,Molina,Female,erica86@example.com,(317)270-3639,5/8/1986,Hotel manager
2517,Rhonda,Love,Female,lynchdean@example.net,1308163153,26-12-19,"Engineer, civil (contracting)"
2518,Brianna,Collins,Female,mosleyralph@example.org,427.188.0657x7706,17-06-39,"Doctor, general practice"
2519,Christina,Wade,Male,bernard58@example.org,+1-407-251-7652x341,21-02-08,Special effects artist
2520,Edward,Villa,Male,manuel51@example.net,001-336-272-5796x3816,10/1/2043,Health visitor
2521,Jeremiah,Strickland,Male,toni77@example.net,(280)769-4623,14-04-46,English as a foreign language teacher
2522,Nina,Hansen,Male,stephanietrujillo@example.net,947.444.9610,16-09-44,"Presenter, broadcasting"
2523,Isabella,Gross,Female,zachary19@example.org,-6598,19-01-47,Solicitor
2524,Joseph,Marks,Female,shawnoneal@example.net,001-366-146-4171x33963,22-05-29,Armed forces logistics/support/administrative officer
2525,Glenda,Bean,Female,danawalls@example.com,318.356.2858,3/1/2042,Magazine journalist
2526,Jim,Lopez,Male,jeanne42@example.net,(350)880-4672x669,21-03-12,"Programmer, systems"
2527,Rhonda,Duarte,Male,kerryshelton@example.org,315-250-2532x17759,13-09-34,Land
2528,Ruth,Norman,Female,patty68@example.com,(029)210-8671x19240,18-07-05,Quantity surveyor
2529,Denise,Robinson,Male,erica67@example.com,096-226-9171,26-06-78,"Education officer, community"
2530,Savannah,West,Female,jonathonfrost@example.org,001-681-335-0978x01629,18-07-13,"Surveyor, building control"
2531,Alice,Case,Male,chloe91@example.org,(447)722-0651x691,4/9/1972,Environmental health practitioner
2532,Wyatt,Mclaughlin,Male,kwoods@example.com,759.394.6442,30-12-82,Writer
2533,Christian,Chan,Female,bballard@example.com,5667071806,20-08-61,Film/video editor
2534,Troy,Watts,Male,ybautista@example.org,433.212.5426x8751,16-09-67,Horticultural consultant
2535,Cheyenne,Lee,Female,gburke@example.net,+1-295-481-5899x8749,12/8/2044,Management consultant
2536,Hunter,Sosa,Female,cingram@example.com,941.883.2718,9/9/2032,Exhibition designer
2537,John,Delacruz,Male,stefanieyoung@example.com,500-286-8857x95090,2/1/2023,Translator
2538,Pam,Fitzpatrick,Female,michele38@example.net,001-621-104-9835x980,17-03-32,"Nurse, mental health"
2539,Mercedes,Charles,Female,benderdiane@example.org,068-077-6577,11/2/1959,Surgeon
2540,Natalie,Abbott,Male,emilymccoy@example.org,(966)322-3692,8/11/2009,Tax inspector
2541,Joann,Mccormick,Male,blackwellseth@example.com,(868)743-7683x22955,1/4/1955,Careers adviser
2542,Gwendolyn,Mccarty,Female,mcneilmaria@example.net,337.628.7031x305,27-03-42,Audiological scientist
2543,Abigail,Kramer,Male,preston11@example.com,-1623,3/10/2020,Museum/gallery exhibitions officer
2544,Katie,Crane,Male,conniewilkinson@example.net,+1-150-558-6814x92978,11/6/2013,Magazine features editor
2545,Katherine,Daniel,Female,hamptonsabrina@example.com,630.505.7209,8/8/1972,Television production assistant
2546,Ashley,Robinson,Male,dillon99@example.org,+1-235-521-0994x2288,5/12/2045,Air broker
2547,Angelica,Armstrong,Male,pamelaallison@example.net,885.355.8943x914,11/12/1968,Banker
2548,Katelyn,Mack,Male,yhuerta@example.com,001-452-752-3611x93432,1/5/1959,Quarry manager
2549,Brandi,Vincent,Female,qhaynes@example.net,975.626.5297x4314,20-10-15,Financial risk analyst
2550,Marco,Wade,Male,carolynpatton@example.org,(879)130-8776x424,29-09-44,Animator
2551,Ellen,Sherman,Male,selenadunlap@example.net,001-450-557-4338x49163,28-10-06,Chief Executive Officer
2552,Bernard,Dunn,Male,cardenaszoe@example.org,001-981-232-6814x131,26-01-47,"Surveyor, hydrographic"
2553,Johnathan,Best,Male,caitlyn63@example.net,(563)205-7122,17-06-77,Restaurant manager
2554,Julia,Carrillo,Female,frostshaun@example.net,597.307.6336,30-04-93,Quarry manager
2555,Joseph,Pineda,Female,madisoncervantes@example.org,(937)278-5941,25-10-16,Recycling officer
2556,Katherine,Savage,Female,zstephens@example.net,384.794.2673x51673,3/3/1978,Information systems manager
2557,Molly,Serrano,Female,rileybilly@example.com,882.714.2937,6/5/2042,Theatre manager
2558,Candice,Simmons,Female,brittneyforbes@example.org,418.700.9399x6175,15-10-53,Statistician
2559,Tracie,Mcneil,Female,bailey74@example.org,745-605-1927x5921,3/12/2038,"Production assistant, radio"
2560,Trevor,Franklin,Male,chelsey39@example.net,298-469-9006,22-06-09,Television floor manager
2561,Loretta,Blackwell,Female,brianna37@example.net,001-158-382-3354,20-09-10,"Sound technician, broadcasting/film/video"
2562,Krystal,Bullock,Male,derek11@example.org,001-594-391-6952x7704,22-07-60,"Psychologist, sport and exercise"
2563,Nicole,Gallagher,Female,galvandeanna@example.com,(983)472-7951x15690,7/12/2014,Occupational psychologist
2564,Todd,Wiley,Male,hgray@example.net,001-431-238-6773x15177,1/9/2004,Recycling officer
2565,Emma,Kaiser,Female,uosborne@example.com,727-660-7068,2/12/2021,Brewing technologist
2566,Franklin,Franklin,Female,gbarrett@example.net,+1-796-317-0429x6059,7/6/1999,"Social research officer, government"
2567,Kaitlin,Church,Male,mhorton@example.com,897.044.3458x6243,7/5/2021,Proofreader
2568,Daisy,Patrick,Male,dylanodonnell@example.org,001-856-362-2918x7237,25-04-52,Air cabin crew
2569,Judith,Byrd,Male,daniellesanders@example.org,+1-821-731-5235x639,15-07-15,IT technical support officer
2570,Janice,Hooper,Female,kyoung@example.org,(187)334-3469x47054,21-06-13,Armed forces logistics/support/administrative officer
2571,Erik,English,Female,anthonyodonnell@example.com,327.396.3990x409,31-05-68,Clothing/textile technologist
2572,Lydia,Vaughn,Female,sydneykemp@example.net,(131)746-2221,28-11-19,Advice worker
2573,Evelyn,Cox,Male,tinasawyer@example.com,001-341-766-2673,16-09-85,"Engineer, manufacturing systems"
2574,Troy,Myers,Female,brett97@example.net,+1-218-993-8418x67267,17-12-42,Teaching laboratory technician
2575,Kathleen,Campbell,Male,sharongiles@example.com,001-470-532-5780x816,27-06-21,Video editor
2576,Renee,Rhodes,Female,rhodesparker@example.net,+1-261-359-0628x182,22-02-01,Financial manager
2577,Sonya,Carpenter,Male,cathyflores@example.net,6001189353,5/1/1964,Web designer
2578,Matthew,Griffith,Male,glutz@example.com,001-553-933-2099x0206,14-08-86,Analytical chemist
2579,Tammie,Franklin,Male,zolson@example.net,7905306996,24-04-13,Tourist information centre manager
2580,Ian,Irwin,Male,tanyajarvis@example.org,(872)543-3753x77238,18-04-01,Museum/gallery conservator
2581,Selena,Conway,Female,guerrerotim@example.net,001-056-013-8518x6541,5/7/2036,Occupational hygienist
2582,Traci,Rivas,Male,grantbrooke@example.org,830-941-1148,6/10/2007,Clinical biochemist
2583,Bailey,Ingram,Male,harpermolly@example.com,829.581.1792x25818,6/1/1987,Ecologist
2584,Nina,Brandt,Male,mia82@example.org,-7037,13-02-76,Special educational needs teacher
2585,Terrence,Wallace,Female,murillorebecca@example.com,+1-593-940-9593x60961,24-08-99,Careers information officer
2586,Herbert,Cross,Male,staceyschroeder@example.net,966-898-9868,7/4/1958,Retail merchandiser
2587,Brenda,Banks,Female,arthurbecker@example.net,639.375.5939x75830,17-07-28,"Nurse, children's"
2588,Kathy,Beard,Female,velasquezwayne@example.org,654-635-0075x26328,20-07-49,Sub
2589,Preston,Holland,Female,mariah87@example.com,(760)954-2680x7538,16-01-30,Chartered legal executive (England and Wales)
2590,Mary,Chen,Female,bochoa@example.org,8076371111,27-07-87,"Engineer, technical sales"
2591,Laura,Benson,Male,kmcgee@example.net,(548)968-6640x6598,2/5/1972,Sales executive
2592,Alan,Ho,Female,dhowe@example.com,+1-369-650-3473x2958,5/8/2028,Senior tax professional/tax inspector
2593,Diamond,Ball,Male,ehines@example.org,147.801.0403x013,16-07-77,"Therapist, sports"
2594,Derek,Erickson,Male,wdavenport@example.com,455-687-3429x392,27-04-70,Geographical information systems officer
2595,Darlene,Mcknight,Male,weissgilbert@example.net,+1-688-544-8735x211,5/8/2042,Medical sales representative
2596,Blake,Stout,Male,martha18@example.net,(629)855-7346,4/4/2024,Psychiatrist
2597,Bobby,Perry,Male,solomonlindsay@example.net,001-332-888-2647x429,17-02-72,Clinical embryologist
2598,Makayla,Johnson,Male,lambcory@example.net,740.924.6295x503,13-09-84,"Editor, commissioning"
2599,Tyrone,Haley,Male,sextongregg@example.com,4864434685,15-10-27,Building control surveyor
2600,Bob,Mcgee,Male,gary43@example.net,001-559-850-4782x977,18-07-80,Personnel officer
2601,Loretta,Briggs,Male,angela02@example.com,001-908-745-9402x711,13-09-52,"Production assistant, radio"
2602,Jaime,Mueller,Female,khorn@example.com,(523)168-3372x44103,4/12/1976,"Civil engineer, contracting"
2603,Nathaniel,Neal,Male,ushannon@example.org,+1-452-638-6811x96639,19-03-78,Database administrator
2604,Shawna,Oliver,Male,lydiatran@example.org,+1-715-614-5007x804,8/7/1970,"Journalist, broadcasting"
2605,Tony,Barrera,Male,michael98@example.net,001-542-022-8012x28942,30-10-11,Applications developer
2606,Jermaine,Giles,Female,selenapetty@example.com,2828845328,29-11-98,"Pharmacist, community"
2607,Kaitlin,Campbell,Female,simmonsclinton@example.com,924.934.6137x4029,18-12-59,Retail buyer
2608,Krista,Armstrong,Male,xclay@example.com,227.584.6430x729,1/11/1979,IT trainer
2609,Stacie,Harrell,Male,sandymoyer@example.org,338-640-9464,31-10-46,Interpreter
2610,Suzanne,Drake,Female,grace65@example.com,001-506-139-2696x257,2/8/2018,"Psychologist, clinical"
2611,Frank,Wells,Male,eileen42@example.net,197.928.7708x41558,6/6/2049,"Psychologist, prison and probation services"
2612,Wesley,Suarez,Female,edwardsimpson@example.org,170-159-5837,11/1/2011,Theatre director
2613,Micheal,Tanner,Male,virginiali@example.net,219.807.7081x4393,21-10-67,Drilling engineer
2614,Cameron,Grimes,Female,duranmartha@example.org,(418)899-5468,24-10-40,Equities trader
2615,Melvin,Cooke,Male,beckyestes@example.org,(780)390-5118x259,31-05-29,"Scientist, marine"
2616,Isaac,Barker,Male,nblevins@example.com,001-505-178-8082,2/1/2033,Forest/woodland manager
2617,Charlotte,Fritz,Female,gcombs@example.com,(582)411-8091,20-06-12,Structural engineer
2618,Mackenzie,Lopez,Male,prestoncameron@example.com,001-477-643-0141x5201,3/5/2031,Fine artist
2619,Sylvia,Grant,Female,floresmandy@example.org,(365)303-5237,1/2/2045,Theatre manager
2620,Cameron,Braun,Female,armstrongvickie@example.net,(079)466-7295,7/2/2026,Adult guidance worker
2621,Perry,Galvan,Male,frederickatkins@example.org,(040)607-1994,31-07-03,Writer
2622,Adrienne,Moore,Female,mckeeadam@example.net,622.101.2773x0780,18-08-02,Furniture designer
2623,Cody,Russo,Female,cynthia83@example.com,712-975-1244,26-06-38,Museum/gallery exhibitions officer
2624,Darren,Beltran,Male,bradleymonroe@example.org,+1-619-150-6930x963,30-04-71,Sports development officer
2625,Ariel,Hooper,Female,isabel93@example.net,-3481,1/5/2039,"Designer, industrial/product"
2626,Cassandra,Bates,Female,karaglover@example.net,001-364-655-5516,17-04-66,Logistics and distribution manager
2627,Jeffrey,Austin,Male,joseparsons@example.com,+1-945-321-6669x8661,21-04-22,Pathologist
2628,Nichole,Mullins,Female,tabitha58@example.org,617-592-5807x2897,18-03-22,Actuary
2629,Brittany,Sparks,Male,barbaraleach@example.net,(568)124-6187,18-08-03,"Embryologist, clinical"
2630,Tricia,Daugherty,Male,alvin74@example.com,001-092-613-8770x746,6/3/2021,Town planner
2631,Colleen,Moyer,Male,goldenbetty@example.net,001-843-897-0582x725,29-10-12,"Engineer, maintenance (IT)"
2632,Earl,Gray,Female,veronicadixon@example.com,+1-395-592-5089x284,15-07-47,"Scientist, biomedical"
2633,Melinda,Glass,Male,kerrypacheco@example.com,291-501-8305,17-06-73,Diplomatic Services operational officer
2634,Susan,Sherman,Female,bmayo@example.com,(021)391-6850x1392,29-03-55,Sports development officer
2635,Whitney,Ritter,Female,lindseyadriana@example.org,4876842090,24-03-37,Barrister
2636,Jade,Escobar,Female,bknight@example.net,+1-100-020-2790x093,2/10/2015,"Therapist, music"
2637,Kyle,Wright,Male,dianelong@example.org,(583)024-5857,23-07-63,Estate manager/land agent
2638,Gene,Hendricks,Male,cchan@example.net,549.089.9389,19-07-64,"Merchandiser, retail"
2639,Karina,Gordon,Male,wkane@example.net,(744)203-1148x79198,6/12/1988,Drilling engineer
2640,Norman,Johnson,Male,kayleerobbins@example.com,(879)800-4685x3740,25-06-90,General practice doctor
2641,Audrey,Watkins,Male,zhayes@example.com,207-073-6397,27-09-19,Physiological scientist
2642,Katherine,Chen,Female,dennis17@example.org,272-361-7698x9158,9/2/1989,Customer service manager
2643,Dominique,Ayers,Male,david68@example.com,732-549-3218x1760,21-03-01,Minerals surveyor
2644,Jason,Page,Male,ashlee96@example.net,001-563-240-1914,21-08-87,Financial manager
2645,Jeremiah,Quinn,Male,snoble@example.net,(772)052-1285x3264,15-03-08,TEFL teacher
2646,Victoria,Schaefer,Female,karina49@example.net,457.363.0093,10/12/1954,Lobbyist
2647,Clarence,Vaughn,Female,mikaylaowen@example.org,+1-922-095-0270x422,16-03-81,Building control surveyor
2648,Bradley,Hobbs,Female,katelyn89@example.org,+1-401-915-8644x83634,27-02-69,Writer
2649,Margaret,Kent,Male,xbray@example.com,001-356-457-1670x080,31-12-47,Farm manager
2650,Tim,Snow,Female,tranelaine@example.net,509.323.5655x60601,18-11-01,"Teacher, secondary school"
2651,Gregory,Moran,Female,ginabuckley@example.org,(703)822-8174x00338,24-03-48,"Psychotherapist, dance movement"
2652,Amber,Khan,Female,speck@example.org,715.704.7708x188,12/6/2009,"Administrator, arts"
2653,Jenny,Dougherty,Male,bairdjackie@example.net,175.055.3951,19-07-32,Health service manager
2654,Beverly,Booker,Female,rickfisher@example.net,917.788.7459,21-02-24,Lexicographer
2655,Dominique,Wolf,Male,ehester@example.org,793.924.8650x52441,6/1/2039,Human resources officer
2656,Danny,Shaw,Male,burnstrevor@example.com,298-912-2160x772,12/4/2025,Secretary/administrator
2657,Victor,Gamble,Male,jordancallahan@example.com,982.282.7096x406,12/8/2046,Early years teacher
2658,Mario,Bell,Male,shieldslawrence@example.net,645.041.0229,25-06-54,Television/film/video producer
2659,Vernon,Nixon,Male,brycerussell@example.net,968-391-4648x7403,10/7/1974,Air cabin crew
2660,Drew,Bush,Male,fitzgeraldkellie@example.org,9061313716,24-02-25,"Engineer, structural"
2661,Sarah,Lowery,Male,atkinscheryl@example.com,-4781,20-03-02,Diplomatic Services operational officer
2662,Kirsten,Bean,Male,eileen60@example.net,+1-327-753-5002x7896,3/9/1997,Patent attorney
2663,Anna,Elliott,Male,wbaxter@example.com,(106)679-1226x897,26-06-99,Printmaker
2664,Brooke,Guzman,Female,jane08@example.net,665.640.9550x6336,4/3/2030,Diplomatic Services operational officer
2665,Harold,House,Female,tpineda@example.com,651-209-8196x73575,29-07-15,Curator
2666,Stephen,Parrish,Female,benjamin45@example.org,(336)410-1399x003,19-01-10,Probation officer
2667,Jenny,Hays,Female,lynn57@example.org,+1-834-541-0653x700,5/10/2029,Film/video editor
2668,Alex,Livingston,Female,lvelasquez@example.net,184.064.8686,4/1/2013,Police officer
2669,Ronald,Graham,Male,garymcconnell@example.com,268.969.0682,19-12-92,Field trials officer
2670,Jeff,Hopkins,Male,allencaleb@example.org,001-572-771-1152,3/9/2011,"Engineer, civil (consulting)"
2671,Susan,Thomas,Female,billcooke@example.net,583452442,24-01-53,Child psychotherapist
2672,Thomas,Chung,Male,sryan@example.org,385.565.2304x0821,27-06-33,Land
2673,Willie,Hinton,Male,olivia82@example.org,+1-231-054-8092x126,6/12/2015,Pensions consultant
2674,Ashley,Middleton,Female,cunninghamtamara@example.org,+1-012-074-9275x5078,9/11/1965,"Therapist, nutritional"
2675,Johnathan,Salazar,Male,austin18@example.com,001-702-765-6803x62982,5/5/2013,Mental health nurse
2676,Nicolas,Randall,Male,treed@example.com,(443)720-6330,9/10/1976,Freight forwarder
2677,Jacqueline,Fitzgerald,Female,meaganmanning@example.com,+1-261-671-9372x1741,27-12-18,"Engineer, technical sales"
2678,Dwayne,Alvarez,Female,zrasmussen@example.org,001-383-213-5463,13-04-56,Insurance underwriter
2679,Paul,Love,Male,kristina04@example.com,+1-452-909-3595x747,26-04-14,Training and development officer
2680,Brenda,Hernandez,Male,oburns@example.com,(348)229-7662,13-02-22,"Designer, industrial/product"
2681,Haley,Fuentes,Female,crystal54@example.net,825.729.1487,2/9/2003,Data scientist
2682,Damon,Suarez,Female,victor78@example.com,(993)734-7850x15010,9/12/2013,Catering manager
2683,Kelsey,Benson,Male,colleen67@example.com,(009)643-8183x081,4/11/2045,"Geologist, engineering"
2684,Bill,Ray,Female,adamharrison@example.net,(944)948-8783x4597,25-08-63,General practice doctor
2685,Patricia,Dougherty,Female,brenda40@example.org,001-449-078-5011x3123,30-11-84,"Designer, graphic"
2686,Martha,Duffy,Male,draketroy@example.org,(509)436-9486x62032,12/3/2014,"Journalist, newspaper"
2687,Jennifer,Warner,Male,amanda12@example.com,+1-373-714-9221x47584,10/7/1992,Building services engineer
2688,Aaron,Lucas,Female,oliviabooker@example.org,+1-621-155-6113x59263,25-12-84,Ranger/warden
2689,Paula,Castro,Female,evelyn91@example.org,001-162-219-0629x7717,12/12/2018,Occupational therapist
2690,Anthony,Velazquez,Male,gary58@example.net,5854714457,8/5/1958,"Therapist, drama"
2691,Rita,Yang,Female,tracy06@example.net,(405)307-8852,22-03-12,Wellsite geologist
2692,Jeff,Rios,Female,mpugh@example.net,4162799056,22-12-36,Retail manager
2693,Amber,Cochran,Female,oliverkeith@example.net,001-820-541-6455x3756,1/9/1994,Engineering geologist
2694,Michele,Maxwell,Female,wigginsmaria@example.org,001-927-781-2037x804,5/5/2037,Senior tax professional/tax inspector
2695,Kerri,Anderson,Female,crawfordbrandi@example.net,254.339.5823x32158,26-08-70,Higher education careers adviser
2696,Bobby,Henry,Male,fbruce@example.net,(848)877-8456x326,5/12/2008,"Secretary, company"
2697,Brandy,Mccullough,Male,ibass@example.com,937.872.1180,6/5/1982,Plant breeder/geneticist
2698,Larry,Mcneil,Male,yvonnemiles@example.net,(046)094-7160x642,8/9/1994,Early years teacher
2699,Travis,Mendez,Female,preyes@example.net,(773)121-0056x159,5/9/2024,"Engineer, chemical"
2700,Eileen,Raymond,Female,mharmon@example.net,308.865.0814x42889,25-07-50,Astronomer
2701,Caleb,Diaz,Male,drowe@example.org,705-029-9583x83506,19-02-74,Production engineer
2702,Shelley,Cherry,Female,buckheidi@example.org,+1-948-651-8573x272,24-08-49,"Engineer, automotive"
2703,Joanne,Reynolds,Male,schaeferdakota@example.com,(278)164-0952,17-09-99,Financial risk analyst
2704,Marcia,Rangel,Female,hufftina@example.org,001-083-770-8336x7032,23-07-39,"Pilot, airline"
2705,Madison,Wong,Male,manuel61@example.org,(744)917-1982x48288,21-05-12,"Editor, film/video"
2706,Lynn,Hill,Female,anthonywilson@example.net,011.978.5089x12207,22-11-39,Air broker
2707,Adam,Barber,Male,meghanwyatt@example.com,(133)267-6752,10/3/1954,Writer
2708,Stacie,Higgins,Female,gkemp@example.net,001-471-088-3193x58246,19-08-60,Probation officer
2709,Pam,Riley,Male,benjaminvasquez@example.org,411-940-3623,1/5/1974,Music tutor
2710,Megan,Chandler,Female,wkey@example.net,997-177-7543,12/6/2002,Estate manager/land agent
2711,Alexander,Archer,Male,alison56@example.net,276.990.7787,4/6/2020,"Nurse, learning disability"
2712,Kristin,Avery,Male,lacey58@example.com,142.230.8563,8/10/1964,Child psychotherapist
2713,Christina,Cardenas,Female,troydickson@example.net,+1-114-772-6808x38613,20-03-08,Charity fundraiser
2714,Steve,Winters,Female,melvin75@example.com,181.866.2180,28-08-62,Dance movement psychotherapist
2715,Heather,Johns,Female,barbermargaret@example.com,578-942-0042,11/12/1997,Chief Technology Officer
2716,Tammie,Mclean,Male,orobbins@example.net,039-083-0964x520,27-11-73,Pensions consultant
2717,Jean,Dickson,Male,melaniebowers@example.com,927.411.7797x870,31-01-64,"Editor, film/video"
2718,Daryl,Weaver,Female,john73@example.net,(213)676-1379x0893,20-03-08,Tax inspector
2719,Sue,Lynn,Male,soniaballard@example.com,099.638.9312,19-09-85,"Restaurant manager, fast food"
2720,Charlotte,Wolf,Male,makayla36@example.net,2158746644,30-03-47,"Surveyor, building control"
2721,Tom,Chung,Male,qcastaneda@example.com,159.028.0753x884,19-04-34,Games developer
2722,Connie,Cobb,Female,ricky22@example.com,288-972-8360,25-03-36,Retail buyer
2723,Jasmin,Fischer,Male,denisebarron@example.net,429.469.5535x197,9/8/2027,"Teacher, special educational needs"
2724,Savannah,Flores,Female,earllopez@example.net,(813)624-9516x71410,8/9/2015,Camera operator
2725,Alyssa,Meadows,Female,lorrainecopeland@example.com,403.048.7894x25415,11/7/2003,Social researcher
2726,Leonard,Wilcox,Female,wilkinsonshelley@example.net,323-255-1768,10/11/2008,"Psychologist, sport and exercise"
2727,Leslie,Buck,Female,joeroach@example.net,590.352.4160x2877,9/5/2021,Print production planner
2728,Franklin,Griffin,Male,egrant@example.net,091.068.0582x626,2/6/2020,Event organiser
2729,Heather,Michael,Female,oday@example.net,052-384-6009x89314,9/12/1996,Agricultural consultant
2730,Marilyn,Miranda,Female,shensley@example.com,268-376-9929x31681,30-07-09,Games developer
2731,Robyn,Barnett,Female,halejustin@example.com,(187)263-5587x3662,7/8/2019,"Accountant, chartered certified"
2732,David,Stein,Female,sacosta@example.net,9116882107,7/10/1956,Geochemist
2733,Diane,Valencia,Female,polsen@example.net,058-408-7172x3202,15-10-28,Systems developer
2734,Bonnie,Olsen,Female,randylong@example.com,-7892,11/7/2016,TEFL teacher
2735,Ruben,Cooper,Male,tim55@example.com,335-352-6909,20-09-45,Marketing executive
2736,Fred,Walker,Female,fitzpatricksheri@example.org,-8855,8/1/2045,"Research officer, political party"
2737,George,Curry,Female,katherine39@example.org,001-204-232-0863x4118,1/6/2005,"Engineer, electronics"
2738,Mariah,Alvarado,Female,iandrews@example.org,+1-457-580-4986x90187,10/11/2012,Public affairs consultant
2739,Warren,Mendoza,Female,jeremyewing@example.net,281.022.9482x1720,15-07-09,Colour technologist
2740,Emily,Baird,Male,clayharold@example.net,304-500-1045x399,17-05-52,Special effects artist
2741,Larry,Kim,Female,yesenia91@example.org,9312312818,7/6/2013,Barrister
2742,Larry,Jacobs,Male,mcgrathbill@example.com,290.113.7713x2179,9/11/1952,Radiation protection practitioner
2743,Carla,Stewart,Male,stoutpeter@example.org,(755)327-5701x69646,31-03-86,"Surveyor, rural practice"
2744,Lucas,Atkinson,Male,ronniehayes@example.net,(968)594-4339x35272,12/6/1983,Theme park manager
2745,Adam,Blankenship,Female,ugalloway@example.net,-9423,31-07-52,"Administrator, sports"
2746,Alyssa,Hansen,Female,lchan@example.org,492-176-1899x63168,10/10/1981,Psychiatric nurse
2747,Laurie,Brock,Male,sandy41@example.org,2110009985,7/2/2007,Chief of Staff
2748,Kirk,Meadows,Male,carlbuck@example.com,666-557-9393x366,11/12/2006,Environmental education officer
2749,Tyrone,Downs,Male,kcraig@example.net,990.796.7153,19-08-41,Retail banker
2750,Dan,Arroyo,Male,xschwartz@example.net,199-583-8913x19658,20-07-21,Higher education careers adviser
2751,Fernando,Garrison,Female,smolina@example.org,528.125.1244x30347,28-10-13,Copy
2752,Kristina,Archer,Female,thomascallahan@example.com,(699)327-4594x3865,8/6/1953,IT sales professional
2753,Adrian,Guerrero,Male,nancy09@example.net,283-295-2405x04670,27-02-39,Magazine journalist
2754,Perry,Mcclain,Male,zarnold@example.com,001-297-886-6451x453,29-12-34,Clinical research associate
2755,Tricia,Watkins,Female,pollardshirley@example.com,001-030-321-2667x6824,9/11/2037,Leisure centre manager
2756,Candice,Mclaughlin,Male,angel77@example.org,(154)163-2861x437,14-03-83,Photographer
2757,Richard,Nguyen,Female,richard25@example.com,925.730.5747x659,17-08-19,Stage manager
2758,Austin,Boyer,Female,cristina72@example.com,857.564.4902,15-06-79,TEFL teacher
2759,John,Bennett,Female,jeremy07@example.net,762-327-3706x071,14-06-20,Systems developer
2760,Anna,Fletcher,Male,alexandermontes@example.org,(139)376-0371,26-12-69,Sales promotion account executive
2761,Sherri,Wagner,Female,rdavidson@example.net,001-534-587-9419x9726,21-09-02,Farm manager
2762,Glenn,Robbins,Male,xwalsh@example.net,(938)414-1551,19-12-79,Podiatrist
2763,Sergio,Ponce,Male,beth16@example.com,669.055.2074x038,14-08-89,Retail buyer
2764,Monica,Wilkins,Male,laura19@example.com,001-649-277-5208x2888,17-11-74,Occupational hygienist
2765,Hector,Harvey,Female,nsavage@example.com,001-109-119-6051x5697,24-11-21,Armed forces technical officer
2766,Ricardo,Garrett,Female,xpeters@example.net,(015)423-1733x7979,5/5/2009,"Teacher, English as a foreign language"
2767,Mikayla,Lynch,Female,mirandaterrence@example.net,100.390.9640x83636,30-01-09,Scientific laboratory technician
2768,Clinton,Paul,Male,iarroyo@example.net,190-099-3094x84271,4/3/1970,Ranger/warden
2769,Olivia,Mathews,Male,darrencastro@example.com,109.469.9667x26569,25-11-54,Learning mentor
2770,Natasha,Fuller,Male,devincarson@example.com,607-816-8242,18-05-19,Financial adviser
2771,David,Campos,Male,clarencefitzpatrick@example.net,(254)482-5313,9/5/2040,Forensic scientist
2772,Ariel,Armstrong,Female,juan96@example.org,396-820-6043,23-12-33,Telecommunications researcher
2773,Breanna,Harrell,Female,eturner@example.org,(528)111-8927,13-02-21,Travel agency manager
2774,Priscilla,Snyder,Male,gracefloyd@example.com,453-363-8892,10/2/2047,Travel agency manager
2775,Shaun,Carney,Female,darius10@example.net,2074888032,24-09-19,Customer service manager
2776,Charlotte,Mcintyre,Female,gloria71@example.net,(015)907-7957x527,17-05-25,Secondary school teacher
2777,Meredith,Kaufman,Male,stephenhammond@example.net,001-796-073-7444x426,22-02-88,Retail banker
2778,Charlotte,Hatfield,Male,fvelez@example.net,281.091.8455x4089,15-03-68,Race relations officer
2779,Ricky,Franklin,Female,bettygay@example.org,(829)073-4691x83032,9/8/1956,Marine scientist
2780,Larry,Dorsey,Male,ethan09@example.org,+1-719-317-9845x45973,26-06-05,Arts administrator
2781,Monique,Clements,Male,vschroeder@example.net,502.015.7984,16-09-09,Trade mark attorney
2782,Rachel,Larson,Female,darren82@example.net,(535)351-6813x3197,29-07-04,Glass blower/designer
2783,Kylie,Nguyen,Female,carrtricia@example.org,904.167.4074x38664,13-09-25,Community education officer
2784,Todd,Orozco,Female,ramseyrose@example.net,(084)600-0869x374,9/9/2010,Orthoptist
2785,Christina,Barker,Female,catherine11@example.net,283.396.9144,10/10/2002,"Editor, commissioning"
2786,Gary,Ramos,Female,jmanning@example.org,+1-529-949-0069x1891,5/7/1969,Police officer
2787,Dakota,Burke,Female,ymartinez@example.net,+1-625-394-5516x37856,14-01-05,Advertising art director
2788,Mike,Gallegos,Male,mosleydylan@example.com,001-534-113-8425x055,3/3/2021,Purchasing manager
2789,Jermaine,Mejia,Male,cmoss@example.net,097.659.9705,23-12-68,"Social research officer, government"
2790,Randall,Zimmerman,Male,candicejacobs@example.com,(644)544-6696x765,25-12-93,Exhibition designer
2791,Janice,Richard,Female,craig18@example.com,(366)421-5948x7316,24-01-90,Immunologist
2792,Suzanne,Phillips,Male,rhodges@example.org,001-711-493-6739x18766,17-11-57,Fast food restaurant manager
2793,Danny,Ford,Female,cindy54@example.org,005-039-6098x0515,12/1/1982,Advertising copywriter
2794,Jessica,Daniels,Female,kimberlysingleton@example.org,(017)211-7466x2652,30-05-26,Location manager
2795,Mia,Rivera,Female,dturner@example.net,579-652-0981x897,13-12-48,"Engineer, production"
2796,Neil,Haynes,Female,knoxoscar@example.net,(161)906-8105x2838,6/5/2045,Land
2797,Doris,Boone,Male,kristie06@example.net,910-620-2981x02544,16-08-64,Optometrist
2798,Perry,Eaton,Male,normanking@example.org,891-866-2145,14-02-75,"Therapist, music"
2799,James,Willis,Female,brad00@example.org,401-372-6195x1354,16-09-02,Tour manager
2800,Tonya,Dorsey,Male,dmolina@example.com,4245723581,15-08-78,Nature conservation officer
2801,Jay,Ingram,Male,levinealexandria@example.org,001-710-526-4369x4278,23-05-81,Agricultural engineer
2802,Leslie,Walter,Male,rmurillo@example.net,(845)601-2524x4380,8/5/2009,Accounting technician
2803,Martin,Sherman,Male,utate@example.com,001-422-660-9406,27-02-11,"Doctor, general practice"
2804,Stephen,Davidson,Male,gterrell@example.net,135-816-0166,29-01-68,Information systems manager
2805,Tracey,Castillo,Male,leemercer@example.net,003-342-6325,25-07-06,Consulting civil engineer
2806,Kristie,Moses,Male,heidisimmons@example.com,6959431126,17-06-58,Air cabin crew
2807,Helen,Santiago,Male,salazardouglas@example.org,001-309-221-3293x5512,22-12-18,"Journalist, magazine"
2808,Joanna,Wang,Male,kelseywolfe@example.net,(565)768-0679,17-11-70,Geoscientist
2809,Kenneth,Walters,Male,mary33@example.org,839-590-6065,8/12/1951,"Scientist, research (maths)"
2810,Noah,Hardy,Female,gabriela18@example.com,4680333219,2/2/2016,Insurance risk surveyor
2811,Brandon,Lin,Female,darrell11@example.com,(385)155-0839,24-11-56,Estate manager/land agent
2812,Ellen,Rodgers,Female,jill50@example.net,001-418-804-4772x158,4/10/1977,"Producer, radio"
2813,Brendan,Hess,Male,changmelanie@example.org,7405286792,29-02-88,Contracting civil engineer
2814,Vickie,Peck,Female,gilbertlydia@example.com,001-493-629-5655,29-10-07,Writer
2815,Brenda,Clements,Male,aimee07@example.org,(649)198-3258,23-10-67,Equality and diversity officer
2816,Kenneth,Brewer,Female,morgan19@example.org,-7316,3/3/2041,"Administrator, charities/voluntary organisations"
2817,Candace,Yates,Female,dshort@example.org,375.192.3922,29-10-11,Farm manager
2818,Shannon,Malone,Female,omorton@example.net,680-583-3739,26-10-06,"Chemist, analytical"
2819,Stacey,Reilly,Female,cynthia02@example.com,053.033.4800x60284,27-02-54,"Administrator, charities/voluntary organisations"
2820,Cory,Byrd,Male,cunninghamethan@example.net,772-816-9422,1/3/2011,"Engineer, civil (consulting)"
2821,Brent,Mccormick,Female,christina06@example.org,734-010-9359x63644,19-09-11,"Designer, interior/spatial"
2822,Haley,Morse,Female,drew65@example.net,544-011-8993x611,14-06-15,Building services engineer
2823,Kirsten,Stuart,Female,sunderwood@example.com,683-028-1472,22-06-75,Field seismologist
2824,Ariana,Sullivan,Male,wallacechristine@example.org,001-515-666-1196x2880,13-04-14,Special effects artist
2825,Stanley,Horton,Female,earl53@example.com,847.428.0879x887,28-01-23,Rural practice surveyor
2826,Kylie,Reilly,Male,klozano@example.com,+1-965-079-0361x3973,9/6/1988,Facilities manager
2827,Claire,Mason,Female,janice09@example.com,578.221.7410,28-11-55,Geochemist
2828,Mindy,Mejia,Female,phumphrey@example.com,985-441-1527,20-10-70,"Education officer, community"
2829,Kerry,Hahn,Female,clementskrista@example.org,001-841-712-9284x7803,11/3/1976,"Psychologist, prison and probation services"
2830,Jim,Campos,Male,laurasandoval@example.net,623-880-2431x42238,31-10-88,"Accountant, chartered management"
2831,Karen,Combs,Male,sheila39@example.org,(730)018-7413x870,18-09-23,"Solicitor, Scotland"
2832,Megan,Howard,Female,gvasquez@example.com,(995)866-8652,18-11-48,"Social research officer, government"
2833,Paul,Bradley,Female,weekskevin@example.net,509-493-0929,3/2/2021,"Engineer, materials"
2834,Stefanie,Le,Female,griffithalyssa@example.net,(420)800-5254x055,15-05-46,Film/video editor
2835,Bernard,Bautista,Male,stephenshort@example.org,295.517.6835,13-01-07,Arts administrator
2836,Casey,Cox,Male,burchneil@example.org,155.635.8005x475,1/2/2046,Fish farm manager
2837,Elijah,Santiago,Male,qwebster@example.com,919-791-4176,2/6/1968,Marketing executive
2838,Carl,Brown,Male,jaredpennington@example.org,9194268922,14-10-17,Arts administrator
2839,Tasha,Wade,Female,xdurham@example.com,(343)215-1797,15-01-47,Armed forces logistics/support/administrative officer
2840,Ian,Aguirre,Female,syang@example.org,+1-019-066-0875x320,29-02-72,Leisure centre manager
2841,Jorge,Aguilar,Female,connorlandry@example.com,(970)769-8897x1455,4/12/2013,Restaurant manager
2842,Isabel,Esparza,Male,alimelanie@example.net,(889)525-1597x839,25-05-18,Medical secretary
2843,Cynthia,Meadows,Female,bdominguez@example.net,376.421.3458x824,16-09-43,Therapeutic radiographer
2844,Lydia,White,Female,ubartlett@example.org,169.556.9576x950,24-03-11,"Therapist, art"
2845,Jasmine,Daniels,Male,ponceshawna@example.org,129215399,10/5/2007,Financial controller
2846,Ralph,Ashley,Male,triciahuerta@example.org,(786)380-0955,1/1/2035,"Designer, jewellery"
2847,Pam,Torres,Male,lynnharold@example.org,(964)655-9655x4129,18-06-26,Community pharmacist
2848,Christine,Carey,Male,kellieserrano@example.net,270.018.6595,19-10-42,"Engineer, aeronautical"
2849,Janice,Wyatt,Female,jimjordan@example.net,+1-824-269-5584x56099,28-06-09,"Engineer, maintenance (IT)"
2850,Thomas,Moody,Male,istevens@example.net,911.610.5407,18-08-20,Animator
2851,Ross,Contreras,Female,copelandbobby@example.com,+1-025-158-8074x15511,14-01-27,"Psychologist, prison and probation services"
2852,Christine,Johnston,Male,sheri81@example.com,+1-713-190-1860x268,1/2/2013,Financial planner
2853,Loretta,Waters,Male,ggillespie@example.org,001-265-352-2150,21-06-58,Set designer
2854,Roger,Cox,Female,burtonaaron@example.org,452-452-6754x9784,11/4/2035,Clinical biochemist
2855,Tracey,Flynn,Male,mosscollin@example.com,(983)779-7749,14-03-10,Music therapist
2856,Aaron,Chang,Female,stevenduke@example.com,001-935-289-6244,1/8/1970,Geoscientist
2857,Ashley,Morrow,Female,yoderearl@example.org,496-557-5149x0487,27-10-48,"Nurse, children's"
2858,Hector,Spence,Female,hbarker@example.net,565.607.0533x8924,3/10/2014,Photographer
2859,Jermaine,Mcbride,Female,sydneymorales@example.com,158.314.0268,19-08-08,Furniture conservator/restorer
2860,Levi,Watkins,Female,rachelbrady@example.org,2982775368,17-04-16,"Engineer, civil (consulting)"
2861,Lacey,Chaney,Male,sylviamccormick@example.com,+1-114-145-1453x6972,4/12/2010,Oncologist
2862,Sydney,Pittman,Male,brookeflynn@example.org,(897)767-9819,14-10-86,Wellsite geologist
2863,Adrian,Adkins,Female,bcummings@example.org,+1-574-326-0123x182,19-06-59,Ophthalmologist
2864,Cathy,Hodges,Female,keith41@example.com,215.065.1870x125,23-05-17,Nature conservation officer
2865,Olivia,Hill,Male,kristine65@example.net,(630)512-3427x9387,10/8/2032,Politician's assistant
2866,Francisco,Dyer,Female,charlesblanchard@example.net,(253)201-0047x718,10/12/1972,"Presenter, broadcasting"
2867,Nancy,Nolan,Male,ivan92@example.net,(263)868-5367,4/7/1999,Administrator
2868,Lawrence,Walls,Male,hensonisaiah@example.net,6244615643,23-03-74,Multimedia programmer
2869,Kendra,Mccoy,Male,mandy91@example.net,(785)063-5503x9745,13-09-15,Hospital doctor
2870,Terry,Lamb,Female,nstafford@example.com,105-109-0420x4085,27-01-30,English as a second language teacher
2871,Zachary,Singleton,Female,oliviapratt@example.org,001-376-563-7550x3685,23-11-74,Communications engineer
2872,Katie,Baker,Male,hthomas@example.net,458-070-6774,15-04-07,"Conservator, museum/gallery"
2873,Mary,Pitts,Male,tyrone78@example.org,235.344.9794,12/11/2003,IT consultant
2874,Brandy,Oneal,Male,benjamin31@example.com,684-261-4510,3/5/2007,Sales executive
2875,Edward,Kim,Male,jon96@example.com,8929597940,15-03-19,Ergonomist
2876,Mindy,Strong,Male,mathewswyatt@example.net,+1-486-597-0845x179,26-11-12,Geophysicist/field seismologist
2877,Angela,Price,Female,don18@example.com,818-605-5696,27-06-00,"Pilot, airline"
2878,Sophia,Tanner,Male,lewischristina@example.net,+1-327-859-4336x399,2/3/2029,Regulatory affairs officer
2879,Toni,Beard,Female,harold55@example.org,+1-192-793-4320x2163,14-03-85,Magazine features editor
2880,Alexandra,Liu,Female,xchan@example.net,030.946.5553,9/12/1992,Catering manager
2881,Becky,Kemp,Male,soniaturner@example.net,001-104-631-0700x132,20-10-72,Land/geomatics surveyor
2882,Kylie,Hester,Female,tasha56@example.com,001-257-424-7491,31-05-34,"Buyer, industrial"
2883,Cristian,Kane,Female,cassidyosborne@example.org,85293571,20-10-96,"Pharmacist, hospital"
2884,Marcia,Farrell,Female,jennycaldwell@example.net,178.349.7876x22314,23-07-53,Advertising copywriter
2885,Martin,Davis,Female,wrubio@example.net,(189)380-2764,14-04-18,Theatre stage manager
2886,Miranda,Hampton,Female,garnerjudith@example.net,373.981.2411,3/3/2014,"Psychologist, educational"
2887,Eileen,Benjamin,Male,perryhorn@example.com,415-929-4828,3/2/2037,Occupational therapist
2888,Preston,Chen,Female,villalaurie@example.net,1142111129,7/2/2020,Child psychotherapist
2889,Kelli,Orr,Male,shawnbruce@example.org,7623430055,19-10-40,Volunteer coordinator
2890,Julie,Dawson,Male,harrisonchristine@example.net,001-602-117-5334x04386,2/2/1963,Film/video editor
2891,Francisco,Harrison,Male,blam@example.org,350.253.1624,9/1/1973,Dentist
2892,Paula,Baird,Female,acarr@example.net,383.838.6084x5445,19-02-81,"Teacher, primary school"
2893,Troy,Costa,Male,gregory61@example.com,001-017-002-3224x658,2/11/1980,"Accountant, chartered"
2894,Yvette,May,Male,javier86@example.net,(723)975-6909x448,6/11/2009,"Teacher, early years/pre"
2895,Cheyenne,Garrison,Male,william45@example.org,+1-732-718-3863x29812,15-12-14,Advertising art director
2896,Paula,Hicks,Male,terri72@example.org,615-617-9239x81169,5/11/1974,Trade union research officer
2897,Billy,Crawford,Female,mvaldez@example.com,663-886-0507x265,22-08-80,Sales promotion account executive
2898,Natasha,Valencia,Male,huffmanterrence@example.com,848-445-4067x5429,7/4/2047,"Librarian, academic"
2899,Martin,Larsen,Female,mariobradford@example.net,265-268-2510x862,8/2/2005,Oceanographer
2900,Olivia,Vaughn,Female,qglover@example.net,001-949-380-2855x01828,18-07-97,"Education officer, environmental"
2901,Morgan,Stafford,Female,gliu@example.net,(500)552-0368,5/11/2028,Investment analyst
2902,Jocelyn,Gentry,Male,vhaney@example.org,(444)787-9895,12/10/1978,Chartered public finance accountant
2903,Taylor,Barrett,Female,warrencurtis@example.com,7826471424,17-06-54,Phytotherapist
2904,Joshua,Browning,Female,rickey85@example.net,158.920.7579x8076,23-12-18,Volunteer coordinator
2905,Raymond,Lin,Male,lindseymckenzie@example.org,909.458.4355x581,18-05-08,Homeopath
2906,Eugene,Leach,Male,lcopeland@example.com,-3557,19-07-33,"Scientist, research (maths)"
2907,Tanner,Hines,Male,harry15@example.com,128-229-1414,14-06-40,"Scientist, research (medical)"
2908,Nicole,Huynh,Male,mia73@example.net,032.721.2682x5632,8/6/2011,Speech and language therapist
2909,Autumn,Mack,Male,alexander60@example.net,787.201.9087,20-07-10,"Radiographer, therapeutic"
2910,Jocelyn,Werner,Female,wanda69@example.com,+1-200-513-8199x7609,23-09-81,"Investment banker, operational"
2911,Tyrone,Church,Female,tammie28@example.net,444-035-0248x91015,14-08-07,IT sales professional
2912,Jesse,Stein,Female,glennmercedes@example.com,770.719.9939x8925,23-10-99,Field seismologist
2913,Crystal,Jacobs,Female,omarhendricks@example.net,(931)566-4854,9/6/1952,Lobbyist
2914,Kimberly,Cordova,Male,sheri92@example.net,723.640.7510x16978,10/1/1964,Midwife
2915,Franklin,Houston,Male,lorraine50@example.net,+1-004-762-7585x26943,1/3/1994,Farm manager
2916,Lydia,Weeks,Male,jose63@example.org,932-773-5821x755,17-06-26,Public house manager
2917,Alan,Warner,Female,wallluke@example.com,+1-095-105-7611x2046,8/4/2043,Theme park manager
2918,Jeanette,Cummings,Male,marthaparker@example.net,(817)705-6602,13-07-11,"Psychotherapist, child"
2919,Chelsea,Robles,Male,dixonchristine@example.org,+1-936-605-2306x30695,22-06-16,Human resources officer
2920,Fred,Weber,Male,adkinslee@example.org,(773)544-4697,26-07-00,"Secretary, company"
2921,Madison,Hendrix,Male,david40@example.org,218.518.9476x78953,24-02-67,"Librarian, public"
2922,Margaret,Patterson,Female,leachjerry@example.net,(530)281-1725x66302,26-11-19,Hospital doctor
2923,Caitlin,Stone,Female,qdominguez@example.com,(171)167-0476x502,7/1/2009,"Engineer, manufacturing"
2924,Reginald,Mooney,Male,ricardoray@example.net,001-077-804-2647,18-08-16,Private music teacher
2925,Kathryn,Rojas,Male,reillynina@example.org,1439760264,25-01-14,Horticultural consultant
2926,Tricia,Barry,Male,shannonnicholson@example.org,+1-945-275-2347x0731,25-05-75,"Engineer, land"
2927,Ryan,Grant,Female,poncesherry@example.net,599-920-5275,27-05-12,Food technologist
2928,Ariana,Roberts,Male,amberbuchanan@example.com,(962)616-5026x154,10/4/1962,Barrister's clerk
2929,Peter,Luna,Female,orogers@example.net,001-826-025-9088x75292,24-04-20,Glass blower/designer
2930,Dwayne,Hays,Male,oconnordestiny@example.org,-9461,3/5/2018,Operations geologist
2931,Glen,Chase,Male,colton47@example.net,542-923-7842x601,30-05-93,Medical secretary
2932,Jermaine,Avery,Male,ian04@example.net,736-708-0358x239,6/7/1954,Diagnostic radiographer
2933,Regina,Frazier,Female,meyerkimberly@example.net,966.374.7978x691,15-01-09,Museum/gallery conservator
2934,Molly,Livingston,Male,kristawebster@example.com,001-831-767-7500,12/12/2036,Equality and diversity officer
2935,Theodore,Williamson,Female,bhancock@example.net,-5814,12/11/1952,Mining engineer
2936,Larry,Clark,Male,diana45@example.com,001-989-228-8801x4908,20-05-01,"Therapist, horticultural"
2937,Carolyn,Pollard,Male,haleyhoffman@example.net,(012)324-9585,29-04-25,Oncologist
2938,Cristina,Singleton,Male,ryan01@example.net,(449)735-3000x88435,11/11/1994,Chief Technology Officer
2939,Kristina,Turner,Female,reynoldsdean@example.com,+1-271-602-4926x9414,12/2/1973,Financial planner
2940,Vanessa,Wright,Female,joann55@example.net,001-540-799-6290x004,13-02-40,Government social research officer
2941,Kent,Lynch,Male,cdeleon@example.net,471-333-6978x6507,27-04-56,Herbalist
2942,Kara,Lyons,Male,calebandrade@example.com,673-118-3267x918,3/6/2017,Economist
2943,Russell,Morse,Female,aorr@example.net,036.782.2213x25864,9/10/1992,Police officer
2944,Tammy,Lucero,Female,ilam@example.org,001-609-971-8479x0047,27-02-92,Architectural technologist
2945,Ross,Wagner,Male,phillipskellie@example.net,9315833197,19-04-69,Wellsite geologist
2946,Connie,Poole,Female,ivaughan@example.net,5974102344,17-07-12,"Surveyor, minerals"
2947,Lynn,Becker,Female,wmayer@example.net,278.669.0810,10/8/2005,Armed forces operational officer
2948,Alisha,Foley,Male,zvargas@example.org,078-360-1260,11/2/2042,Diagnostic radiographer
2949,Clifford,Walker,Male,leonreilly@example.net,122-248-0794,2/4/1953,Chartered certified accountant
2950,Jill,Mcbride,Male,merceryvette@example.org,(686)696-8572x07163,24-08-29,"Nurse, learning disability"
2951,Troy,Neal,Female,arianaharmon@example.org,398.927.0384x59894,10/4/2027,Further education lecturer
2952,Annette,Leach,Male,uparrish@example.net,847-717-6910,16-10-21,"Accountant, chartered management"
2953,Rhonda,Pittman,Male,dianelogan@example.org,+1-681-656-3780x84025,2/6/1974,Armed forces technical officer
2954,Tom,Galloway,Female,adrianaclay@example.net,659.170.8367x5254,3/8/1953,"Pharmacist, community"
2955,Parker,Nielsen,Female,rfrye@example.com,001-907-323-0438,31-05-26,Garment/textile technologist
2956,Monica,Velazquez,Male,george24@example.org,888-390-7608,13-08-70,Museum/gallery curator
2957,Belinda,Wiley,Male,terrence79@example.com,(830)425-5211,26-03-51,Wellsite geologist
2958,Ellen,Kim,Male,spencegordon@example.net,808.288.1881x5004,18-04-09,Heritage manager
2959,Yolanda,Garner,Female,mccartylarry@example.com,-6161,14-12-24,"Producer, radio"
2960,Dwayne,Powell,Female,alexabriggs@example.net,908.891.7729x354,10/11/2031,Dietitian
2961,Linda,Mata,Female,abeltran@example.com,(468)465-2717,19-08-18,"Engineer, biomedical"
2962,Seth,Flowers,Female,grimesernest@example.org,8164140436,10/10/1960,Public affairs consultant
2963,Jesse,Arellano,Male,chasefrancis@example.net,106.589.2072x687,21-12-64,"Merchandiser, retail"
2964,Mason,Cobb,Male,pottermelissa@example.org,(442)402-5252x713,3/10/2016,Geoscientist
2965,Kim,Singh,Male,haasbryce@example.com,270-329-6027,13-02-27,"Journalist, newspaper"
2966,Douglas,Kelly,Male,candaceyang@example.org,7771960376,8/3/2007,Cartographer
2967,Gabriella,Todd,Female,shane34@example.net,(093)411-0840,30-06-19,Astronomer
2968,Crystal,Escobar,Female,donnaowens@example.org,001.606.4556x1970,30-12-97,Retail merchandiser
2969,Collin,Potts,Female,barnettwyatt@example.net,001-341-705-3618x97278,14-05-53,Museum/gallery exhibitions officer
2970,Eduardo,Benjamin,Male,melinda51@example.org,515.027.1183x8982,2/6/1996,Illustrator
2971,Victor,Luna,Male,bethanyyang@example.org,-6879,18-01-71,Emergency planning/management officer
2972,Toni,Hoover,Female,brittany79@example.net,543-472-3472x612,26-06-89,Lobbyist
2973,Shawna,Page,Male,jasonhouse@example.com,(115)099-5659,13-03-15,Multimedia programmer
2974,Ralph,Mann,Male,aroberts@example.com,001-431-382-9251x4355,8/3/1970,Petroleum engineer
2975,Vicki,Duarte,Female,natashadavila@example.net,001-755-136-2065,13-03-08,Editorial assistant
2976,Jerome,Vazquez,Female,normangibbs@example.com,670.661.8007,19-09-70,Video editor
2977,Cristian,Mendez,Female,downsellen@example.net,(206)259-2825x3813,13-11-82,Musician
2978,Madison,Huber,Female,shelley04@example.net,381-565-9095,6/4/2003,Geographical information systems officer
2979,Marcus,Murray,Male,gatesedward@example.org,665663527,9/3/2046,"Geologist, engineering"
2980,Frank,Walsh,Male,gvalentine@example.net,(135)134-4803,9/9/1995,Ecologist
2981,Anne,Velez,Female,natashaglenn@example.org,066.685.2536,12/9/2013,Insurance underwriter
2982,Rickey,Kaufman,Male,leah23@example.net,426-236-5104x214,3/2/1971,"Engineer, civil (contracting)"
2983,Steven,Grimes,Female,proctortricia@example.org,(475)436-5931x6761,2/6/2029,"Engineer, mining"
2984,Kaitlin,Jordan,Female,tammie50@example.com,094-560-2057x7880,3/11/2042,Police officer
2985,Luke,Barton,Female,perry38@example.net,980.615.2344x92465,20-04-25,Clinical molecular geneticist
2986,Larry,Avery,Male,jdavid@example.com,154.546.4670x672,20-12-85,Prison officer
2987,Craig,Russo,Female,bernard61@example.net,(127)427-6747,20-11-24,"Physicist, medical"
2988,Tabitha,Carson,Male,glovergrace@example.net,349-208-1940,7/12/1987,Musician
2989,Meagan,Walker,Female,charlottehuber@example.org,001-436-006-7545,4/1/2017,Community education officer
2990,David,Crawford,Male,fellison@example.com,+1-641-225-8467x91597,25-09-79,Dietitian
2991,Oscar,Banks,Male,brittney33@example.com,+1-213-464-9398x94710,30-09-57,Arboriculturist
2992,Douglas,Dougherty,Female,kaitlinsimon@example.net,+1-202-077-8592x9718,9/7/2018,Land/geomatics surveyor
2993,Caitlin,Wright,Male,romantoni@example.org,274.468.0762x05220,11/1/1999,Geoscientist
2994,Ana,Hogan,Male,franciscodean@example.com,001-624-945-2765,8/10/1962,Careers information officer
2995,Jasmin,Beasley,Male,clayton01@example.net,001-655-791-1981x6311,23-05-82,Recruitment consultant
2996,Clinton,Shepard,Male,ubradford@example.org,+1-561-175-0535x5714,28-05-90,"Engineer, biomedical"
2997,Glenda,Herring,Female,dominique97@example.com,001-098-408-4018x2947,3/9/2026,Civil Service administrator
2998,Kristi,Lutz,Male,margaret69@example.org,762-947-9371x03090,24-06-16,Photographer
2999,Marie,Acevedo,Female,wendy06@example.com,+1-657-738-6819x1462,13-01-13,"Surveyor, insurance"
3000,Grant,Schwartz,Male,maxwellthompson@example.net,(624)805-4865x156,10/9/2018,"Development worker, international aid"
3001,Gordon,Franco,Male,bdonovan@example.com,-9545,22-11-07,Homeopath
3002,Desiree,Sharp,Male,mccormickterrance@example.com,001-669-318-5516x4412,28-11-61,"Geologist, engineering"
3003,Cristian,Freeman,Female,agonzalez@example.com,(678)298-1830x630,17-09-70,"Engineer, biomedical"
3004,Geoffrey,Mcneil,Female,barnespaul@example.com,900.128.8986x960,31-12-48,"Scientist, research (maths)"
3005,Geoffrey,Caldwell,Male,lanceflores@example.net,(296)329-4078,24-12-14,Chief Executive Officer
3006,Martin,Roach,Male,zroberts@example.net,536.077.5128x0814,31-07-04,Purchasing manager
3007,Joel,Gallegos,Male,francisco92@example.net,776.296.4349x578,22-10-38,Engineering geologist
3008,Carly,Rios,Female,nelsonfrancisco@example.net,262.136.1705x8511,5/3/2019,Government social research officer
3009,Janet,Burton,Female,floreseileen@example.org,075.482.6227x495,1/2/2001,Adult nurse
3010,Desiree,Goodwin,Male,christielang@example.net,150-204-0466x3320,16-04-51,Glass blower/designer
3011,Aimee,Blanchard,Male,mbooth@example.org,749.409.3503,9/2/2018,Field seismologist
3012,Rick,Bautista,Female,pennymontgomery@example.net,915.421.0519x608,16-12-39,Homeopath
3013,Wanda,Barnes,Male,kristielynch@example.com,050-491-3504x41541,8/11/1951,Counsellor
3014,Edward,Reynolds,Female,zhuerta@example.com,506-787-1423x395,25-02-12,Pharmacologist
3015,Charlotte,Bailey,Male,mindyschwartz@example.com,964-097-2501,31-07-23,"Administrator, arts"
3016,Randy,Cook,Female,garciabilly@example.com,+1-215-146-8238x86692,26-11-28,Public librarian
3017,Holly,Delgado,Female,genecain@example.net,001-355-365-9921x92779,29-06-21,English as a foreign language teacher
3018,Clifford,Ewing,Male,mercerguy@example.net,749-662-0232x35159,4/8/1976,IT trainer
3019,Felicia,Schultz,Male,ashley43@example.org,307-882-5871x62844,25-11-30,Economist
3020,Kathryn,Gomez,Male,stacey86@example.net,884-312-0114x22115,12/11/2034,Set designer
3021,James,Fields,Female,mercedes08@example.org,(254)120-9711x1591,5/10/2015,Environmental health practitioner
3022,Kelly,Lowe,Male,prattbernard@example.org,256-746-0448,16-05-81,Biomedical engineer
3023,Laura,Scott,Male,xrios@example.net,(197)209-2507x5324,31-08-14,Regulatory affairs officer
3024,Joanna,Duarte,Female,bryansheri@example.com,+1-829-512-2419x115,30-06-07,Arts administrator
3025,Cole,Carrillo,Female,eddie07@example.com,-1293,6/9/2023,Chartered loss adjuster
3026,Jonathan,Rush,Male,rchang@example.com,071-202-1074,5/6/1974,Armed forces training and education officer
3027,Jason,Mays,Female,amyhenderson@example.org,001-797-615-9309,14-05-56,Financial planner
3028,Rose,Spencer,Male,johnnycarlson@example.com,(013)208-2986x77709,23-02-12,IT sales professional
3029,Colton,Hoover,Female,burgessjermaine@example.net,531-047-2475,18-03-12,Theatre director
3030,Isaac,Frederick,Male,abell@example.org,7030136155,7/8/2015,Counsellor
3031,Jean,Alvarez,Female,curtiscody@example.net,(440)964-7440,2/9/1998,Music therapist
3032,Nicole,Cobb,Female,nstanley@example.com,4110101282,11/8/1999,Film/video editor
3033,Dan,Malone,Female,jokramer@example.org,052-016-8077,6/7/1993,Hydrologist
3034,Cristina,Gay,Female,danielsrandy@example.net,001-251-257-6398x05068,2/12/1989,Chief Strategy Officer
3035,Micheal,Herman,Female,shortfrances@example.com,+1-749-104-7694x6871,30-01-01,Mental health nurse
3036,Darius,Flowers,Male,lindsey30@example.org,+1-256-645-4284x159,7/7/1984,Clothing/textile technologist
3037,Alyssa,Arias,Male,autumn21@example.com,841.699.0942,23-01-95,"Clinical scientist, histocompatibility and immunogenetics"
3038,Janet,Flynn,Male,warren86@example.org,324.348.9488x522,17-11-28,Tax inspector
3039,Sonia,Sweeney,Male,antonio27@example.org,503-602-9355,28-11-61,Interpreter
3040,Jackson,Guerra,Male,riverafrancisco@example.com,(633)125-0655x9830,21-06-33,Newspaper journalist
3041,Jody,Bird,Female,christopherferrell@example.com,5239891323,2/11/2021,Energy engineer
3042,Robyn,Becker,Female,baileytammie@example.com,+1-548-506-2217x11186,31-05-46,Chiropodist
3043,Melody,Wilkerson,Female,mary25@example.com,001-064-967-2790x7004,2/1/2048,Personal assistant
3044,Richard,Williamson,Male,manuelbauer@example.net,062-757-2897,1/10/2037,Education administrator
3045,Fernando,Hubbard,Male,gloria75@example.org,268-413-1090x636,21-08-20,Set designer
3046,Lorraine,Gilmore,Female,carrillogabrielle@example.com,047.652.2741x5566,26-09-71,Facilities manager
3047,Mandy,Krause,Female,sophia24@example.net,(603)145-1047x075,1/1/2005,Corporate treasurer
3048,Earl,Heath,Male,stevenhendrix@example.net,+1-027-879-0504x64230,27-08-61,Water engineer
3049,Dustin,Jacobson,Male,gcannon@example.com,+1-545-546-3669x10008,27-07-72,"Nurse, mental health"
3050,Hunter,Meza,Male,fraziersteve@example.org,098.923.6702x4203,14-01-14,Medical laboratory scientific officer
3051,Stephen,Ryan,Female,kshea@example.org,+1-164-912-2747x009,7/2/2044,Public relations officer
3052,Hunter,Hodges,Male,lynn79@example.com,+1-571-937-1511x4471,4/1/1975,Catering manager
3053,Marisa,Wells,Female,amber74@example.com,223.071.5225x684,16-04-98,Sports therapist
3054,Mathew,Murphy,Male,hannahtucker@example.com,+1-647-054-5841x9810,7/5/2007,Immunologist
3055,Ronald,Krueger,Female,tammieheath@example.org,001-655-364-5169,19-05-51,"Education officer, museum"
3056,Howard,Valenzuela,Male,hillvanessa@example.com,+1-739-046-1563x089,27-08-29,"Development worker, community"
3057,Savannah,Ward,Female,tracey91@example.com,942-197-3032x84244,8/3/2011,Museum/gallery exhibitions officer
3058,Samuel,Welch,Male,zkirk@example.com,648-655-9669,15-03-54,"Education officer, museum"
3059,Toni,Dickson,Female,fritztaylor@example.com,188.737.9923x49900,8/12/2037,Civil Service fast streamer
3060,Gregory,Meza,Male,nelsonreginald@example.net,2077091788,5/1/1977,"Engineer, land"
3061,Caitlin,Bullock,Female,lindsey85@example.com,771.217.5984,2/8/1984,Insurance claims handler
3062,Jake,Bailey,Female,brian80@example.net,772-935-3290x540,21-09-69,Neurosurgeon
3063,Melinda,Wagner,Male,gilbertbauer@example.com,001-661-401-5826x09492,5/1/2014,Museum/gallery exhibitions officer
3064,Monique,Chan,Female,jenniferyoung@example.com,-6088,16-02-70,Social worker
3065,Aaron,Oconnell,Female,bellstephanie@example.com,+1-843-346-9514x38141,18-09-55,Public house manager
3066,Danny,Petersen,Male,pattersonrodney@example.net,001-020-761-7425x720,15-06-97,Armed forces technical officer
3067,Thomas,Frazier,Female,daniel08@example.com,-8620,20-12-37,"Geologist, wellsite"
3068,Brandi,James,Female,mikecamacho@example.net,119-794-3483x8040,3/6/1991,Sports development officer
3069,Kristina,Gonzalez,Male,ricardocunningham@example.net,869.191.4966x92418,12/7/1965,"Geneticist, molecular"
3070,Edward,Tran,Female,ahines@example.net,116-881-7941,13-07-58,Insurance underwriter
3071,Allen,Silva,Female,gabrielabauer@example.net,+1-516-965-7971x6610,23-04-20,Chief Strategy Officer
3072,Annette,Wright,Female,rothlinda@example.net,2531482328,17-10-48,Wellsite geologist
3073,Karla,Bond,Female,lfranklin@example.net,-6830,24-03-84,"Lighting technician, broadcasting/film/video"
3074,Haley,Mcmahon,Male,krobinson@example.net,350.499.8079,2/3/2011,Historic buildings inspector/conservation officer
3075,Manuel,Adams,Male,daniellebruce@example.com,+1-040-076-7790x933,14-05-32,"Loss adjuster, chartered"
3076,Brendan,Gordon,Female,brenthorne@example.org,(808)528-9700x56204,4/8/2020,Risk analyst
3077,Mark,Pratt,Female,taylor50@example.com,627.093.6731,4/5/2018,Physiological scientist
3078,Shaun,Mcpherson,Male,noah36@example.org,589.794.0199x3638,28-05-03,Health visitor
3079,Tina,Woods,Male,kristinarobles@example.com,174.976.9821x445,11/1/2001,Corporate treasurer
3080,Kirk,Schmidt,Male,ohicks@example.com,162.158.1966x83322,21-08-67,"Engineer, biomedical"
3081,Clayton,Watts,Female,kaylapatterson@example.com,+1-636-498-5106x1083,1/3/1998,Magazine features editor
3082,Crystal,Warren,Male,kent92@example.net,453.672.4356x5741,6/4/2045,Police officer
3083,Kristina,Mccann,Female,jasmin80@example.com,487.741.5136x849,13-05-00,Clinical molecular geneticist
3084,Cory,Boone,Male,brookerussell@example.com,001-430-836-0392x1167,10/11/2047,IT consultant
3085,Betty,Spence,Male,colton80@example.com,327.325.6346x98766,1/9/2024,Air broker
3086,Chad,Krause,Male,shane99@example.net,442.513.2006,18-02-02,Health physicist
3087,Terrance,Hines,Male,wilkinstimothy@example.net,+1-257-719-4163x5425,1/3/2042,Osteopath
3088,Melinda,Goodman,Male,nwhitney@example.com,(217)158-9120x60062,18-08-12,"Teacher, secondary school"
3089,Brendan,Griffith,Male,blairharry@example.net,038.968.0389x5037,21-04-82,Biomedical engineer
3090,Jeremy,Matthews,Female,kandersen@example.net,(320)321-6116x30171,3/12/2014,Optometrist
3091,Beverly,Ochoa,Female,tabitha64@example.com,639-069-2245,17-11-55,Colour technologist
3092,Lindsey,Olson,Male,oscar30@example.org,(071)256-3504,9/7/2010,Drilling engineer
3093,Bob,Lucas,Male,bruce51@example.org,088.804.9088,1/10/1964,Patent attorney
3094,Jasmine,Oneill,Female,isaiahkemp@example.com,(759)530-0200,4/3/1955,"Psychologist, educational"
3095,Gabriela,Grimes,Female,martha59@example.org,123.625.5171x2349,28-03-82,Event organiser
3096,Wayne,Russell,Male,ernest67@example.com,001-566-076-8955x9819,21-02-14,"Designer, jewellery"
3097,Dustin,Deleon,Male,ycombs@example.net,-6617,29-08-29,"Editor, film/video"
3098,Brady,Young,Female,jeremiah33@example.net,001-844-562-1857,8/5/1982,"Journalist, broadcasting"
3099,Jodi,Hawkins,Male,cordovaalice@example.org,125-009-5793x543,18-09-83,Magazine journalist
3100,Steve,Jones,Female,lmcdaniel@example.com,(877)397-4818,23-04-73,Structural engineer
3101,Raymond,Arroyo,Female,dean14@example.net,2622601638,18-06-12,"Teacher, secondary school"
3102,Rebekah,Clark,Female,bergergavin@example.org,+1-317-692-1024x363,30-05-32,Firefighter
3103,Sonya,Drake,Male,nrivera@example.com,627.844.2713x77288,19-11-20,Quantity surveyor
3104,Cindy,Thompson,Male,egomez@example.org,001-501-837-8718x8895,16-07-38,"Producer, television/film/video"
3105,Alicia,Koch,Male,yrubio@example.net,035-793-0616x347,30-09-09,"Administrator, local government"
3106,Justin,Pearson,Male,toni15@example.net,(680)244-0108x57654,10/7/2006,"Designer, blown glass/stained glass"
3107,Don,Franco,Male,bakerstuart@example.net,001-596-223-8711x921,9/2/2009,Television production assistant
3108,Breanna,Foster,Female,mvalencia@example.org,001-635-479-8003x35509,13-09-39,Technical author
3109,Jamie,Morgan,Male,wwolfe@example.net,788.544.3708x3652,22-08-75,"Optician, dispensing"
3110,Glenn,Swanson,Male,kristin84@example.net,(386)188-7865x97295,29-03-59,"Designer, ceramics/pottery"
3111,Yvonne,Jimenez,Male,atkinsonjanet@example.com,(724)625-5449,21-07-09,"Journalist, broadcasting"
3112,Andrea,Richard,Female,marie36@example.net,305-648-9780,20-09-19,"Clinical scientist, histocompatibility and immunogenetics"
3113,Paige,Brewer,Female,deniseshea@example.com,+1-090-975-0205x4067,16-09-88,"Engineer, agricultural"
3114,Stacey,Rowe,Female,lonniemueller@example.com,800-775-9125x4545,10/8/2039,"Engineer, land"
3115,Cheyenne,Short,Female,eddiehodges@example.com,(785)145-9078x8996,13-08-03,Chief Marketing Officer
3116,Roy,Roberson,Male,martinhunter@example.net,001-533-005-7501x2634,5/5/2049,Microbiologist
3117,Tara,Bennett,Male,blackcalvin@example.com,+1-670-729-8843x63927,27-09-63,Communications engineer
3118,Kari,Dickerson,Male,meaganware@example.net,(048)520-7045x8477,28-03-04,"Lighting technician, broadcasting/film/video"
3119,Keith,Graham,Male,mendozakristen@example.org,(300)913-0493,9/12/2030,"Journalist, magazine"
3120,Nicholas,Riddle,Female,brentsingleton@example.org,318-371-0232x058,2/1/1987,"Engineer, materials"
3121,Eric,Roberson,Female,monicawaller@example.com,+1-443-971-3920x506,14-10-34,"Nurse, mental health"
3122,Kent,Barker,Female,fcampos@example.net,583.165.2586x71910,2/8/2027,Medical secretary
3123,Ariel,Bowers,Male,clifford88@example.net,741-290-3801x01459,30-05-23,Higher education careers adviser
3124,Julie,Ware,Female,gillespieleon@example.org,390-326-7478x254,27-05-18,Fitness centre manager
3125,Bryce,Huffman,Male,combsedwin@example.com,673-309-8484x5642,17-03-15,Television camera operator
3126,Larry,Randolph,Male,starkjeremiah@example.net,001-380-095-9147,20-12-02,Ergonomist
3127,Denise,Ford,Male,maciasnathan@example.net,366.130.3073,26-08-30,Firefighter
3128,Alicia,Noble,Female,lee58@example.com,358-457-1148,25-12-32,Armed forces operational officer
3129,Frank,Wade,Female,zbrewer@example.org,+1-569-289-2045x931,20-10-64,"Engineer, structural"
3130,Alvin,Roberson,Female,eduardobender@example.net,(822)337-2144x319,11/12/2047,"Conservation officer, historic buildings"
3131,Kristopher,Pena,Female,pittsmarvin@example.org,(762)793-7605x6985,2/3/1987,Systems analyst
3132,Jeffrey,Heath,Male,ofaulkner@example.org,838-366-4792x488,25-10-45,"Surveyor, rural practice"
3133,Adrienne,Wilkinson,Female,raven15@example.com,4417077098,30-01-14,Merchant navy officer
3134,Anita,Boyd,Male,uhatfield@example.org,125-626-2735,20-02-17,Building services engineer
3135,Adrian,Mora,Male,hclements@example.org,+1-579-464-1799x4129,26-06-60,Airline pilot
3136,Vanessa,Weber,Male,osborneruth@example.com,043-176-5122,26-10-42,Merchant navy officer
3137,Patricia,Reyes,Female,irwinjack@example.org,859-032-8024x070,24-08-49,Waste management officer
3138,Sue,Simmons,Female,johnny15@example.com,670-170-0637x946,15-07-27,Water engineer
3139,Katie,Lang,Male,derricknorman@example.net,096.634.5632x842,1/12/2018,Chartered loss adjuster
3140,Ryan,Maldonado,Male,peggy43@example.com,778-494-4099x779,3/5/2007,"Programmer, multimedia"
3141,Colton,Ferrell,Female,piercejared@example.org,492-847-0070x656,26-02-18,Visual merchandiser
3142,Scott,Kerr,Male,cpatterson@example.net,(332)754-4054x8627,16-08-79,Geochemist
3143,Reginald,Lozano,Male,vayers@example.net,756-405-0154x0428,21-08-06,Brewing technologist
3144,Alicia,Rose,Male,omercado@example.com,280.168.9245x311,17-06-62,Clinical molecular geneticist
3145,Alex,Porter,Female,caseybeasley@example.net,419-760-5972,9/11/2015,"Psychotherapist, child"
3146,Jesus,Zuniga,Female,ericmccullough@example.org,518-422-9132x265,18-02-10,Investment analyst
3147,Shannon,Proctor,Female,michellebond@example.net,444-371-4843x0108,20-05-24,Analytical chemist
3148,Jodi,Bentley,Male,helenmorrison@example.org,(779)556-7576x0884,1/1/2008,Control and instrumentation engineer
3149,Miguel,Walls,Male,qwyatt@example.net,(073)389-8949x241,19-06-60,Civil Service administrator
3150,Tracey,Chung,Female,dawn29@example.com,234-448-6463x28874,31-01-08,IT trainer
3151,Jimmy,Atkins,Female,zrocha@example.org,(430)048-2862x66038,1/10/1982,"Therapist, horticultural"
3152,Ariel,Gomez,Male,popehector@example.com,-9027,19-07-07,Barrister
3153,Brian,Stephenson,Male,jwebster@example.net,884-424-1343x280,24-02-67,Economist
3154,Caitlyn,French,Male,hboyle@example.com,3092594016,16-10-17,"Conservator, museum/gallery"
3155,Kurt,Mcdaniel,Male,tararoy@example.com,001-306-203-2858x20314,16-05-94,Furniture conservator/restorer
3156,Dominic,Middleton,Male,hortonphilip@example.com,001-879-959-9154x003,23-05-12,Tourism officer
3157,Rachel,Schneider,Male,tiffanyclay@example.org,(599)557-8301x113,5/9/2021,Exercise physiologist
3158,Angela,Haas,Male,jesse29@example.com,+1-863-985-5663x0133,10/6/1952,Dancer
3159,Mary,Pham,Male,ldunn@example.org,439-159-4790,25-02-13,Marketing executive
3160,Henry,Chavez,Female,bautistahailey@example.net,001-945-936-0529,18-07-31,Dancer
3161,Debra,Murillo,Male,jthornton@example.com,(534)318-6903,22-12-16,"Teacher, English as a foreign language"
3162,Ariel,Hess,Female,taylorfaith@example.net,384.002.3299,27-08-15,Jewellery designer
3163,Makayla,Jacobson,Female,hburton@example.net,369.084.9173x60144,7/4/2038,Event organiser
3164,Cassie,Escobar,Female,lgamble@example.net,001-392-721-9747x399,27-10-17,Forest/woodland manager
3165,Wyatt,Shepherd,Female,nhampton@example.com,001-872-483-8881,2/2/2012,"Administrator, arts"
3166,Caitlin,Huynh,Male,fishertom@example.org,672-140-2473x3360,14-11-12,"Lecturer, higher education"
3167,Gwendolyn,Price,Male,drew40@example.com,+1-681-497-4123x15288,6/5/1992,Chartered loss adjuster
3168,Bryce,Todd,Female,virginia89@example.com,001-995-363-2270x22580,29-11-50,Corporate investment banker
3169,Jodi,Nielsen,Female,roserose@example.org,001-714-689-4987,16-08-23,Bookseller
3170,Michaela,Robertson,Male,mcmahonleah@example.com,-7149,3/2/2037,Risk analyst
3171,Alvin,Hancock,Male,glenda57@example.org,614476853,29-08-21,"Designer, interior/spatial"
3172,Patricia,Beasley,Male,shermanshaun@example.com,712-252-4173,4/7/2034,Multimedia specialist
3173,Sheena,Michael,Female,melvinguerra@example.net,770.939.6357,2/8/2020,Nutritional therapist
3174,Gordon,Duncan,Female,kathleennolan@example.net,506.244.9274,10/4/1977,Electrical engineer
3175,Geoffrey,Galloway,Male,mendezdustin@example.net,(283)163-8208x566,19-02-04,Field seismologist
3176,Charles,Mcneil,Male,caroline71@example.net,293.486.1372x57984,6/8/2014,Site engineer
3177,Angel,Reid,Male,ravenklein@example.org,-9317,1/4/2032,Trade union research officer
3178,Dakota,Bray,Female,becky09@example.net,131-538-9955,8/9/2022,"Copywriter, advertising"
3179,Melvin,Cameron,Female,bowmanstephen@example.org,(968)139-6046,16-01-31,Publishing rights manager
3180,Erin,Schaefer,Female,flawson@example.com,(181)781-1614,25-02-99,Claims inspector/assessor
3181,Philip,Rose,Male,hibarra@example.org,(626)754-1261x142,23-04-21,Environmental consultant
3182,Jesus,Casey,Female,gonzalezveronica@example.net,5962095455,1/4/1968,"Surveyor, building"
3183,Elaine,Mason,Female,jeromesosa@example.com,(512)185-1864x242,19-01-68,Bonds trader
3184,Lynn,Holland,Male,barry85@example.org,085-269-2847x308,3/6/2007,"Radiographer, diagnostic"
3185,Dale,Chambers,Female,kurt30@example.net,001-928-214-4774x8428,9/11/2026,Health promotion specialist
3186,Raymond,Bruce,Female,pottssean@example.com,7611086346,8/9/2018,International aid/development worker
3187,Kim,Schmidt,Male,colliernoah@example.net,001-950-730-2278x203,14-09-39,Careers information officer
3188,Steve,Pena,Female,strongcesar@example.com,981.092.5178,3/2/1953,IT technical support officer
3189,Tasha,Sellers,Female,andersoncollin@example.net,(081)818-9708,19-05-18,Private music teacher
3190,Kaylee,Barnett,Male,toni92@example.org,+1-046-469-5516x8576,13-08-39,Community pharmacist
3191,Toni,Bradley,Male,leonbell@example.com,1851316962,22-07-07,Insurance underwriter
3192,Whitney,Fields,Female,mcknightgreg@example.net,+1-072-503-8340x792,12/6/2019,Retail manager
3193,Carmen,Gaines,Female,bondjerry@example.net,092-282-0542x97106,7/2/2000,"Clinical scientist, histocompatibility and immunogenetics"
3194,William,Barber,Male,humphreyruben@example.net,369.587.1948x26623,31-10-13,Manufacturing engineer
3195,Lawrence,Abbott,Female,mariohenry@example.com,(220)969-7899,9/4/2025,Intelligence analyst
3196,Leah,Mckinney,Male,sarah91@example.org,652.432.0340x2990,30-12-00,International aid/development worker
3197,Martin,Blevins,Female,sshepard@example.net,-10092,11/4/2011,Animal nutritionist
3198,Marco,Gamble,Male,neilrowland@example.net,001-796-064-7367,1/12/1953,Building control surveyor
3199,Jamie,Becker,Female,uconley@example.com,001-971-077-3175x960,15-03-57,"Therapist, drama"
3200,Kerri,Clay,Male,santiagomichelle@example.com,108-277-8798x68004,11/3/2042,"Geologist, engineering"
3201,Kristopher,Miller,Female,brooke27@example.net,(308)532-3042,8/7/2001,Medical sales representative
3202,Damon,Shaffer,Female,cody02@example.org,499.849.0926,2/9/2016,Tax inspector
3203,Christina,Shields,Female,hinesgloria@example.net,098.053.5211x170,28-07-38,"Surveyor, commercial/residential"
3204,Shelley,Lutz,Female,aliciaharding@example.org,501.071.2015x21175,26-11-43,Equities trader
3205,Laura,Allen,Male,jerome19@example.com,418-022-0846,29-03-07,Television floor manager
3206,Gabrielle,Cooper,Female,spencer32@example.org,828.568.3112x6829,7/6/2006,"Solicitor, Scotland"
3207,Collin,Tran,Male,oliverhoward@example.org,-6291,12/9/2014,Insurance broker
3208,Angelica,Strong,Female,evelyncarey@example.com,743-801-9343,10/12/1986,English as a foreign language teacher
3209,Marissa,Nelson,Female,hortonjordan@example.net,151.290.8611,11/9/2019,Ophthalmologist
3210,Isabel,Mccall,Male,harrymercado@example.com,(138)013-3173x420,30-01-20,"Surveyor, quantity"
3211,Jill,Austin,Female,wallsmichael@example.org,001-661-471-2868x790,16-01-17,Sport and exercise psychologist
3212,David,Snow,Female,raymond08@example.org,(079)522-0772x5447,20-09-12,Best boy
3213,Gregory,Wiley,Female,annmorgan@example.org,162.377.5112,25-07-39,Quality manager
3214,Brendan,Wiggins,Male,sheenaduarte@example.net,4277189209,3/5/2006,Firefighter
3215,Sue,Patel,Male,santostyrone@example.org,115-367-9836x48730,6/4/1976,Printmaker
3216,Warren,Ramirez,Male,leslie06@example.net,+1-808-214-1354x677,15-08-86,Hotel manager
3217,Dale,Briggs,Male,ltodd@example.org,3054640782,3/7/1954,Tourist information centre manager
3218,Stuart,Lynn,Female,kristinedelacruz@example.org,553-429-1175x295,24-11-21,Personnel officer
3219,Mark,Solis,Female,ivansavage@example.org,-9353,28-08-00,Film/video editor
3220,Denise,Arias,Female,rgarrison@example.org,+1-078-249-3118x1065,8/2/2032,"Engineer, civil (consulting)"
3221,Nicholas,Harmon,Male,woodsrichard@example.net,690.777.4691x0079,3/6/2048,Comptroller
3222,Diane,Gibson,Male,troyguerra@example.net,+1-923-001-4467x39042,3/4/2040,Operations geologist
3223,Jocelyn,Whitaker,Male,eddie11@example.com,3413068228,10/7/1995,"Sales professional, IT"
3224,Xavier,Anderson,Male,xmelendez@example.com,(975)345-9153,1/3/1954,"Production assistant, television"
3225,Sheri,Ramsey,Female,isaac62@example.org,684832133,10/7/1972,Clinical biochemist
3226,Carl,Benton,Female,victoria94@example.com,-6941,20-11-93,Psychotherapist
3227,Sheryl,Cochran,Female,longkirsten@example.net,317.013.0917x339,13-09-48,Intelligence analyst
3228,Mercedes,Yates,Female,barretttraci@example.com,(787)045-6159x067,5/9/2028,Energy engineer
3229,Mario,Mullins,Male,karlbowers@example.com,+1-145-374-9625x0273,9/12/1997,Colour technologist
3230,Mathew,Hatfield,Male,fryclaire@example.org,520.808.8454x044,30-07-21,Musician
3231,Sheri,Shea,Male,joel70@example.net,074-154-3023x1215,7/7/2006,"Administrator, local government"
3232,Jon,Daniel,Female,cooperjudith@example.net,001-700-996-6153x13394,19-01-36,"Producer, radio"
3233,Michelle,Russo,Male,nathanielcarson@example.org,001-290-146-6300,6/9/1994,Orthoptist
3234,Lacey,Kerr,Male,lamblaura@example.net,227.049.0278,2/9/1957,Community pharmacist
3235,Aaron,Arnold,Male,nnash@example.net,341-870-6053x4282,22-04-17,Operational investment banker
3236,Dale,Decker,Male,robertarollins@example.net,702.011.2608x8894,4/8/2004,Chartered public finance accountant
3237,Dorothy,Noble,Male,mirandapotter@example.com,001-399-974-5424x5280,8/1/2021,"Engineer, communications"
3238,Bryce,Barron,Female,gailmcclure@example.org,-8117,5/8/1967,"Surveyor, quantity"
3239,Sergio,Andrade,Male,allisongriffin@example.net,(512)410-7034,31-07-23,"Accountant, chartered management"
3240,Mario,Short,Female,vhopkins@example.org,+1-022-280-3058x9060,13-02-12,Medical sales representative
3241,Earl,Higgins,Male,schwartzjeff@example.com,340-763-2487x252,4/1/2009,Training and development officer
3242,Claire,Cobb,Female,bradfordarthur@example.com,+1-143-098-6214x382,14-09-71,Community arts worker
3243,Fernando,Guerra,Male,leah58@example.net,(750)355-9864x13809,5/1/1999,Systems developer
3244,Willie,Andrews,Male,clarence90@example.com,001-340-622-2705x21649,17-06-10,Special effects artist
3245,Nicole,Huerta,Female,tiffany07@example.org,001-086-740-1730,29-06-98,Administrator
3246,Russell,Jensen,Male,bartlettjasmin@example.org,+1-700-138-2882x47955,7/8/2012,Equality and diversity officer
3247,Karla,Ray,Female,elliscaroline@example.net,985.631.6185,8/8/2018,Maintenance engineer
3248,Shelly,Patton,Male,cruzphilip@example.com,338.035.8750x9043,22-05-62,Minerals surveyor
3249,Suzanne,Blackwell,Female,owenbradley@example.net,671-056-5684x4062,5/11/2012,"Teacher, music"
3250,Ann,Hanson,Male,mcclainrebecca@example.com,(169)157-8131x0018,20-12-82,"Loss adjuster, chartered"
3251,Charlene,Lamb,Female,bergersara@example.com,+1-487-626-7115x5204,22-05-19,Dentist
3252,Shawn,Hale,Female,kelly27@example.org,405.321.4488,25-12-59,Illustrator
3253,Meredith,Duffy,Male,bergjackie@example.net,982-504-9031x97012,17-02-19,"Programmer, systems"
3254,Julie,Logan,Female,desiree51@example.com,001-303-449-2191,14-04-53,Office manager
3255,Johnny,Hunt,Male,cnewton@example.net,(244)270-8475,22-03-74,Pension scheme manager
3256,Lynn,Crane,Male,klove@example.com,461-741-9812x8708,18-04-43,Contractor
3257,Nicholas,Kaiser,Female,hayden80@example.net,001-799-135-6429,19-12-26,Communications engineer
3258,Ernest,Montes,Male,caleb67@example.net,001-042-532-6814x4786,1/3/2019,Manufacturing engineer
3259,Jerome,Reeves,Male,xchoi@example.org,001-250-253-7574x0220,29-06-00,Mining engineer
3260,Eduardo,Stewart,Female,upotts@example.net,001-970-324-9693,8/3/1951,Event organiser
3261,Glenda,Vang,Female,meaganfields@example.net,-8454,13-04-19,General practice doctor
3262,Olivia,Hale,Female,arellanocarly@example.com,540-751-5485x1541,10/2/2020,Television camera operator
3263,Caitlin,York,Female,itorres@example.org,915-321-3535x1259,13-02-19,Meteorologist
3264,Bobby,Preston,Female,ruth52@example.net,001-575-734-6479x3646,14-07-19,Herpetologist
3265,Colton,Simon,Male,gravesdeanna@example.net,001-683-319-9896x2860,6/8/2002,Arts administrator
3266,Patricia,Lawrence,Female,mckenziemartin@example.com,(192)837-7588x036,17-04-94,Research scientist (life sciences)
3267,Ashley,Finley,Male,janice93@example.org,(260)895-3103,21-09-16,Video editor
3268,Paul,Vasquez,Female,saundersscott@example.com,116.178.3692,11/2/2030,Herbalist
3269,Rachael,Delgado,Male,jeanberry@example.org,-2882,17-03-27,Site engineer
3270,Tracey,Lane,Female,abarton@example.com,+1-786-742-1118x012,27-09-25,Radio producer
3271,Carly,Carpenter,Male,simsthomas@example.org,249-251-3494,14-08-65,Best boy
3272,Paula,Martin,Male,evelyncastillo@example.net,234.608.2606x734,29-07-43,Dispensing optician
3273,Lorraine,Villegas,Male,deborahjohnston@example.org,(605)394-4168x01700,23-11-57,Dietitian
3274,Christian,Burns,Female,wheelerjacob@example.org,922-104-9915,25-11-19,Associate Professor
3275,Gordon,Wheeler,Female,vcameron@example.org,388-959-2907,30-10-82,Retail banker
3276,Judith,Burns,Female,ztaylor@example.com,+1-487-291-1885x378,26-11-00,Housing manager/officer
3277,Daniel,Duran,Female,pedrobarnett@example.org,402-884-0112x2034,5/2/2034,Air traffic controller
3278,Marisa,Buckley,Male,josephfrench@example.org,+1-079-905-3261x0263,12/7/1966,Magazine journalist
3279,Martha,Castro,Male,pcollins@example.org,964-871-2618x11667,30-07-63,Research scientist (medical)
3280,Cristina,George,Female,montesalan@example.net,768.656.4263x671,10/4/1954,Advertising copywriter
3281,Ashlee,Rogers,Female,mary01@example.com,(182)454-9498x0780,7/3/1968,"Scientist, audiological"
3282,Gwendolyn,Warren,Male,tcisneros@example.com,099-305-1170,1/11/2017,Music therapist
3283,Willie,Jenkins,Female,whiteheadalan@example.net,897.137.6901x651,4/11/1984,Best boy
3284,Grant,Roth,Male,ayalaalexandria@example.org,001-096-368-7933x3717,19-09-33,Visual merchandiser
3285,Natalie,Mcmahon,Male,iosborn@example.org,(070)844-5011x03928,16-08-24,"Engineer, materials"
3286,Gary,Horne,Male,arroyobruce@example.net,-5780,19-01-13,Marketing executive
3287,Mark,Dunn,Male,mckenzie77@example.org,6025169630,21-11-08,Academic librarian
3288,Jacob,Avila,Female,bnorton@example.net,008.815.8846x504,23-07-35,Firefighter
3289,Gordon,Burke,Male,cbradford@example.org,(128)297-7022,9/11/2047,Consulting civil engineer
3290,Barbara,Wilcox,Female,cochrancolin@example.org,831.515.8035x504,29-07-18,Phytotherapist
3291,Jeffrey,Steele,Female,garciadeborah@example.net,(161)687-8661x38519,14-11-73,Diplomatic Services operational officer
3292,Beth,Torres,Female,kristiehurley@example.com,(573)939-2358x608,1/11/2011,"Designer, interior/spatial"
3293,Zachary,Boone,Male,coleweeks@example.net,001-012-213-0949x613,24-08-13,Clinical embryologist
3294,Malik,Velez,Male,alvarezcarl@example.net,(880)510-0875x1629,13-03-46,Product designer
3295,Jeremiah,Camacho,Female,mcphersoncaroline@example.com,2132433540,1/8/1995,Commissioning editor
3296,Wyatt,Ortiz,Male,tapiabrittney@example.org,726.976.4928x2510,26-05-12,Petroleum engineer
3297,Alicia,Bruce,Male,marco13@example.com,(393)526-3699x7491,29-04-35,"Designer, fashion/clothing"
3298,Joy,Bradford,Female,pageroberta@example.net,705-723-0677x928,4/5/1975,Interior and spatial designer
3299,Frederick,Rivers,Male,gamblestacy@example.net,382.699.2665,25-07-49,Network engineer
3300,Cindy,Jackson,Female,sharptom@example.com,(051)071-4615,28-11-48,Housing manager/officer
3301,Jasmine,Krause,Male,mezabrianna@example.org,194-424-7919x2739,6/2/2005,"Engineer, drilling"
3302,Cole,Garrett,Female,selena00@example.com,964.053.1874x7916,25-02-19,Telecommunications researcher
3303,Kylie,Cisneros,Female,ofowler@example.org,133.586.6727,24-04-09,Customer service manager
3304,Fernando,Landry,Female,bonniemarquez@example.net,985.782.7510x2988,4/7/1956,Science writer
3305,Brady,Arnold,Female,andres20@example.com,375.128.5264x5484,1/12/2016,"Designer, ceramics/pottery"
3306,Loretta,Crane,Male,billywiggins@example.com,850.130.7089x0813,21-11-10,Forest/woodland manager
3307,Hector,Avery,Male,ymoore@example.org,6381998713,16-01-20,Health and safety inspector
3308,Melinda,Calderon,Female,bowmanmiguel@example.com,656-164-1784x94550,21-06-11,Archaeologist
3309,Samuel,Saunders,Female,yreyes@example.net,404-226-4063x194,10/6/2033,"Lecturer, further education"
3310,Mathew,Mcintyre,Male,nmelton@example.com,791.136.2953x6238,7/5/2039,Secretary/administrator
3311,Ellen,Nash,Male,gabrielachang@example.com,5898089140,21-07-50,Risk manager
3312,Isabel,Villegas,Female,wattsjanice@example.net,524-214-1481x95972,4/9/2002,Exercise physiologist
3313,Eugene,Ward,Male,grahamfaith@example.net,+1-489-121-2747x1803,10/9/2024,Systems developer
3314,Paige,Choi,Female,zmeza@example.org,8530999514,27-12-10,Marine scientist
3315,Christie,Hester,Male,udunn@example.org,(634)975-3185x751,9/8/2027,"Civil engineer, consulting"
3316,Mindy,Booth,Female,ubrock@example.net,355-187-0873x651,28-02-19,"Psychologist, forensic"
3317,Lacey,Mcgee,Male,shari59@example.org,(467)028-6187,28-02-68,Statistician
3318,Theresa,Velez,Male,mcclurejulie@example.com,474-387-8220x105,22-10-76,Make
3319,Jocelyn,Klein,Female,onewman@example.com,592.078.0617,10/12/1962,"Editor, magazine features"
3320,Amber,Singleton,Male,carla83@example.net,(034)575-4894x56400,4/4/2001,"Scientist, research (life sciences)"
3321,Sierra,Stewart,Female,vhull@example.org,198954292,16-04-52,Legal secretary
3322,Jeffery,Spears,Male,yolanda12@example.org,189-298-5688,27-06-13,Maintenance engineer
3323,Adam,Livingston,Male,murphykirk@example.org,-6121,10/6/2034,Historic buildings inspector/conservation officer
3324,Desiree,Powers,Male,charlesmanning@example.net,757.322.3350,27-11-09,Dispensing optician
3325,Adrian,Boyle,Female,marilynpitts@example.net,483.436.2733x3959,19-02-97,"Engineer, site"
3326,Mindy,Atkinson,Female,qmills@example.com,845.305.4477,6/5/2009,"Scientist, water quality"
3327,Amy,Banks,Female,jessemontes@example.com,(085)523-3619x416,12/11/1974,"Administrator, local government"
3328,Craig,Hopkins,Male,jason98@example.net,001-425-411-9755x9471,2/12/2021,Public relations officer
3329,Cesar,Dawson,Female,bradysonya@example.org,-7774,5/1/2010,Field seismologist
3330,Frank,Snyder,Female,isaac77@example.org,-10083,11/11/2017,"Nurse, adult"
3331,Stephanie,Swanson,Male,nielsenbob@example.net,5262610941,31-10-57,"Scientist, product/process development"
3332,Cody,Rocha,Male,jorgebarker@example.net,(950)984-8756,14-02-84,"Therapist, speech and language"
3333,Hannah,Chapman,Female,mrivers@example.com,(212)745-8912x25971,16-04-89,Exhibition designer
3334,Mia,Hunter,Female,susangomez@example.org,(272)239-1030,20-10-91,Food technologist
3335,Nina,Leach,Female,qhickman@example.net,746-033-4591x33599,1/6/1967,Furniture conservator/restorer
3336,Michaela,Harrington,Female,gonzalezalexandria@example.net,(390)097-7616,25-10-46,Operational investment banker
3337,Sheri,Frost,Female,kiaratodd@example.net,(202)935-3965x0693,17-09-10,Commercial art gallery manager
3338,Betty,Reyes,Male,mosesjessica@example.com,(129)525-0387x9165,11/4/2007,Pensions consultant
3339,Joel,Silva,Male,isaac81@example.org,852.645.3015x922,5/10/1980,Chief Technology Officer
3340,Benjamin,Horton,Male,cheyenne44@example.com,(598)830-9788x1545,3/2/1966,Ergonomist
3341,Jean,Hawkins,Female,hholder@example.net,(468)535-9191x58481,6/2/1994,Brewing technologist
3342,Sabrina,Moses,Female,katrina61@example.net,001-500-840-2549x12756,14-01-00,Interpreter
3343,Nichole,Wells,Male,gmckay@example.com,764.538.6574x77919,14-01-32,Television floor manager
3344,Thomas,Hughes,Female,thomasernest@example.org,312-655-8557x2752,3/9/1956,Insurance underwriter
3345,Laura,Waller,Female,karimills@example.org,001-926-496-6087x17933,30-03-52,"Clinical scientist, histocompatibility and immunogenetics"
3346,Chris,Rowe,Male,tracie07@example.net,+1-514-442-9380x9921,30-04-21,Herpetologist
3347,Angela,Reese,Female,awilkinson@example.net,743.029.2740x420,30-05-75,"Accountant, chartered certified"
3348,Dale,Fitzgerald,Female,debranovak@example.net,995-986-2501x9388,10/9/1999,Retail banker
3349,Patricia,Fields,Male,chatfield@example.com,987-862-5928x0392,17-03-87,Records manager
3350,Anita,Dean,Male,krowe@example.com,001-862-632-4471x7942,8/12/1979,"Designer, industrial/product"
3351,Jane,Lambert,Female,summer53@example.net,371.977.1666x2033,22-10-21,Education administrator
3352,Shelby,Fleming,Female,ctanner@example.org,9447991385,18-02-07,Seismic interpreter
3353,Ricky,Hodges,Male,krystal66@example.org,834.498.4771x17009,5/1/1952,Town planner
3354,Brett,Graves,Female,vwatts@example.net,923-601-9586x814,2/5/1952,Camera operator
3355,Bryce,Pennington,Male,curtis71@example.net,001-313-083-4554x107,19-09-97,"Surveyor, insurance"
3356,Kim,Barry,Male,oscarwolfe@example.com,018.839.0569,22-04-31,Public affairs consultant
3357,Nancy,Avila,Male,curtis09@example.com,001-313-975-5619,27-10-30,"Copywriter, advertising"
3358,Oscar,Riddle,Female,reyeseddie@example.org,536.820.3767x61956,28-06-63,"Therapist, speech and language"
3359,Roberto,Reese,Female,frankkendra@example.com,894.755.6541x75759,13-09-92,Pension scheme manager
3360,Diamond,Suarez,Male,max72@example.com,098.070.9334x071,12/7/2014,Environmental consultant
3361,Gina,Manning,Male,nashmichaela@example.org,7003038836,22-06-88,Civil Service administrator
3362,Kathy,Winters,Male,vernon27@example.net,+1-093-665-7305x35682,30-10-66,"Scientist, clinical (histocompatibility and immunogenetics)"
3363,Meredith,Brandt,Male,ilittle@example.com,732.250.8379,3/3/1977,Water engineer
3364,Bruce,Mcconnell,Male,benitezthomas@example.net,810.542.8685,2/8/1958,Clinical psychologist
3365,Jill,Perkins,Female,shawna87@example.org,+1-110-067-6097x506,4/10/1975,"Designer, jewellery"
3366,Becky,Middleton,Male,dakotamarsh@example.com,707-522-1398,4/2/1999,Building control surveyor
3367,Guy,Hess,Female,shawtasha@example.net,001-647-894-7169x389,5/11/2012,Statistician
3368,Darren,Simpson,Female,vblake@example.com,+1-005-762-7289x880,19-01-09,"Civil engineer, consulting"
3369,Larry,Rosales,Female,adam37@example.com,601.140.9636x75218,23-05-42,"Psychologist, counselling"
3370,Kyle,Villegas,Female,margaretliu@example.com,511-368-9920x5116,29-03-30,Health and safety adviser
3371,Sheila,Roberson,Male,katelynsolomon@example.com,965.797.0187x250,26-07-67,Food technologist
3372,David,Le,Male,evelyn71@example.net,-10560,6/12/1996,Chartered public finance accountant
3373,Marie,Manning,Male,danielle29@example.net,096-577-5353x4306,27-02-52,Race relations officer
3374,Dawn,Solis,Male,mchapman@example.com,(626)105-4987,10/12/2016,Agricultural engineer
3375,Bryce,Wright,Male,parsonsellen@example.net,926.055.8408x336,24-07-47,Database administrator
3376,Debra,Lane,Male,tknox@example.net,3389320860,19-12-28,Engineering geologist
3377,Shirley,Bradley,Male,glendasantiago@example.net,001-952-413-1313x8931,24-09-20,Financial risk analyst
3378,Darren,Bender,Male,slucero@example.com,001-950-856-1767,13-12-04,Land
3379,Wendy,Bean,Male,noahfoster@example.net,001-712-686-8456x08106,28-03-90,Production engineer
3380,Dalton,Potts,Male,katrinablake@example.com,+1-132-339-4832x87982,12/8/1950,Pension scheme manager
3381,Doris,Nixon,Female,pdurham@example.net,912-412-7867,1/10/2020,Pharmacologist
3382,Beth,Livingston,Female,ddonovan@example.org,001-796-0899x975,6/8/1995,Freight forwarder
3383,Sydney,Burton,Female,sandovalmitchell@example.com,+1-636-773-5690x442,24-01-65,"Producer, radio"
3384,Stacey,Rollins,Male,ysampson@example.net,(717)313-4379,7/8/1982,Chief Operating Officer
3385,Kristina,Dean,Male,phyllis58@example.net,001-675-204-4018x240,6/8/2020,Information systems manager
3386,Carl,Bender,Female,tyrone20@example.com,679-865-1863x5101,12/11/2015,"Accountant, chartered"
3387,Walter,Sweeney,Male,christian06@example.org,+1-524-438-4254x530,24-10-48,Advertising art director
3388,Mackenzie,Khan,Female,tom01@example.com,001-544-216-4880,30-10-19,Lobbyist
3389,Jody,Anthony,Female,fergusonjillian@example.com,001-916-161-6353x797,17-05-14,Acupuncturist
3390,Erika,Compton,Female,rogerbarnes@example.net,515.705.3401,28-10-68,Furniture designer
3391,Bob,Austin,Female,eric76@example.org,372.930.8042,14-04-82,"Exhibitions officer, museum/gallery"
3392,David,Ray,Male,graypatty@example.org,+1-549-877-7958x0121,26-07-56,Actuary
3393,Fred,Santana,Male,afrost@example.org,473-289-9768,16-11-48,Comptroller
3394,Charlotte,Benitez,Male,jle@example.org,(638)462-4338,24-05-51,"Surveyor, land/geomatics"
3395,Geoffrey,Meza,Female,hoffmancrystal@example.com,+1-729-572-0730x815,10/3/2026,Cartographer
3396,Debbie,Yates,Male,ebowers@example.org,878.442.2352,30-12-38,Dentist
3397,Martha,Galloway,Female,marcus72@example.net,(587)159-1308,23-02-10,Hydrographic surveyor
3398,Gwendolyn,Soto,Male,brennankirsten@example.org,+1-391-203-1220x079,9/2/2013,"Psychotherapist, dance movement"
3399,Tyler,Ferguson,Male,muellermeredith@example.org,584.023.1552x7416,19-01-18,Garment/textile technologist
3400,Alejandro,Bryan,Female,alecfrank@example.com,673.760.3176x4213,23-11-23,Radiation protection practitioner
3401,Peggy,Salazar,Female,helendavis@example.com,9426759587,7/9/2008,Physiological scientist
3402,Sophia,Bush,Male,carpenterlawrence@example.net,133-713-7996,19-03-39,Illustrator
3403,Melinda,Hardy,Female,ariel96@example.org,427-419-3279x584,12/9/2015,"Scientist, forensic"
3404,Mindy,Mercado,Male,briggstamara@example.org,+1-783-279-4657x484,13-10-99,Manufacturing systems engineer
3405,Kylie,Lyons,Female,masonbradford@example.com,860-769-6088x37963,28-06-27,Scientific laboratory technician
3406,Marie,Frey,Male,desiree34@example.net,998-593-2102,12/12/1981,Control and instrumentation engineer
3407,Angie,Downs,Female,uguerrero@example.org,169.972.9233x9020,17-08-55,Soil scientist
3408,Jean,Coffey,Male,chavezjudy@example.org,001-411-841-9648,18-01-05,Hospital pharmacist
3409,Roy,Brandt,Female,tbowman@example.org,138-593-6583x489,21-03-50,"Designer, industrial/product"
3410,Penny,Brennan,Male,ellennash@example.org,501.534.9866x3998,7/8/1981,"Journalist, broadcasting"
3411,Daisy,Melendez,Male,deanricardo@example.net,(262)357-6491x9543,12/10/1971,Air broker
3412,Kirsten,Fields,Male,liangel@example.org,001-934-522-7818x4735,1/9/1978,"Development worker, international aid"
3413,Heather,Holland,Male,sethbrooks@example.org,961-939-8802,5/5/2012,Clinical psychologist
3414,Chase,Nash,Male,gvaughan@example.org,(394)023-9722x174,22-11-15,Technical author
3415,Latasha,Hinton,Female,moniquecooley@example.net,7295153192,7/2/1955,Manufacturing engineer
3416,Beth,Haney,Female,ricky26@example.org,045.857.4825x028,19-10-21,Commissioning editor
3417,Raymond,Dixon,Female,cbraun@example.org,+1-636-743-7010x88735,10/4/2022,Office manager
3418,Aimee,Clark,Female,mikelynn@example.net,3326293899,20-10-50,Community pharmacist
3419,Sabrina,Owens,Male,crossdarlene@example.net,691.176.3272x14858,24-03-80,Mental health nurse
3420,Kristy,Dunlap,Male,pkramer@example.org,733.837.6238x085,30-05-51,"Editor, commissioning"
3421,Latasha,Koch,Male,robertaforbes@example.net,(356)313-7715,5/10/1971,Transport planner
3422,Brendan,Lindsey,Female,ykrueger@example.net,+1-310-134-7367x74795,24-09-08,Equities trader
3423,Alisha,Andrade,Female,hunttabitha@example.net,632-156-1711x53368,18-09-06,Legal secretary
3424,Isabella,Hoover,Female,kristopher07@example.org,001-873-837-7973x03367,16-10-72,"Producer, television/film/video"
3425,Heidi,Archer,Female,williamsonnicole@example.com,+1-417-055-8194x022,14-06-53,Travel agency manager
3426,Ann,Herrera,Male,tracishannon@example.com,589.816.7860,10/1/1958,Insurance underwriter
3427,Aaron,Parks,Female,frederick83@example.net,-10097,13-03-04,"Scientist, marine"
3428,Adam,English,Female,sheila26@example.com,+1-340-955-4866x0043,16-08-94,Forensic scientist
3429,Kristopher,Hayes,Female,troy81@example.org,001-026-201-9231x5987,24-07-61,"Administrator, local government"
3430,Marilyn,Rice,Female,iannash@example.org,-9921,12/4/2007,Nature conservation officer
3431,Brittany,Luna,Male,hzavala@example.com,799-770-2595,12/7/2012,Television camera operator
3432,Brenda,Moody,Female,annecallahan@example.net,6360148255,22-04-60,Counsellor
3433,Chad,Mcknight,Female,ihouse@example.com,(360)801-4368x09591,5/11/1990,Midwife
3434,Krista,Castaneda,Female,whitneybranch@example.com,001-944-746-5563x6165,22-07-07,Jewellery designer
3435,Teresa,Lee,Female,gilbert57@example.org,(976)592-9675,7/11/2001,Catering manager
3436,Barry,Dunlap,Male,duanebeltran@example.net,-10814,19-01-16,Dance movement psychotherapist
3437,Brooke,Stewart,Female,pkemp@example.org,(186)065-9145,20-02-90,Chartered management accountant
3438,Kellie,Todd,Male,dlevine@example.org,370.365.3996,11/11/2039,Health promotion specialist
3439,Samuel,Mcclain,Male,lonnie92@example.net,389-066-9423,10/4/1950,Clinical embryologist
3440,Jon,Ellison,Male,jeremy30@example.org,302-617-4572,22-04-51,Retail manager
3441,Shane,Matthews,Female,moyerrichard@example.net,702-402-1285x9885,3/4/2013,Theme park manager
3442,Alice,Brock,Male,traviskristy@example.org,726.134.6852x646,7/2/2043,Museum/gallery conservator
3443,Sonya,Madden,Female,dlamb@example.com,+1-033-249-1371x09396,30-10-56,Associate Professor
3444,Kim,Carey,Male,arieltorres@example.com,-2685,13-01-69,Musician
3445,Meagan,Shields,Female,lisa88@example.net,(835)938-2532x6152,6/4/2011,Water engineer
3446,Dominic,Bonilla,Male,rwagner@example.org,140.773.1309,8/9/1951,"Geologist, wellsite"
3447,Paula,Russell,Female,jared45@example.org,+1-985-682-7783x165,2/3/2037,Chartered management accountant
3448,Jonathan,Mendoza,Male,vcameron@example.com,(205)108-6010x945,14-03-95,Higher education careers adviser
3449,Eduardo,Cummings,Female,dustinharrington@example.org,(453)308-3542x7331,4/1/2020,"Accountant, chartered management"
3450,Ross,Lang,Male,evelyn37@example.com,939.630.8502x435,30-11-69,Chief Strategy Officer
3451,Brandy,Benitez,Female,ekeller@example.com,(512)962-3271x56334,28-09-06,Fisheries officer
3452,Fred,Mccullough,Female,roy62@example.net,+1-318-092-2249x08697,25-06-11,Regulatory affairs officer
3453,Alexa,Moyer,Male,cliffordhuang@example.org,940.855.2196x768,22-12-06,"Civil engineer, contracting"
3454,Jon,Black,Female,holderernest@example.org,(506)748-4524x94653,24-12-32,Medical secretary
3455,Madison,Pratt,Male,kmcgee@example.org,001-075-738-9022,8/2/2001,"Psychotherapist, dance movement"
3456,Mikayla,Woodward,Male,robinwalter@example.org,(980)930-6971,27-12-10,Seismic interpreter
3457,Raven,Barrett,Female,zbell@example.com,856-324-0051x65065,1/1/1992,Water engineer
3458,Kristin,Ramsey,Female,riley00@example.org,2579522217,7/5/2016,Architectural technologist
3459,Julia,Hayes,Female,baxtereric@example.org,+1-043-956-7372x985,6/11/1993,Translator
3460,Sherry,Parsons,Male,dominiquehaynes@example.org,+1-767-212-4830x4623,28-05-42,"Radiographer, therapeutic"
3461,Savannah,Lam,Female,mike32@example.com,6803555121,11/9/2015,"Physicist, medical"
3462,Sheryl,Maynard,Female,webbmason@example.com,(815)428-5426,7/2/1987,Podiatrist
3463,Latasha,Tapia,Female,mariahoward@example.com,080-357-5837,6/2/1983,Landscape architect
3464,Christopher,Moon,Male,ewright@example.net,012.399.7141,27-08-68,Building services engineer
3465,Marcia,Wilkinson,Female,christiebrooks@example.org,(920)212-2778,10/7/2049,"Conservation officer, historic buildings"
3466,Roger,Wallace,Male,cuevasluis@example.com,001-505-403-1343x3982,1/10/1970,Museum education officer
3467,Destiny,Hutchinson,Male,wyatthuber@example.org,558-240-5385x676,3/12/1991,Actuary
3468,Rebecca,Blanchard,Male,mckenziecabrera@example.net,805.741.4251x98602,27-05-72,Fish farm manager
3469,Lynn,Schneider,Male,karl08@example.com,712.975.2257,11/11/2007,"Engineer, electronics"
3470,Monique,Mcneil,Male,aliciamooney@example.org,(630)121-5927,25-09-01,"Conservator, museum/gallery"
3471,Damon,Jackson,Female,joycehouse@example.net,956.969.7741x8886,11/7/1989,"Psychologist, counselling"
3472,Robyn,Ashley,Male,ariasmaurice@example.com,823-778-6465,3/2/2004,"Merchandiser, retail"
3473,Walter,Perry,Female,jeannesims@example.com,121.403.0592,4/5/1978,Media buyer
3474,Anna,Oconnor,Male,whitekari@example.net,951.295.0675x11365,2/6/1955,Tourism officer
3475,Christy,Wagner,Male,shawnorr@example.com,738.957.8903x05607,16-07-74,Music therapist
3476,Meredith,Frazier,Female,whitakerkenneth@example.net,+1-812-599-0135x74510,14-12-43,Museum/gallery conservator
3477,Russell,Weiss,Female,dean21@example.com,+1-190-575-0765x53655,19-12-29,Advertising account executive
3478,Cassidy,Hinton,Male,kcasey@example.com,981.490.2935x9759,12/5/2011,Health visitor
3479,Nancy,Burns,Male,galvanlouis@example.org,9376278951,14-11-67,"Engineer, structural"
3480,Traci,Escobar,Female,rachael76@example.com,(352)765-9042,10/11/2019,Surgeon
3481,Ryan,Spears,Female,carolynpowers@example.org,-9492,16-03-19,Financial adviser
3482,Steven,Maddox,Female,mccormickcolleen@example.net,(210)803-5143,24-04-53,"Engineer, site"
3483,Calvin,Russell,Male,jharmon@example.org,349.136.5726,8/12/1973,Retail manager
3484,Colton,Mcconnell,Female,sara18@example.com,+1-903-262-5659x9127,19-06-03,Patent attorney
3485,Gene,Ford,Female,roberto84@example.com,531-634-5853x9904,18-03-80,Fine artist
3486,Tyrone,Gill,Male,huffsandy@example.net,037.989.2063,16-07-14,"Research officer, political party"
3487,Bethany,Richard,Female,chris13@example.org,001-288-205-7823x944,28-02-26,"Designer, multimedia"
3488,Rebekah,Livingston,Male,qyoder@example.org,(939)341-7567x629,22-12-63,Financial adviser
3489,Brianna,Mckinney,Female,calvinproctor@example.org,795.081.7934,3/11/2017,"Engineer, communications"
3490,Leonard,Baldwin,Female,amendoza@example.com,103.688.1411,30-10-06,"Designer, blown glass/stained glass"
3491,Cristina,Burch,Male,floresjoanne@example.net,(988)792-4644x5130,3/3/1988,"Psychologist, prison and probation services"
3492,Rachael,Cowan,Female,kayleemorris@example.org,404.047.1307,14-02-48,Graphic designer
3493,Katrina,Choi,Male,glenndarrell@example.com,142.889.6555,9/3/2012,Minerals surveyor
3494,Christopher,Powers,Male,uarroyo@example.com,-9650,21-04-66,Secretary/administrator
3495,Judith,Andersen,Male,nathanrhodes@example.com,+1-870-204-9915x00526,11/5/1951,"Conservation officer, nature"
3496,Jim,Ballard,Female,doughertyerik@example.com,001-264-004-3805x93638,7/10/2043,Automotive engineer
3497,Leon,Pope,Female,ysilva@example.net,740-595-8313x44427,29-05-27,Astronomer
3498,Claire,Mcintyre,Male,zbrown@example.com,(738)709-6425x25858,9/6/2019,Agricultural consultant
3499,Virginia,Franco,Female,evelyn94@example.org,5384648304,1/10/1988,"Accountant, chartered management"
3500,Cristian,Hampton,Female,millerangie@example.org,001-768-063-0688,2/4/1990,"Production designer, theatre/television/film"
3501,Karen,Peters,Male,calvin29@example.net,(507)526-5854x3936,29-06-51,Chief of Staff
3502,Gary,Weber,Female,paigeruiz@example.org,1055154150,29-07-12,Theatre stage manager
3503,Yvette,Dudley,Male,fmorse@example.net,191-421-9863x175,1/7/2009,Immunologist
3504,Robert,Moore,Female,frederickhutchinson@example.org,(588)980-7625x16704,14-03-52,Intelligence analyst
3505,Danielle,Erickson,Female,gallagherparker@example.com,-7278,30-08-12,Retail buyer
3506,Jodi,Hoffman,Female,frederickbob@example.org,001-383-829-7635,23-08-18,Product/process development scientist
3507,Christian,Strong,Female,yesenia60@example.net,+1-692-309-2745x965,24-11-02,Metallurgist
3508,Thomas,Higgins,Female,asullivan@example.com,001-299-012-7883x8076,30-11-98,Aid worker
3509,Juan,Frye,Male,kendrazhang@example.net,424-509-5593x32101,11/10/2001,Product manager
3510,Willie,Doyle,Female,hawkinsgregory@example.net,001-595-249-5693,23-01-51,"Scientist, physiological"
3511,Kristin,Kidd,Female,marshallalvin@example.net,+1-341-469-8385x687,24-08-20,Physiological scientist
3512,Vickie,Santos,Male,dakota46@example.net,1541914907,28-04-06,"Conservator, museum/gallery"
3513,Joan,Henry,Female,humphreylisa@example.net,745-416-8392,3/5/2011,Financial trader
3514,Shannon,Rose,Male,vancevickie@example.com,(914)674-9151,22-04-63,Early years teacher
3515,Kurt,Combs,Male,zcohen@example.org,-5627,11/12/2038,Associate Professor
3516,Yvette,Brewer,Female,vancevickie@example.org,(515)291-6967,12/9/2006,"Surveyor, commercial/residential"
3517,Miguel,Horton,Male,mathew97@example.org,001-445-059-2350x35534,17-07-49,Public relations officer
3518,Joy,Bentley,Male,jaredholden@example.net,480-616-5344x73542,23-03-20,Podiatrist
3519,Rodney,Watts,Female,shane45@example.net,001-349-764-4251,22-11-16,Animal technologist
3520,Lawrence,White,Male,jamie46@example.com,970-779-7096x530,9/5/2046,Community development worker
3521,Kaylee,Rowe,Female,tracirush@example.org,689.642.7967,20-06-85,Medical technical officer
3522,Monique,Neal,Female,foxpreston@example.org,(654)379-5975x0988,24-10-78,Magazine journalist
3523,Cory,Brady,Female,norman61@example.net,(803)780-1437x747,3/4/1995,Barista
3524,Eugene,Bishop,Female,ramirezvernon@example.org,(077)344-7854,14-09-66,Sports therapist
3525,Gregg,Rich,Female,burtonkendra@example.net,7907834243,28-11-73,"Producer, radio"
3526,Katherine,Savage,Female,robynmathews@example.com,5153980763,17-03-87,Arts administrator
3527,Carla,Tate,Male,vcardenas@example.org,(709)429-9469x54167,12/12/2044,Medical secretary
3528,Rita,Herrera,Female,vknight@example.net,297.546.4461,11/11/1991,"Surveyor, insurance"
3529,Julie,Rodgers,Female,dillonrita@example.org,463.782.7988x2498,17-06-76,"Editor, film/video"
3530,Melissa,Lutz,Male,hensonautumn@example.com,436.016.5200x0922,24-07-19,Secondary school teacher
3531,Wyatt,Cisneros,Female,carneyangela@example.net,001-748-236-0884x9156,19-11-64,"Biochemist, clinical"
3532,Morgan,Patrick,Male,suemcmahon@example.com,441-972-3083,27-09-07,Food technologist
3533,Kara,Schneider,Male,sherylbrooks@example.net,167.910.6849x4648,25-03-45,Communications engineer
3534,Alicia,Villarreal,Female,gmaxwell@example.org,8898698485,17-04-60,Barrister's clerk
3535,Jasmine,Morgan,Female,larsendaryl@example.org,9811853925,21-02-13,"Lecturer, higher education"
3536,Karla,Ruiz,Female,desiree64@example.org,+1-933-100-4339x2077,9/10/1978,"Teacher, special educational needs"
3537,Brett,Matthews,Male,caitlin29@example.com,563.529.2173,30-06-54,Astronomer
3538,Sherry,Larsen,Female,jean36@example.net,937-195-7781x327,4/12/1975,"Scientist, marine"
3539,Geoffrey,Sosa,Female,cassandraorr@example.org,367.761.5121,28-09-85,Catering manager
3540,Christopher,Jimenez,Female,zoebartlett@example.org,576-009-7682,21-11-51,"Administrator, local government"
3541,Alice,Williams,Female,katrina12@example.org,(956)739-5149,23-05-96,"Psychologist, educational"
3542,Adrian,Kemp,Male,xshannon@example.org,429.585.3070,6/9/2017,"Investment banker, operational"
3543,Lucas,Palmer,Female,ashleymarcus@example.com,(516)536-1726,22-01-36,"Radiographer, diagnostic"
3544,Marisa,Lozano,Male,forbesadrienne@example.com,001-957-654-6556x75106,30-08-08,Occupational hygienist
3545,Bruce,Zavala,Male,ibarrabeverly@example.net,+1-709-805-0285x70210,21-12-99,Materials engineer
3546,Jordan,Holder,Female,martin90@example.org,(195)291-9296x521,25-12-09,"Conservation officer, nature"
3547,Patricia,Bowman,Male,atkinsonrebecca@example.net,-10352,10/7/2031,Land
3548,Raven,Burch,Female,paul23@example.net,001-209-323-7116x12584,4/11/1964,Systems analyst
3549,Hayden,Compton,Male,sheahannah@example.com,168-938-9152x09300,13-05-60,Radio producer
3550,Christine,Richards,Male,cindycantu@example.net,644-408-9107x613,24-11-18,Pension scheme manager
3551,Johnny,Novak,Male,woodardarthur@example.org,001-445-638-7429x346,23-07-02,"Engineer, site"
3552,Sydney,Lam,Female,savagemindy@example.com,4779885364,2/10/2017,Editorial assistant
3553,Kelli,Santiago,Male,glennsydney@example.com,382.644.3372x404,11/1/2020,Film/video editor
3554,Paige,Weiss,Male,nspencer@example.org,-6006,11/10/2035,Medical illustrator
3555,Dwayne,Mcmillan,Male,randallrussell@example.net,643-637-0397x9427,27-10-06,Production manager
3556,Tommy,Shah,Female,bullockstacey@example.net,141-101-5067x384,24-06-09,"Surveyor, mining"
3557,Regina,Cunningham,Female,jimmy40@example.com,(921)704-4847x16829,19-06-20,Production engineer
3558,Corey,Newton,Male,yorkcole@example.org,038-724-1933,25-01-87,"Psychotherapist, child"
3559,Misty,Fitzpatrick,Male,leah68@example.com,(890)265-9134,17-11-73,Chief Operating Officer
3560,Terrance,Fernandez,Male,nancynorman@example.org,4334243319,5/2/2041,Biomedical scientist
3561,Janice,Chang,Female,yoderclarence@example.net,306-782-3798x09930,19-07-44,Metallurgist
3562,Gerald,Choi,Male,jamesgrant@example.net,001-212-516-0249x69826,22-04-20,Dealer
3563,Richard,Sparks,Female,marisaroman@example.com,4484536551,23-10-09,Museum education officer
3564,Mackenzie,Wall,Male,toddmarks@example.net,087-675-8783x63859,27-05-12,"Psychologist, prison and probation services"
3565,Renee,Archer,Female,qandrews@example.org,730.738.3233x936,16-09-16,IT trainer
3566,Darin,Jackson,Male,ebradshaw@example.net,889-805-6858,17-03-44,Ceramics designer
3567,Hayley,Bauer,Male,moonshawna@example.net,857-169-4483x30045,11/8/2008,"Doctor, hospital"
3568,Tyler,Peterson,Female,debbie41@example.net,(754)811-2832x343,14-01-48,Music tutor
3569,Frederick,Downs,Female,tammy99@example.com,001-047-691-6787x63832,22-09-83,Location manager
3570,Heidi,Rosario,Female,omarmorton@example.net,4981259911,8/12/1993,"Sound technician, broadcasting/film/video"
3571,Alan,Kent,Female,sosamikayla@example.org,596.297.0331x001,6/4/2013,Broadcast journalist
3572,Madison,Mathews,Male,clyons@example.org,(572)127-3020,15-12-72,"Engineer, materials"
3573,Manuel,Barajas,Female,shieldsleah@example.com,(692)529-8408,14-09-92,"Psychologist, prison and probation services"
3574,Erika,Mitchell,Male,chelsey66@example.com,930.814.1761x6092,17-07-15,Oceanographer
3575,Nicolas,Haney,Male,russellfranklin@example.org,206.513.7154x223,7/9/2046,"Scientist, water quality"
3576,Erik,Castro,Female,bdaniels@example.net,054.029.4968x21442,8/4/1963,"Engineer, drilling"
3577,Alan,Santana,Female,alejandramccarty@example.com,812.928.6055x9038,22-05-65,Educational psychologist
3578,Claudia,Grant,Male,andrea31@example.com,(368)741-6532,24-12-67,"Engineer, broadcasting (operations)"
3579,Rebekah,Phillips,Female,arianachen@example.net,(664)266-4664x659,22-02-20,Dramatherapist
3580,Jackson,Rose,Female,debbietrujillo@example.org,730.132.1439,4/7/1983,Optometrist
3581,Franklin,Wade,Male,fred49@example.com,(380)701-8453x1491,23-06-95,Claims inspector/assessor
3582,Daryl,Hebert,Female,sotocarolyn@example.org,390-790-9163x469,10/3/1973,"Conservator, furniture"
3583,Joy,Garcia,Female,rosssydney@example.net,816-095-3537x8086,6/5/1981,Film/video editor
3584,Jacqueline,Pace,Female,derrickbutler@example.org,(158)393-4783x1547,16-08-62,Sport and exercise psychologist
3585,Carmen,Proctor,Male,clinenicholas@example.org,691-958-7107,24-01-93,Chief of Staff
3586,Shawna,Sloan,Female,gallowayfred@example.com,643-631-2935x6941,29-08-01,Mudlogger
3587,April,Ayala,Female,tcarroll@example.net,171.297.6287,2/1/2044,"Engineer, aeronautical"
3588,Dylan,Gilbert,Male,tfranco@example.net,716-649-6998x2876,28-10-61,Retail merchandiser
3589,Brianna,Coleman,Male,rpaul@example.com,357-659-2126x0653,10/2/2021,International aid/development worker
3590,Gwendolyn,Osborn,Male,oliviagilmore@example.com,-9205,8/6/1950,Private music teacher
3591,Lindsay,Robbins,Male,pagewalter@example.net,-4989,16-02-69,Psychiatric nurse
3592,Herbert,Bryant,Female,frances22@example.com,603-763-4454,9/12/2018,Company secretary
3593,Janet,Mays,Male,tyoung@example.net,262.406.9716,7/8/1956,Plant breeder/geneticist
3594,Chris,Madden,Female,lawrenceruben@example.com,(321)635-4412,18-10-88,Therapeutic radiographer
3595,Michele,Mooney,Male,hayley45@example.com,699-614-7436x6803,15-05-30,"Research officer, government"
3596,Malik,Rojas,Male,michaelpowers@example.com,884.607.0295x38014,13-06-13,"Teacher, secondary school"
3597,Ariana,Mcbride,Female,igilbert@example.com,+1-956-776-7556x96559,10/12/2049,Ergonomist
3598,Belinda,Clarke,Female,grant42@example.net,(521)377-4191x67549,24-04-37,Architectural technologist
3599,Lydia,Green,Female,hannahwebb@example.net,001-924-590-7101x5441,18-12-88,Emergency planning/management officer
3600,Brian,Hardin,Male,shirley49@example.org,2770971282,8/8/2043,Public relations account executive
3601,Blake,Fischer,Female,paigebriggs@example.com,(765)031-9018,23-01-47,TEFL teacher
3602,Alexandra,Dunn,Male,aimee95@example.org,(362)284-2367,4/1/1981,Manufacturing systems engineer
3603,Mark,Bean,Female,ufleming@example.com,4489868109,21-09-22,"Administrator, sports"
3604,Max,Mckenzie,Female,starksavannah@example.net,323-840-1215x52111,4/12/1962,"Editor, film/video"
3605,Gabriel,Lewis,Male,francisconixon@example.com,5872571235,24-03-10,Health physicist
3606,Darin,Harvey,Female,shanemontoya@example.org,4487621244,16-03-09,"Therapist, nutritional"
3607,Brandy,Huff,Female,isabella35@example.net,001-896-246-6197x7692,18-02-79,Midwife
3608,Nichole,Tate,Female,blairnorma@example.com,256-085-5335x75849,23-08-93,Consulting civil engineer
3609,Jose,Castro,Female,jesushines@example.net,271.851.1735,14-07-58,Fashion designer
3610,Anna,Meyers,Male,lhorn@example.org,809-510-6823x637,24-10-45,Animator
3611,Kirsten,Nelson,Female,ingramjaime@example.net,746-072-1818x54168,3/2/1971,"Nurse, adult"
3612,Elizabeth,Fischer,Female,jasmin77@example.net,645-571-0241,8/11/1956,"Development worker, international aid"
3613,Melinda,Sweeney,Female,theresacarpenter@example.net,1315516332,21-11-73,"Civil engineer, consulting"
3614,Alejandro,Ward,Female,rachaeldaugherty@example.org,-10211,5/4/1977,Investment analyst
3615,Renee,Knox,Male,ayalasabrina@example.org,(756)896-2919,8/10/2010,Metallurgist
3616,Alfred,Leach,Male,howardcheryl@example.com,-5683,28-02-22,Soil scientist
3617,Isabella,Tran,Female,jenningsgabriella@example.net,(606)382-7644,12/12/1987,Teaching laboratory technician
3618,Kent,Alvarez,Female,julie49@example.net,(757)084-8786x36709,13-07-18,Surgeon
3619,Diana,Cummings,Male,mistycrawford@example.org,+1-940-009-1715x0233,8/1/1982,Fisheries officer
3620,Shari,Summers,Male,marksgarrett@example.net,7418976504,24-04-76,"Engineer, manufacturing systems"
3621,Sonia,Guerrero,Female,phillip88@example.net,001-200-987-1594,7/4/1976,Advice worker
3622,Annette,Joseph,Male,bergerhannah@example.net,(686)400-5996x3948,6/8/1997,"Restaurant manager, fast food"
3623,Sydney,Mckay,Male,ortizbetty@example.com,001-068-064-9031x5268,9/1/2009,"Accountant, chartered"
3624,Cody,Terrell,Male,raymooney@example.com,(535)981-9112,14-06-69,Network engineer
3625,Jane,Hopkins,Male,trevorsantana@example.com,869.189.8893,24-01-46,Soil scientist
3626,Judith,Carey,Female,yangryan@example.net,+1-155-493-2005x7744,11/4/2043,Personal assistant
3627,Lindsey,Hunt,Female,danny51@example.net,-6948,23-05-12,Armed forces operational officer
3628,Bob,Singleton,Female,jodimccormick@example.org,+1-457-742-3715x9179,5/4/1955,Clinical biochemist
3629,Jesus,Allen,Male,pattersonstacey@example.net,+1-294-484-2559x04891,13-05-53,Chief Strategy Officer
3630,Ronnie,Atkins,Female,gordonalan@example.net,983-447-7754x512,16-11-51,Animal technologist
3631,Bob,Walker,Female,thicks@example.net,+1-141-365-1466x188,17-10-47,"Engineer, energy"
3632,Latoya,Sims,Female,llevy@example.net,9991044824,15-03-62,Water engineer
3633,Felicia,Hartman,Female,gabriela54@example.net,6063753886,21-04-12,Production manager
3634,Cassidy,Petersen,Female,paguilar@example.org,069-015-7937x0731,4/8/2035,Clinical biochemist
3635,James,Bolton,Male,sonia26@example.net,+1-402-551-6380x37568,3/5/1986,"Surveyor, minerals"
3636,Bryan,Gay,Male,patty31@example.net,952-614-7813,21-06-63,"Social research officer, government"
3637,Tyler,Walton,Female,gonzaleschristy@example.org,+1-308-151-5036x32900,26-03-56,Psychotherapist
3638,Dominique,Best,Female,george94@example.com,-1933,1/3/1991,Clinical molecular geneticist
3639,Colton,Gregory,Female,tgentry@example.com,001-495-769-2702x0092,15-03-76,Production manager
3640,David,Cherry,Male,patricia12@example.com,549.993.3135x3225,18-06-23,"Programmer, systems"
3641,Yolanda,Noble,Female,jsanchez@example.org,(683)902-4291x8679,26-06-60,"Education officer, museum"
3642,Brandy,Huerta,Male,vancecristian@example.net,165.734.7573x459,1/6/2012,English as a foreign language teacher
3643,Lindsay,Long,Female,dannyschwartz@example.com,+1-652-186-7985x591,22-04-75,Arboriculturist
3644,Juan,Cain,Male,sgrant@example.com,5386142204,6/9/2012,"Psychotherapist, dance movement"
3645,Philip,Gordon,Male,barbara68@example.com,001-409-998-9384,6/7/1993,Diagnostic radiographer
3646,Candice,Delgado,Male,vrich@example.com,5766733753,24-12-13,"Engineer, energy"
3647,Katherine,Bowers,Male,wrollins@example.net,+1-744-151-6498x167,28-04-30,Recycling officer
3648,Louis,Schmitt,Female,phyllis53@example.com,732-393-0238,1/11/1985,Jewellery designer
3649,Tiffany,Welch,Female,codyharrison@example.net,-1415,7/9/1988,"Teacher, early years/pre"
3650,Norman,Fischer,Female,tcompton@example.net,001-011-875-2322x33229,13-05-16,"Programmer, multimedia"
3651,Carolyn,Villegas,Female,grace12@example.org,804.321.1411x91573,30-01-52,Hydrogeologist
3652,Janice,Hester,Female,archertanner@example.org,314.750.3641x58702,22-08-93,Youth worker
3653,Gregory,Ramos,Female,sandy10@example.org,001-435-922-8030x1302,3/1/2011,Warden/ranger
3654,Paige,Schmitt,Female,bnorton@example.net,368-351-0687x6592,25-12-21,Biomedical engineer
3655,Mercedes,Cox,Female,colton38@example.com,9945096495,20-07-71,Community pharmacist
3656,Duane,Tapia,Female,stephaniedelacruz@example.com,010-181-2387x8401,12/1/2016,Tour manager
3657,Carrie,Weiss,Male,frostbrittney@example.org,446-615-9584,2/11/1997,Jewellery designer
3658,Gavin,Everett,Female,calvincallahan@example.org,(860)294-6724x09301,11/12/2006,Metallurgist
3659,Nicholas,Mccall,Female,summer32@example.org,001-073-473-2605,9/10/2018,Armed forces operational officer
3660,Alexandra,Marshall,Female,gloverjudith@example.net,279.433.2592x599,4/4/2026,Midwife
3661,Gordon,Alexander,Female,nicole72@example.net,389-362-5548,16-07-43,Records manager
3662,Troy,Salinas,Female,bobbyhancock@example.net,001-743-417-9674x1119,14-01-98,"Administrator, sports"
3663,Kurt,Leach,Female,chungamber@example.com,-1355,14-06-98,"Doctor, hospital"
3664,Tristan,Bennett,Male,zwarner@example.org,+1-106-517-9937x19152,24-08-54,Bonds trader
3665,Brandy,Tate,Female,jackblackburn@example.com,263.525.0617x53889,14-01-12,Corporate treasurer
3666,Colin,Zamora,Female,jerry19@example.org,138.279.1391,22-06-87,Cytogeneticist
3667,Sue,Morrison,Female,ralph96@example.org,301.311.0390x4084,4/7/1961,Administrator
3668,Molly,White,Female,gacosta@example.com,(232)458-8318,2/9/2046,Lobbyist
3669,Ronnie,Lucas,Female,cathy22@example.org,812.010.0606x7547,2/11/2015,Minerals surveyor
3670,Michael,Dalton,Female,eduardo37@example.com,(729)796-0851x59378,14-02-20,Heritage manager
3671,Latoya,Carson,Male,madisondudley@example.org,+1-980-834-7723x397,2/1/1972,Advertising account executive
3672,Colleen,Mann,Female,peggy53@example.org,+1-954-496-8836x0963,3/3/2012,Visual merchandiser
3673,Sonia,Sims,Female,imack@example.com,+1-989-270-7595x976,6/11/2017,Sub
3674,Shane,Brown,Female,cynthiaweiss@example.com,+1-781-461-3400x90599,16-06-53,"Accountant, chartered management"
3675,Katelyn,Shaw,Male,penny36@example.com,605-661-2708x287,13-03-30,Air cabin crew
3676,Terrance,Wolf,Male,vlamb@example.com,+1-313-264-6310x8939,14-02-02,"Lecturer, higher education"
3677,Gabriela,Rowe,Male,patrickcraig@example.com,002.162.4476,7/3/2007,Location manager
3678,Kaylee,Carson,Male,hholloway@example.org,(659)846-6080x460,7/3/1961,Acupuncturist
3679,Philip,Norman,Female,jwheeler@example.com,001-454-460-0795x652,25-10-01,Dentist
3680,Traci,Hull,Male,bgraham@example.org,416-815-8385x25865,2/3/1982,"Nurse, children's"
3681,Abigail,Palmer,Female,coffeydevon@example.net,608.380.3671x61232,23-06-55,Physiotherapist
3682,Elizabeth,Harris,Female,oterry@example.com,490-441-8416x6419,2/4/1958,Computer games developer
3683,Greg,Rivera,Female,gloria02@example.net,001-021-382-1544x48059,3/10/2038,Agricultural consultant
3684,Christopher,Stewart,Male,cmoon@example.com,001-040-378-7015x18463,24-07-90,Advice worker
3685,Caleb,Mann,Male,alanrivera@example.net,(250)409-5110,27-05-61,Food technologist
3686,Joyce,Owens,Male,tgentry@example.org,854-435-8109x32926,18-11-90,Mining engineer
3687,Phillip,Woodward,Female,candice26@example.com,399.205.3528x42888,13-08-86,Glass blower/designer
3688,Audrey,Hernandez,Male,gabrielazimmerman@example.net,364.167.8898x76064,22-05-09,Orthoptist
3689,Mandy,Ingram,Male,grant48@example.org,(393)275-3020x311,3/6/2035,"Scientist, research (medical)"
3690,Erin,Bautista,Male,jennajordan@example.org,(110)665-8164x000,28-02-47,Exhibition designer
3691,Jo,Friedman,Female,bailey90@example.net,(124)903-8513,12/8/1991,"Psychologist, sport and exercise"
3692,Joshua,Barton,Male,angie11@example.org,787.009.1573x794,9/9/1984,Quarry manager
3693,Tonya,Pace,Female,hutchinsonmanuel@example.com,381-276-8897,22-01-84,Magazine features editor
3694,Jonathan,Morrow,Female,meghan02@example.net,340-283-5477,14-03-53,Clinical psychologist
3695,Sydney,Mcknight,Male,olsongwendolyn@example.org,001-741-319-7351x4842,21-05-15,Historic buildings inspector/conservation officer
3696,Lucas,Faulkner,Female,annesweeney@example.net,292.140.3216,27-07-01,IT consultant
3697,Taylor,Daniel,Male,sotomaria@example.net,618-805-2115x787,29-11-33,Economist
3698,Karina,Robinson,Female,wdodson@example.net,163.086.1139x56007,20-04-91,Publishing rights manager
3699,Dylan,Conway,Female,hmunoz@example.org,+1-767-835-2614x0150,5/4/2000,"Scientist, product/process development"
3700,Bradley,Riggs,Female,stuartjohn@example.com,443-405-5115x47239,14-08-25,"Designer, interior/spatial"
3701,Jesse,Gonzales,Male,archerfrancis@example.org,519-858-4616x6694,21-02-04,Planning and development surveyor
3702,Marissa,Riggs,Male,randyhubbard@example.com,+1-751-288-6020x1499,24-05-25,Senior tax professional/tax inspector
3703,Chris,Keith,Female,bennettjamie@example.com,(016)923-8220,16-04-09,Printmaker
3704,Jon,Greene,Male,kennedyjanice@example.net,001-900-680-5219x16256,25-11-33,Advertising art director
3705,Tracy,Mcfarland,Female,caleboneal@example.com,785-322-3434x950,7/12/1999,"Research officer, government"
3706,Yolanda,Burns,Female,connielogan@example.com,(806)568-6355x11461,29-12-50,Pathologist
3707,Diamond,Henson,Female,tbrandt@example.net,8656892485,18-03-48,"Engineer, land"
3708,Brandi,Calhoun,Male,crawfordgarrett@example.net,344-907-0261x30395,31-03-87,"Scientist, research (life sciences)"
3709,Andres,Krause,Male,beanrhonda@example.org,295.891.2997x1937,28-03-78,"Engineer, aeronautical"
3710,Richard,Bass,Male,chris30@example.com,641-493-0405,25-04-40,"Clinical scientist, histocompatibility and immunogenetics"
3711,Gabriel,Butler,Female,ray41@example.net,+1-592-345-5184x4620,23-10-93,Technical sales engineer
3712,Francisco,Myers,Male,kristin72@example.com,220-798-4791x385,3/1/2003,Energy engineer
3713,Cassie,Moyer,Female,valentineerin@example.net,3859303747,15-06-79,Radio broadcast assistant
3714,Claudia,Esparza,Female,lorifrey@example.org,188-919-3418,22-11-14,Editorial assistant
3715,Christy,Sparks,Female,ltravis@example.net,860.982.9048x389,10/1/2008,Psychiatric nurse
3716,Julian,Mercer,Female,hendrickscolton@example.org,001-615-750-9916,31-08-14,Herpetologist
3717,Terry,Edwards,Female,khall@example.net,101.311.5284x038,21-04-04,Warehouse manager
3718,Kathleen,Rasmussen,Female,nreynolds@example.com,001-530-308-5145,6/11/2009,"Embryologist, clinical"
3719,Sheryl,Blackwell,Male,vhunter@example.org,523-423-2453,3/3/2026,"Engineer, structural"
3720,Casey,Kim,Female,carl08@example.com,786.594.2950x108,5/5/1955,Bonds trader
3721,Jeffery,Hughes,Female,yatesluis@example.org,+1-199-634-1168x890,11/1/1993,Counsellor
3722,Leah,Osborne,Female,lmichael@example.com,387.970.4220x0218,18-06-66,Orthoptist
3723,Joanna,Gallegos,Male,kmiller@example.org,(787)209-2417x87040,8/7/2049,"Therapist, music"
3724,Bethany,Morrow,Female,daughertybenjamin@example.com,3978005311,21-11-76,Health promotion specialist
3725,Allen,Tate,Female,brooke67@example.net,8687426141,17-06-95,Osteopath
3726,Amanda,Lozano,Male,hardychristie@example.net,593-370-3861x29320,12/6/1972,Herpetologist
3727,Gary,Russell,Female,ryannancy@example.net,+1-432-594-6808x795,6/11/2022,Chartered management accountant
3728,Sandra,Parsons,Male,nhorne@example.com,001-841-818-3109x8613,18-04-57,Film/video editor
3729,Omar,Mcneil,Male,sonyalam@example.org,185.922.0113x64572,22-07-15,Secondary school teacher
3730,Gwendolyn,Richards,Female,robinsonmikayla@example.net,(305)512-6468x1633,16-05-06,Insurance account manager
3731,Roy,Patel,Male,rodriguezscott@example.net,856.055.4319,19-02-94,Health promotion specialist
3732,Vanessa,Oconnell,Female,madisonschroeder@example.org,(285)778-9148,2/12/1989,Pensions consultant
3733,Colleen,Middleton,Male,jim27@example.org,8931819863,21-10-12,Herpetologist
3734,Yvonne,Moyer,Female,boothbonnie@example.net,082.296.9723x99382,19-10-09,"Scientist, research (medical)"
3735,Kaitlin,Bean,Male,reevesjoanne@example.org,(239)346-8733x28213,15-01-25,Civil Service administrator
3736,Michael,Schultz,Female,dbyrd@example.net,615-194-2050,20-02-68,"Copywriter, advertising"
3737,Reginald,Nichols,Female,leslie32@example.org,406-430-5362x86638,14-11-68,Immigration officer
3738,Latasha,Sheppard,Male,troy61@example.com,6755476657,14-03-39,Legal executive
3739,Colin,Chaney,Male,mason31@example.org,001-074-170-4814x93040,16-05-63,"Engineer, communications"
3740,Edward,Ayers,Male,kathryn83@example.com,150.929.3613x775,7/8/2025,Optometrist
3741,Mikayla,Avila,Male,lindavaughn@example.org,3990313980,2/10/1963,Counselling psychologist
3742,Warren,Ruiz,Male,apham@example.org,+1-386-129-8850x8898,28-04-22,Furniture designer
3743,Scott,Cortez,Male,hebertruth@example.net,(825)503-8818,8/5/1953,Barista
3744,Elaine,Parrish,Female,thenderson@example.org,757.811.4634x13797,14-12-00,Market researcher
3745,Crystal,Pratt,Female,abbottmaria@example.org,271.340.7056,8/1/2045,Archivist
3746,Stuart,Swanson,Male,marvin56@example.com,551-037-7260,23-11-07,Chief Operating Officer
3747,Phyllis,Blackwell,Female,iwheeler@example.net,6952726631,16-10-30,"Psychologist, sport and exercise"
3748,Ellen,Wells,Female,adam30@example.net,-1785,21-06-50,Drilling engineer
3749,Lynn,Barron,Male,lynchbrooke@example.org,7237867805,17-01-42,Financial controller
3750,Anna,Roberson,Male,casesydney@example.net,001-530-674-8047x506,14-08-85,Podiatrist
3751,Kendra,Fernandez,Female,kristina13@example.org,371.723.0528,21-01-78,Materials engineer
3752,Parker,Tucker,Male,gwendolynramos@example.com,001-666-895-2474x4152,21-05-60,Broadcast engineer
3753,Colton,Malone,Male,qmoran@example.org,001-571-953-8772x590,30-03-75,Sports coach
3754,Marisa,Arroyo,Male,vlester@example.net,558-700-5578x3106,15-09-79,Television/film/video producer
3755,Adriana,Clay,Female,danatkins@example.net,(202)271-2527x7154,10/10/2043,Jewellery designer
3756,Vicki,Mosley,Male,rhawkins@example.net,257-711-9417,9/9/2049,Cabin crew
3757,Charlene,Rios,Male,qwolfe@example.net,+1-384-714-7267x212,29-01-39,Immunologist
3758,Billy,Mercado,Male,halllindsey@example.com,(101)657-6932x6231,20-04-89,Illustrator
3759,Cassandra,Vega,Female,ovaughan@example.net,385-929-1953,5/12/1985,Conference centre manager
3760,Madison,Lamb,Male,zduke@example.org,(439)323-0656x2069,12/6/1996,Trade union research officer
3761,Joe,Solomon,Male,jzimmerman@example.org,189-639-8010x647,21-05-81,Social worker
3762,Stacey,Bishop,Female,kiara00@example.org,428.903.0726x51469,27-03-67,"Administrator, local government"
3763,Riley,Riley,Female,stacyzimmerman@example.net,+1-641-352-5239x85660,29-12-23,Corporate investment banker
3764,Johnny,Meyer,Female,dickersontara@example.org,-8496,25-10-67,Information systems manager
3765,Dominique,Henson,Male,opark@example.com,961.294.4068,6/3/1998,Multimedia specialist
3766,Tricia,Stuart,Female,glennmcbride@example.org,277.414.7732,18-07-11,Probation officer
3767,Karla,Rivers,Female,stefanie16@example.net,001-550-950-3674x0037,2/4/1975,"Optician, dispensing"
3768,Kimberly,Travis,Female,joecarr@example.com,001-292-185-4129,16-08-73,Music tutor
3769,Charlene,Sanchez,Female,ucombs@example.net,549-581-6790x477,15-05-50,Industrial buyer
3770,Jon,Chaney,Female,ychung@example.org,+1-329-025-8802x455,14-10-13,Heritage manager
3771,Dwayne,Kelly,Male,kristiedougherty@example.com,(329)466-2155x21209,26-06-81,IT technical support officer
3772,Tammy,Valencia,Female,rivasjermaine@example.org,823.528.0133,30-07-33,Nature conservation officer
3773,Angie,Jacobs,Female,mendezmercedes@example.org,846.359.7008x969,26-04-11,"Therapist, nutritional"
3774,Sheryl,Bates,Male,idelgado@example.net,643.533.9321,8/9/2037,Records manager
3775,Amber,Scott,Male,coltonglenn@example.net,297786698,10/2/1955,Consulting civil engineer
3776,Julia,Norman,Female,hubbardmartha@example.org,(117)466-4150x08342,14-12-12,Barrister's clerk
3777,Dakota,Bean,Female,harperjanet@example.org,2487022375,28-04-75,"Scientist, audiological"
3778,Frances,Joyce,Female,mckenziecastaneda@example.com,+1-126-512-8134x6196,25-05-62,Chief Operating Officer
3779,Stanley,Moreno,Male,francissosa@example.net,+1-338-033-0453x1788,21-05-62,Tax inspector
3780,Chelsey,Garza,Female,kristindavila@example.com,625-995-1095x43940,19-03-32,Warehouse manager
3781,Tyler,Coleman,Female,herbertgates@example.com,(622)234-1624x4114,24-11-74,Museum/gallery conservator
3782,Mitchell,Daugherty,Female,fstuart@example.org,640.671.1020,21-02-24,Community education officer
3783,Luis,Fowler,Female,gmccullough@example.org,482.233.7315x43918,15-09-15,Health service manager
3784,Arthur,Fitzpatrick,Female,william99@example.net,5941582200,18-01-42,Occupational psychologist
3785,Bernard,Lozano,Female,shortguy@example.org,(086)518-5688,25-10-20,Theatre manager
3786,Norma,Garrett,Female,rojasseth@example.com,627-733-9889x41681,12/7/1985,Dietitian
3787,Samantha,Terry,Female,dennis82@example.net,001-420-245-6476x59162,9/7/1971,Facilities manager
3788,Tonya,Adkins,Male,livingstonnoah@example.com,(614)281-3398x133,5/6/1980,"Radiographer, diagnostic"
3789,Crystal,Hardy,Male,onealmeghan@example.org,+1-823-628-2679x10476,11/7/2027,"Education officer, environmental"
3790,Dylan,Hutchinson,Female,cristina71@example.org,213.292.3025,20-10-96,Logistics and distribution manager
3791,Jerome,Baldwin,Female,levyadam@example.net,001-321-334-6591x2704,18-10-16,Careers information officer
3792,Joanne,Williams,Female,tkey@example.org,-3325,22-08-53,"Investment banker, operational"
3793,Lindsay,Ritter,Female,natalieskinner@example.org,(516)272-2613,8/12/2007,"Therapist, art"
3794,Jim,Dickerson,Female,amunoz@example.net,927-800-8770,15-07-90,"Administrator, Civil Service"
3795,Tom,Deleon,Female,roberta63@example.com,(650)132-7319,17-11-78,Psychotherapist
3796,Kendra,Donovan,Male,melanierich@example.com,+1-445-137-1448x499,7/10/2016,Make
3797,Jose,Hurley,Male,kelliemorse@example.net,001-927-519-9630,30-11-93,Trading standards officer
3798,Erin,Waters,Female,ycastaneda@example.org,(340)840-4505,22-06-21,Travel agency manager
3799,Vanessa,Christensen,Female,nleonard@example.com,905-000-8528x313,26-01-32,Quarry manager
3800,Pam,Nolan,Male,wilsonvickie@example.com,903-332-0479x69517,10/9/1985,Recruitment consultant
3801,Tabitha,Charles,Female,etapia@example.net,6511111625,26-06-11,"Designer, furniture"
3802,Lynn,Bridges,Female,brandon69@example.com,+1-747-806-3591x625,22-03-31,Sports administrator
3803,Carly,Maldonado,Female,gallowaypeggy@example.com,266-278-8220,20-06-53,"Administrator, sports"
3804,Dustin,Pearson,Male,dromero@example.com,(074)121-9464,17-09-63,Hospital doctor
3805,Colin,Hunt,Male,richcatherine@example.com,843468654,26-03-97,Chief Executive Officer
3806,Claire,Gregory,Male,jsanford@example.com,2071791194,30-08-20,Chartered loss adjuster
3807,Adam,Rojas,Male,scottcarey@example.com,(769)307-1738x96302,22-03-76,Fisheries officer
3808,Jesse,Palmer,Female,warrenalex@example.net,951.836.7074x87947,11/1/2014,Higher education lecturer
3809,Brittney,Pierce,Male,haysclayton@example.net,+1-946-222-3907x9744,24-06-73,Print production planner
3810,Randy,Sullivan,Female,rochaallison@example.net,(816)517-6755x24819,7/7/2047,Planning and development surveyor
3811,Samuel,Woods,Female,kristopher12@example.org,(904)820-1533x38261,28-01-17,Clinical research associate
3812,Belinda,Calhoun,Female,teresamcgee@example.com,+1-359-257-4831x36436,1/8/1990,"Research officer, trade union"
3813,James,Waller,Male,jasmine19@example.net,001-347-442-1667x9410,10/3/2048,Catering manager
3814,Connor,Sparks,Female,leslie66@example.com,001-782-051-4271x43103,27-07-90,Ambulance person
3815,Julie,Farmer,Male,anna54@example.org,239.797.5296,15-02-07,"Horticulturist, commercial"
3816,Cathy,Sweeney,Female,francisco21@example.com,(653)630-8626,7/6/1963,"Therapist, horticultural"
3817,Barbara,Roth,Male,stacycarey@example.net,001-933-451-6999x733,10/2/2015,Brewing technologist
3818,Vincent,Ibarra,Male,tonya50@example.com,789-394-3648x34521,7/10/2019,"Scientist, research (maths)"
3819,Martin,Fitzpatrick,Female,kathyerickson@example.org,001-485-592-7756x9410,27-07-50,Translator
3820,Kent,Lloyd,Male,david84@example.org,+1-143-482-1938x047,3/12/1983,Community education officer
3821,Beverly,Rich,Female,jessegallagher@example.com,(241)479-7306x057,9/6/2044,Art gallery manager
3822,Rhonda,Jimenez,Male,kentwilson@example.org,353-169-7625x37472,3/3/1953,Occupational hygienist
3823,Angel,Shea,Male,sdodson@example.net,8482465116,2/11/1986,Financial risk analyst
3824,Belinda,Lamb,Female,mikehebert@example.org,-5473,14-01-93,Chief Marketing Officer
3825,Tamara,Calderon,Male,lisacross@example.org,(656)608-3927,25-02-55,Science writer
3826,Gabriel,House,Female,ucole@example.org,+1-909-344-3379x669,5/8/2027,Warden/ranger
3827,Justin,Russell,Male,bdiaz@example.net,001-092-320-5359x250,6/6/1954,Regulatory affairs officer
3828,Riley,Hughes,Female,danny23@example.org,+1-671-915-6091x3852,13-09-17,Data processing manager
3829,Karina,Sawyer,Female,claytonbernard@example.org,(319)254-6460x12331,7/3/1966,Colour technologist
3830,Edward,Butler,Female,bfuentes@example.com,(417)088-2372,2/4/2010,Engineering geologist
3831,Ellen,Christian,Male,stanleymathis@example.net,930.195.6903x0353,3/6/2013,"Investment banker, operational"
3832,Sharon,Lowe,Male,eileen35@example.net,224-652-0946x49178,11/2/1969,"Scientist, research (medical)"
3833,Jeff,Fernandez,Male,sfuller@example.com,(353)000-4726x5220,15-01-64,Intelligence analyst
3834,Alexandra,Gibbs,Male,jenna89@example.net,872.749.1945x3553,4/5/2019,Media buyer
3835,Cynthia,Sellers,Female,alvinglass@example.com,(882)847-6471x9580,30-01-30,Proofreader
3836,Dave,Lucas,Female,hamiltonnathan@example.org,001-261-159-2657x08411,13-04-62,Forest/woodland manager
3837,Carlos,Gross,Female,elamb@example.net,775.088.8117,30-06-73,Medical physicist
3838,Drew,Caldwell,Male,eclements@example.com,907926888,24-02-88,Geochemist
3839,Duane,Hood,Female,zhoffman@example.net,001-675-539-6760,21-05-25,"Buyer, industrial"
3840,Dan,Allen,Male,allisonmedina@example.org,(010)290-5447,15-04-75,Child psychotherapist
3841,Donald,Blackwell,Female,sosajimmy@example.net,976-826-3651x6669,27-10-11,Web designer
3842,Adriana,Buchanan,Female,kzimmerman@example.org,051-470-0059x11365,23-09-16,"Social research officer, government"
3843,Ellen,Soto,Male,iquinn@example.com,-6474,21-04-93,"Teacher, music"
3844,Brandy,Mayo,Female,burnettpamela@example.com,001-471-607-1591x16242,2/9/2041,Adult guidance worker
3845,Belinda,Stanton,Female,kristin03@example.org,(339)970-7022x933,22-11-19,"Engineer, automotive"
3846,Olivia,Decker,Female,luis26@example.com,911.877.4822,20-08-14,Retail buyer
3847,Ronald,Sampson,Male,oliviarollins@example.org,(197)844-8823x3155,21-03-48,Environmental manager
3848,Wyatt,Raymond,Female,cpetty@example.com,911.541.1839x54927,11/10/1957,Forensic scientist
3849,Lauren,Wood,Female,alexisford@example.com,(590)655-3988x9095,27-07-31,Restaurant manager
3850,Nicholas,Suarez,Male,awaters@example.org,001-216-706-2651x30402,28-09-78,Haematologist
3851,Jillian,Santiago,Male,christy74@example.net,3902286958,24-02-06,Graphic designer
3852,Mallory,Parrish,Male,fsharp@example.org,001-313-839-3880x73806,1/2/1970,Ophthalmologist
3853,Mitchell,Ray,Male,gwalsh@example.org,338.889.0839,8/4/1953,"Production assistant, television"
3854,Julian,Dawson,Male,daytanner@example.net,341.578.0730x30565,1/8/1994,Food technologist
3855,Brandy,Bryan,Female,randallkristen@example.net,203-355-7534x352,21-09-53,Printmaker
3856,Kristen,Hinton,Male,kgrimes@example.com,093-267-3298,11/3/2010,Research scientist (maths)
3857,Arthur,Schaefer,Male,dfoley@example.org,2427391528,30-12-32,"Administrator, arts"
3858,Leslie,Hammond,Female,bradypeter@example.net,030.592.0193,22-05-55,Banker
3859,Paige,Harmon,Male,patricklane@example.org,001-689-091-3648x771,27-08-47,Interpreter
3860,Kathy,Foley,Male,colefrench@example.org,9208102974,30-08-23,"Education officer, environmental"
3861,Gabriela,Haynes,Female,brittneywalsh@example.net,+1-939-365-6557x3873,25-04-59,Professor Emeritus
3862,Jorge,Forbes,Male,kristiecain@example.net,001-732-745-7814,2/11/2010,"Accountant, chartered certified"
3863,Danny,Green,Male,jakeglenn@example.net,001-691-142-4740x4315,26-11-17,"Librarian, public"
3864,John,Mack,Male,marissa75@example.org,+1-406-225-3406x8236,28-05-52,Dealer
3865,Edwin,Pearson,Male,shanehansen@example.com,001-229-518-3360x424,12/1/2019,Health and safety inspector
3866,Monique,Phillips,Male,ashleygardner@example.net,(374)626-9128x61618,25-11-32,Patent examiner
3867,Krista,Gross,Female,diazjordan@example.net,760.659.0204,5/7/1971,Illustrator
3868,Bobby,Maldonado,Male,velasquezjesus@example.com,096.899.6521x0960,30-08-57,Optometrist
3869,Peggy,Scott,Female,ybridges@example.org,354-367-1381x1211,17-03-74,Bonds trader
3870,Ethan,Rivera,Male,bmclean@example.org,(198)730-3308,26-08-40,Software engineer
3871,Michael,Shannon,Female,gloria99@example.com,186.998.6406x8184,10/10/2029,Hospital pharmacist
3872,Brendan,Sweeney,Male,claytonsweeney@example.net,(791)475-2440x481,20-05-33,Marketing executive
3873,Katelyn,Parker,Female,yvelazquez@example.org,001-770-816-7889x480,2/4/1991,Personal assistant
3874,Andres,Moon,Female,nolanalejandro@example.net,+1-293-672-8257x01774,23-02-51,Media buyer
3875,Kendra,Santos,Male,pricelindsey@example.net,(797)224-6903,22-10-80,Manufacturing engineer
3876,Dalton,Wall,Male,ryanprince@example.net,558-835-0027,18-08-37,"Surveyor, insurance"
3877,Grace,Gross,Male,villanuevakristine@example.com,394.635.6278x981,10/2/1992,Environmental consultant
3878,Edward,White,Male,hornejane@example.net,061.266.7968x121,6/1/2042,Engineering geologist
3879,Priscilla,Evans,Female,leon00@example.org,995-333-0988x4563,7/8/2029,Field trials officer
3880,Latoya,Blackburn,Female,tonyhuff@example.org,611.775.4613,25-12-81,Patent attorney
3881,Cristina,Gallagher,Male,phouston@example.org,048.768.3848x766,22-02-73,Printmaker
3882,Cristina,Khan,Male,ocruz@example.net,002.715.7948,16-06-48,Educational psychologist
3883,Sonia,Li,Male,kenthammond@example.org,(350)883-5003x74265,14-04-34,"Designer, furniture"
3884,Curtis,Matthews,Male,smercado@example.org,(335)230-3217x043,23-07-49,Building services engineer
3885,Julian,Parker,Male,schaeferkarina@example.com,5249740162,13-03-22,"Engineer, broadcasting (operations)"
3886,Brian,Graham,Female,omar41@example.net,+1-406-207-9523x99332,12/9/2044,Secondary school teacher
3887,Michele,Clements,Female,ivan72@example.com,-7817,23-07-92,"Lecturer, higher education"
3888,Brianna,Cameron,Male,greggfleming@example.com,282.814.5804,6/5/1958,"Designer, industrial/product"
3889,Juan,Padilla,Male,trichardson@example.org,001-771-358-7954x0911,10/1/2007,Public relations account executive
3890,Shawna,Frank,Female,susan86@example.org,879.115.0645,4/9/2036,Editorial assistant
3891,Savannah,English,Female,josephkaitlyn@example.net,9502400208,26-02-03,Public librarian
3892,Steve,Coffey,Male,kcallahan@example.net,834-128-6610x87644,20-04-30,"Surveyor, insurance"
3893,Rose,Hill,Female,lpetty@example.com,001-769-049-6055x64630,1/9/2017,"Biochemist, clinical"
3894,Laura,Huff,Male,daveproctor@example.net,707.065.8220x8677,31-01-75,"Programmer, applications"
3895,Tamara,Maxwell,Female,opittman@example.com,+1-503-798-4488x294,27-09-70,"Engineer, chemical"
3896,Yvonne,Brock,Male,cholder@example.net,932.056.7167,6/8/1952,"Editor, film/video"
3897,Elijah,Fowler,Female,alexanderguerra@example.org,124-957-3044x16568,16-09-25,Health physicist
3898,Curtis,Scott,Male,knappguy@example.org,(049)921-7914,21-12-77,"Conservator, museum/gallery"
3899,Savannah,Benson,Female,arowe@example.org,001-933-116-3144,12/2/1964,"Designer, industrial/product"
3900,Cheyenne,Flores,Female,luke97@example.org,966.311.5581x981,9/11/1950,Neurosurgeon
3901,Troy,Johnson,Female,kristy40@example.net,622.289.7911x6050,25-02-64,Audiological scientist
3902,Justin,Caldwell,Female,mmcconnell@example.net,001-075-020-4302x09884,10/11/2019,Commercial/residential surveyor
3903,Kevin,Gilbert,Female,ian97@example.net,220.835.8988,25-11-11,Biomedical engineer
3904,Sherri,Keith,Female,kerridominguez@example.org,(843)055-3607,26-02-52,Video editor
3905,Jesse,Cherry,Male,marcomontgomery@example.org,-7736,23-07-38,Furniture conservator/restorer
3906,Eugene,Cunningham,Female,hornelindsey@example.net,450.265.6332x4866,7/8/2006,"Nurse, learning disability"
3907,James,Bryan,Male,chandlerjake@example.com,211.784.4883x871,17-03-11,Hotel manager
3908,Ricardo,Wheeler,Female,danieloconnell@example.com,001-037-224-9209x684,21-02-77,Neurosurgeon
3909,Janice,Taylor,Female,bob47@example.net,823.521.0656,2/5/1954,Paediatric nurse
3910,Marisa,Bird,Female,zlee@example.net,001-392-069-7246x546,18-05-73,"Engineer, broadcasting (operations)"
3911,Darin,Moss,Male,maureen11@example.net,-1200,31-01-11,Prison officer
3912,Melvin,Singh,Female,eweeks@example.net,001-203-751-0299x026,13-11-70,Recycling officer
3913,Toni,Hickman,Male,faithblackwell@example.com,380-285-0679,26-06-14,"Engineer, materials"
3914,Kathryn,Sandoval,Female,allenhaley@example.org,608.578.1703,29-07-01,Materials engineer
3915,Marie,Crane,Male,brockdana@example.com,543-948-7922x7513,22-01-02,Public house manager
3916,Jeffrey,Garza,Male,andersensamuel@example.net,+1-853-184-9380x6351,21-11-93,Insurance account manager
3917,Jean,Lyons,Male,johnsonevan@example.org,(291)727-5392,14-10-50,Public relations officer
3918,Louis,Gibbs,Female,mcantrell@example.net,(191)512-5054,16-02-55,"Engineer, mining"
3919,Rachel,Bryant,Male,loweryruth@example.org,(034)113-5340x82688,29-01-54,"Psychotherapist, child"
3920,Stephen,Sexton,Female,bethanynorris@example.org,635.557.8853,26-03-83,Fish farm manager
3921,Gloria,Flores,Male,derekgraham@example.com,6167278205,7/1/2020,Science writer
3922,Corey,Cooper,Male,curtisjoanna@example.com,+1-284-208-0391x38639,10/2/2010,"Runner, broadcasting/film/video"
3923,Michele,Douglas,Male,gregg02@example.org,597-799-7120,19-04-12,Public relations officer
3924,Elaine,Nichols,Male,traciparrish@example.com,061-642-8034x86964,6/7/2018,"Physicist, medical"
3925,Darren,Burch,Male,karla73@example.org,(715)870-0981x7763,23-02-19,"Teacher, English as a foreign language"
3926,Breanna,Morris,Male,ariel54@example.net,702.477.2063x586,13-05-89,Ophthalmologist
3927,Kristen,Ochoa,Male,maureenmorales@example.com,704-349-4501x394,30-06-91,Operations geologist
3928,Brandy,Wilkerson,Female,xflores@example.org,+1-986-248-5188x942,5/1/2045,Radio broadcast assistant
3929,Rickey,Fields,Male,xavierruiz@example.org,001-789-428-4297x217,23-06-16,Estate manager/land agent
3930,Dwayne,Walls,Male,haydenvictoria@example.net,7234383868,10/8/1994,Biomedical engineer
3931,Bonnie,Mcneil,Male,bjacobson@example.com,001-479-939-3349x66751,29-04-22,"Engineer, electronics"
3932,Darius,Yang,Female,craighiggins@example.net,858.728.9780,16-05-97,Archivist
3933,Raymond,Mercer,Female,deanlindsey@example.org,700.588.8070x18295,1/5/2009,Logistics and distribution manager
3934,Cole,Hickman,Female,spencernovak@example.com,183.763.5280,20-04-12,Geochemist
3935,Caitlin,Hart,Male,valerie61@example.org,572.560.4759x48480,21-10-51,"Therapist, sports"
3936,Tim,Little,Male,alejandrarogers@example.org,4564506984,12/12/1971,Analytical chemist
3937,Erika,Boyd,Female,idowns@example.net,256.948.5059,16-06-85,"Engineer, structural"
3938,Joel,Wyatt,Female,amassey@example.com,(624)813-1093x6701,4/7/1967,Commercial art gallery manager
3939,Jeremy,Sandoval,Male,gainesalvin@example.com,600.015.8671x994,20-08-18,Accommodation manager
3940,Misty,Small,Male,sylvia50@example.com,8391284026,6/10/2028,Amenity horticulturist
3941,Shelley,Estes,Male,hintonalvin@example.net,5724890653,15-09-01,"Nurse, learning disability"
3942,Candice,Vasquez,Female,evanhuber@example.net,001-449-399-2178x226,12/4/2026,Chief Executive Officer
3943,Maxwell,Espinoza,Male,haleysharon@example.org,564.601.9799,4/5/2014,Community arts worker
3944,Lori,Vazquez,Female,reginaldcook@example.com,(596)552-9020x035,9/3/2020,Broadcast presenter
3945,Jenna,Huang,Male,leonard21@example.com,001-114-422-0505x815,9/8/2024,"Teacher, primary school"
3946,Glenda,Mcguire,Female,krystal28@example.net,+1-634-942-8083x503,18-10-22,Garment/textile technologist
3947,Terri,Nicholson,Male,krista28@example.com,595-290-8294,15-04-45,Corporate investment banker
3948,Kelsey,Burgess,Female,leroyescobar@example.com,9969478279,1/1/2014,"Psychotherapist, dance movement"
3949,Leonard,Ellison,Female,fuentesfernando@example.net,2099309793,9/9/1963,Horticultural therapist
3950,Gwendolyn,Kim,Male,roserosario@example.org,001-319-218-4679x3239,25-03-18,Database administrator
3951,Isaiah,Morris,Female,ipena@example.org,+1-141-931-4054x92512,14-08-85,Brewing technologist
3952,Micheal,Hill,Male,jessicavazquez@example.net,(519)105-3013,2/3/1953,Sport and exercise psychologist
3953,Cesar,Sanders,Male,robin96@example.com,194-213-4215x629,27-01-22,Computer games developer
3954,Carol,Kirby,Male,sonia17@example.com,(465)827-2051,17-10-19,Arts administrator
3955,Carolyn,Barton,Male,nancymcmillan@example.org,1215999652,19-12-30,Warehouse manager
3956,Mason,Sullivan,Male,acostagregg@example.com,+1-543-288-0084x1133,18-05-42,Aid worker
3957,Tony,Roman,Male,wanda02@example.org,288.911.2443,7/1/2015,"Engineer, manufacturing"
3958,Marissa,Cantrell,Male,stanleygarrett@example.org,8043060090,3/5/1987,Brewing technologist
3959,Victoria,Benjamin,Female,codyhowe@example.net,953-658-2530,1/1/1985,Horticultural therapist
3960,Earl,Dillon,Female,lucasmargaret@example.net,924-665-5196,28-11-13,"Psychologist, sport and exercise"
3961,Madison,Zavala,Female,mmeadows@example.net,001-474-366-8954,30-06-83,Nutritional therapist
3962,Bridget,Conway,Female,nbishop@example.net,001-950-561-6823x02606,2/3/2008,"Administrator, charities/voluntary organisations"
3963,Carrie,Pruitt,Female,cnielsen@example.org,4146766404,7/10/1995,Optometrist
3964,Krista,Day,Male,deanna44@example.net,+1-903-900-1514x65266,1/9/2042,"Lecturer, further education"
3965,Cheryl,Bond,Female,qedwards@example.net,-8185,26-09-10,IT trainer
3966,Marisa,Cochran,Male,fowlerkristina@example.com,(775)387-2525x6240,14-06-10,Chartered management accountant
3967,Kendra,Carey,Female,hblake@example.org,001-551-747-3069x2681,17-10-46,Retail buyer
3968,Katrina,Potter,Male,noblestanley@example.com,116.354.5792x3877,25-08-48,Industrial/product designer
3969,Logan,Mosley,Male,duanemarks@example.org,111-462-0008,2/1/1962,"Surveyor, building"
3970,Erin,Armstrong,Female,philip65@example.com,357.373.9344x148,27-08-62,Sub
3971,Brendan,Moran,Male,cbenjamin@example.net,(795)011-2059,1/5/2031,Financial trader
3972,Candice,Mcmahon,Male,yolandacoffey@example.org,225.051.2811,30-08-47,Illustrator
3973,Tristan,Lin,Male,wdunlap@example.net,(619)667-7237,4/1/2016,Personal assistant
3974,Gina,Floyd,Female,spencertommy@example.com,052.714.0954x698,28-06-19,Ergonomist
3975,Cassidy,Kennedy,Male,jerome65@example.net,(752)713-8129x030,7/10/1980,"Engineer, mining"
3976,Shelby,Pruitt,Male,michaelaklein@example.net,001-357-955-9379,5/11/2009,Forensic psychologist
3977,Stefanie,Rivers,Female,esaunders@example.com,3884102968,20-02-16,"Engineer, production"
3978,Benjamin,Velazquez,Female,clivingston@example.org,001-481-887-5333,8/1/1962,"Psychotherapist, dance movement"
3979,Molly,Clarke,Male,coryclayton@example.net,(871)151-7215,3/5/1959,Exhibition designer
3980,Michelle,Poole,Female,deniserandolph@example.net,+1-159-172-6090x1483,11/1/2043,"Designer, textile"
3981,Jerome,Roman,Female,tracyward@example.com,001-005-989-6985x39919,20-06-46,"Surveyor, rural practice"
3982,Natasha,Sellers,Female,dking@example.com,+1-495-693-8121x8277,30-08-95,"Geneticist, molecular"
3983,Tonya,Poole,Female,cristiansteele@example.com,591.315.7993x39383,8/10/2030,Naval architect
3984,Stacey,Martin,Male,olivianelson@example.org,957.199.1042x6361,22-10-32,Product/process development scientist
3985,Marisa,Doyle,Female,wwells@example.net,(132)117-2505,24-03-42,Logistics and distribution manager
3986,Cristian,Gross,Female,vwillis@example.net,514-723-8402x7845,12/6/2009,"Investment banker, operational"
3987,Isabel,Shannon,Male,fuentestony@example.net,424-371-9094x02114,26-03-11,"Designer, multimedia"
3988,Traci,Boyd,Male,laurie50@example.net,001-032-084-3585x2286,11/7/2034,Horticultural therapist
3989,Brian,Palmer,Male,sueshea@example.net,366-831-8727,16-04-45,Petroleum engineer
3990,Edgar,Parker,Male,geraldhood@example.net,(864)257-7881,21-01-20,Applications developer
3991,Troy,Garza,Male,jay99@example.com,+1-103-982-8475x657,6/9/2021,Medical physicist
3992,Ivan,Bird,Male,candace45@example.net,910-162-8317,22-02-73,Quantity surveyor
3993,Yvonne,Zhang,Male,idavies@example.com,948-297-6439,4/8/1976,"Engineer, control and instrumentation"
3994,Antonio,Warner,Male,benjamin78@example.net,510.657.6674,30-08-29,Farm manager
3995,Roberta,Robertson,Male,liaustin@example.net,864.723.6129x669,30-05-30,Therapeutic radiographer
3996,Paige,Alvarez,Male,ericabooker@example.net,001-099-988-8338,3/7/2013,"Production assistant, television"
3997,Tasha,Shea,Male,hunterlinda@example.com,(385)665-1226x2794,29-02-48,"Doctor, hospital"
3998,Randy,Jefferson,Female,rpage@example.net,102.441.3055,28-10-84,"Investment banker, corporate"
3999,Geoffrey,Peters,Female,nixonhenry@example.net,941-882-6096x889,28-09-70,Child psychotherapist
4000,Ruth,Lucas,Female,buckshirley@example.net,001-440-057-2969x867,16-01-31,"Therapist, occupational"
4001,Clayton,Acevedo,Female,lesterjoe@example.net,(063)327-8014,5/9/2023,"Scientist, research (medical)"
4002,Justin,Buckley,Female,mark74@example.net,(871)983-5432,13-02-49,Government social research officer
4003,Amber,Rosario,Female,adrianaortiz@example.net,134-205-5435,7/3/2023,"Teacher, adult education"
4004,Bryce,Murillo,Female,tasha54@example.com,695-038-2262,26-02-72,"Engineer, manufacturing systems"
4005,Gene,Weeks,Male,wgreen@example.com,2538583745,27-04-49,Health physicist
4006,Melvin,Brady,Male,branchchristopher@example.com,+1-344-908-2981x53853,14-06-08,Holiday representative
4007,Warren,Mooney,Female,christian87@example.com,+1-742-312-9237x249,3/8/1956,Pathologist
4008,Shelly,Mejia,Male,randyparrish@example.net,(262)596-4664,31-03-93,Armed forces training and education officer
4009,Jasmine,Wright,Female,becklaura@example.net,(230)289-9918x708,17-03-56,"Nurse, children's"
4010,Kristin,Weber,Male,aowen@example.org,+1-336-789-2957x537,12/8/2013,"Surveyor, hydrographic"
4011,Jodi,Everett,Female,javier82@example.org,643.839.2402x64941,10/11/1998,Agricultural consultant
4012,Pedro,Ortega,Female,pwoodward@example.com,(933)249-5871x49336,19-07-50,Metallurgist
4013,Brett,Savage,Female,mavila@example.com,590.416.4367x91145,12/5/2014,Dentist
4014,Theresa,Thomas,Female,jake89@example.org,3720856757,6/1/2039,Cabin crew
4015,Ricky,Wiggins,Female,lpotter@example.com,001-574-844-7925x412,3/10/1991,Chief Strategy Officer
4016,Mason,Jensen,Male,hodonnell@example.org,+1-803-216-2938x245,23-07-70,Futures trader
4017,Charlene,Krueger,Female,wileyjoan@example.org,840.624.8492x653,8/12/2021,Software engineer
4018,Fred,Riley,Female,ortegacarlos@example.net,420-924-3845x90815,28-10-96,Economist
4019,Martin,Ballard,Female,chelsey63@example.com,896-898-5379x37083,23-06-08,Product/process development scientist
4020,Melissa,Bray,Female,brandiboone@example.net,970-191-0708x9406,15-01-90,"Administrator, education"
4021,Nancy,Miles,Female,kerrivalencia@example.org,131-793-2159,4/8/2000,Quarry manager
4022,Timothy,Cabrera,Female,johnnystafford@example.com,5307439146,5/6/2010,"Engineer, civil (consulting)"
4023,Suzanne,Small,Male,zachary81@example.net,+1-430-804-6477x3936,10/1/1981,Naval architect
4024,Tasha,Acosta,Male,pfarley@example.com,132-791-6536x05100,17-02-07,Armed forces operational officer
4025,Nina,Kelly,Male,victoria49@example.org,370-036-8093x799,24-03-19,Aeronautical engineer
4026,Beverly,Obrien,Female,mallorybutler@example.com,592-506-5197,18-09-96,"Engineer, civil (contracting)"
4027,Margaret,Estrada,Female,jhensley@example.org,001-831-277-5009x93393,21-01-16,Optometrist
4028,Lydia,Lowery,Male,jasonhorne@example.org,6516690753,5/3/2042,"Scientist, biomedical"
4029,Lucas,Hebert,Male,williammatthews@example.net,001-041-442-2798x8366,28-06-38,Theme park manager
4030,Courtney,Burton,Male,edwin72@example.com,247-261-6325x29528,13-06-64,"Doctor, hospital"
4031,Chelsea,Kramer,Male,guy76@example.org,943-444-8472,16-07-37,Immunologist
4032,Shannon,Watkins,Male,pamelaaguirre@example.org,+1-630-623-1224x449,26-01-52,Public relations account executive
4033,Darryl,Sanders,Female,opalmer@example.net,621-985-9838,18-04-13,"Radiographer, therapeutic"
4034,Devon,Mahoney,Male,imccullough@example.com,(728)941-0866,4/7/1977,Production engineer
4035,Hayley,Daugherty,Male,carolineferrell@example.org,965.160.5881,24-11-01,Quarry manager
4036,Brian,Parsons,Male,norma86@example.org,7580655227,29-12-10,Tax adviser
4037,Adrienne,Sanchez,Female,dominique63@example.com,(245)327-5696,3/4/2007,Marketing executive
4038,Mason,Palmer,Female,chase04@example.com,854-817-4959x785,3/8/2008,Printmaker
4039,Roberto,Brock,Female,castillovincent@example.org,+1-142-455-8475x37710,5/12/1968,Proofreader
4040,Tanner,Zamora,Male,riggsluke@example.com,001-478-374-8733x59641,2/3/2024,Corporate investment banker
4041,Luis,Ochoa,Female,kramermelvin@example.net,751-083-4072,25-07-30,Mechanical engineer
4042,Melinda,Edwards,Male,byrdmorgan@example.net,001-046-455-1753x6374,8/12/2035,Insurance account manager
4043,Todd,Dunlap,Male,frankmedina@example.com,921.718.9949x9393,13-12-73,Planning and development surveyor
4044,Shirley,Bates,Male,pinedajason@example.com,416.090.4369,10/4/1960,Learning disability nurse
4045,Louis,Duarte,Male,dan67@example.org,684.924.4533,28-05-72,Industrial/product designer
4046,Catherine,Castaneda,Male,haleyspencer@example.org,5846853136,18-11-96,Architectural technologist
4047,Kaitlyn,Knight,Male,katherineblackwell@example.org,158-484-5016,24-10-04,Marine scientist
4048,Evelyn,Zavala,Female,charles30@example.org,001-010-658-6305,28-07-60,Dancer
4049,Ryan,Macias,Male,greenmichelle@example.net,(425)689-2061,24-08-63,"Psychologist, clinical"
4050,Blake,Munoz,Female,tli@example.net,(139)364-6834,23-10-28,Community education officer
4051,Desiree,Prince,Female,tspears@example.com,(884)189-3724x98133,30-07-62,Civil Service administrator
4052,Roy,Franco,Female,velezdalton@example.net,(994)571-1988,12/6/2037,Teaching laboratory technician
4053,Adrian,Horton,Female,tcarr@example.com,001-174-509-4946x026,6/11/2047,Advertising account executive
4054,Janet,Franco,Female,rickey62@example.org,845483715,18-03-39,Ambulance person
4055,Caleb,Madden,Male,mcclurerussell@example.org,097-652-3664,30-10-41,Consulting civil engineer
4056,Karina,Smith,Male,cassandragrant@example.net,923.658.6238x2195,16-11-40,Adult nurse
4057,Sylvia,Gillespie,Female,matthewosborne@example.com,-9940,28-07-74,Early years teacher
4058,Ellen,Lindsey,Male,shepherddale@example.com,322.738.9073,16-07-59,"Administrator, charities/voluntary organisations"
4059,Harry,Little,Male,allisonhensley@example.net,147.488.3433x1162,4/4/1954,"Surveyor, land/geomatics"
4060,Amy,Salas,Female,madeline32@example.net,(253)601-3761x54763,30-01-05,"Psychologist, counselling"
4061,Rebekah,Vazquez,Male,mli@example.net,5120182384,21-02-00,Private music teacher
4062,Joshua,Henderson,Male,fritzjodi@example.org,(692)388-2335x52424,19-02-32,Youth worker
4063,Lonnie,Floyd,Female,yorkernest@example.net,446.111.6857x357,22-11-85,"Copywriter, advertising"
4064,Martin,Mckinney,Male,friedmantamara@example.net,159-530-1719x95916,11/7/1957,Publishing copy
4065,Anita,Weeks,Female,ashley85@example.net,263.557.1253x9517,9/8/1995,"Engineer, production"
4066,Cheryl,Bates,Female,nescobar@example.com,(959)360-5521,19-01-35,Information officer
4067,Cody,Sharp,Male,ecosta@example.org,736.130.1380x88439,28-11-55,"Surveyor, building control"
4068,Brittany,Harrell,Female,warren70@example.net,(217)531-2618x7521,15-02-47,"Engineer, aeronautical"
4069,Kristy,Bartlett,Male,kristiecoffey@example.com,(246)043-2178x82440,5/2/1973,"Engineer, electronics"
4070,Harry,Ortiz,Male,danadelacruz@example.net,573-482-1594x5537,2/6/2021,Theme park manager
4071,Sheena,Barrera,Female,lmacias@example.net,001-778-600-4748x50677,2/11/1985,Professor Emeritus
4072,Alejandro,Mack,Male,jean81@example.com,966.922.3693,5/10/2006,Sports coach
4073,Alex,Brandt,Female,dana00@example.com,177.976.0677,11/6/2025,Commercial art gallery manager
4074,Roberta,Rocha,Female,craigcollier@example.com,689-322-4483x94122,16-07-85,Cartographer
4075,Shelley,Clark,Female,brendanbraun@example.net,130.191.7986,19-02-46,Naval architect
4076,Ana,Payne,Female,diane52@example.com,(073)081-2890,11/1/2003,"Education officer, museum"
4077,Candice,Clark,Male,asnyder@example.net,+1-628-771-8485x2992,2/11/1999,"Engineer, site"
4078,Grant,Owens,Male,ocastillo@example.org,339-263-9631,28-01-45,Radiation protection practitioner
4079,Todd,Avery,Female,fbeard@example.com,(183)286-6630x20506,24-11-87,Private music teacher
4080,Darin,Dalton,Male,olivia55@example.net,(436)456-8675,12/8/2005,Operations geologist
4081,Tammie,Petersen,Male,watkinsjeanne@example.com,265-554-7253x912,26-10-48,Animal technologist
4082,Kylie,Park,Male,brooke86@example.com,001-551-464-6637,22-08-45,Museum/gallery exhibitions officer
4083,Stacie,Stuart,Male,jimmybrandt@example.com,812-660-5213x2145,20-05-25,Marine scientist
4084,Devon,Carr,Female,swansonguy@example.com,673.078.8968,2/9/1966,"Engineer, manufacturing systems"
4085,Austin,Leonard,Male,xkhan@example.com,280-790-0555,10/4/2031,"Physicist, medical"
4086,Tonya,Li,Female,brittney20@example.net,490.992.0060,16-04-53,Contracting civil engineer
4087,Fred,Goodman,Female,hebertmercedes@example.org,013.961.2622,1/12/2037,Lobbyist
4088,Tanya,Palmer,Female,ebullock@example.net,001-622-749-6305x50995,13-10-81,"Doctor, general practice"
4089,Cassandra,Villanueva,Male,ballardcandice@example.com,+1-954-649-6446x62031,9/5/2018,Podiatrist
4090,Donna,Alexander,Male,dawn63@example.org,4494645712,4/5/2022,Training and development officer
4091,Yolanda,Mcfarland,Female,wjones@example.org,001-439-152-9020x608,12/9/1955,Soil scientist
4092,Zoe,Pratt,Female,ddelgado@example.org,+1-077-295-2478x47841,13-04-46,"Conservator, furniture"
4093,Charles,Joseph,Female,sandylucero@example.net,001-897-813-4407x0997,8/1/1972,Graphic designer
4094,Timothy,Henry,Male,lcoffey@example.net,(690)819-5170,5/2/2009,"Surveyor, planning and development"
4095,Paul,Huber,Female,mayodevon@example.com,(413)802-1694x7899,11/6/2040,"Sales professional, IT"
4096,Patricia,Schneider,Female,benjamin22@example.com,4951559670,28-10-10,"Engineer, electrical"
4097,Lindsay,Cole,Male,kleach@example.net,001-993-380-5546x9615,16-01-06,Data processing manager
4098,Harry,Fletcher,Male,javier12@example.org,001-818-381-6934x638,4/8/2001,"Education officer, environmental"
4099,Leah,Nicholson,Male,ryanhanson@example.org,059.086.7251x28701,16-10-46,Osteopath
4100,Kelly,Harrison,Male,terrencewise@example.org,(116)499-0439x58565,16-10-35,Catering manager
4101,Gail,Simon,Male,asawyer@example.net,+1-911-750-5925x265,15-09-12,Sports therapist
4102,Tamara,Moody,Male,timothy15@example.org,(844)371-1367,30-07-57,Hospital pharmacist
4103,Kurt,Avila,Male,kaitlin20@example.org,+1-993-152-0892x2510,7/7/2034,Secretary/administrator
4104,Lacey,Copeland,Male,sweeneyamber@example.org,692.025.1593x312,27-05-59,Psychiatric nurse
4105,Catherine,Guerra,Female,colin79@example.org,(031)927-0837,16-10-96,"Scientist, clinical (histocompatibility and immunogenetics)"
4106,Willie,Middleton,Male,diana11@example.com,461-474-9696x10845,27-04-94,Quality manager
4107,Joy,Burgess,Male,erik66@example.net,339.819.2704x22673,29-06-61,"Teacher, primary school"
4108,Mark,Whitney,Female,bestrada@example.com,513-454-5942x34788,5/10/1983,Commercial horticulturist
4109,John,Clayton,Female,garysmall@example.com,(729)563-8686x143,19-07-14,Landscape architect
4110,Bonnie,Maynard,Female,robinsonruben@example.org,564-697-9660,29-01-14,Film/video editor
4111,Jane,Wolfe,Female,raymondgould@example.com,001-774-269-8899x1360,7/8/1978,"Designer, multimedia"
4112,Malik,Hoover,Male,shepparddave@example.com,001-316-263-8385x4051,25-05-85,"Engineer, automotive"
4113,Adriana,Hull,Female,barrjoe@example.com,946-096-2295x7500,24-10-42,Structural engineer
4114,Vernon,Molina,Male,msexton@example.org,001-776-462-4985x2108,17-06-46,Probation officer
4115,Stacie,Campbell,Female,popekenneth@example.com,868.734.2926,26-02-33,Architectural technologist
4116,Yvonne,Hammond,Male,rose68@example.org,451.319.4784x197,23-07-60,Clothing/textile technologist
4117,Matthew,Galvan,Female,bassrobert@example.com,001-575-671-6245,21-02-65,Energy manager
4118,Joy,Callahan,Male,annettebrandt@example.com,001-328-887-8875x0715,22-12-15,Marketing executive
4119,Gregory,Booker,Male,cassandramiller@example.com,+1-000-680-4982x860,9/9/1995,Geographical information systems officer
4120,Maxwell,Christensen,Female,bmosley@example.org,102.786.6611x63475,23-02-07,Animator
4121,Darin,Lyons,Male,kristy57@example.net,275-930-8384,18-08-66,Historic buildings inspector/conservation officer
4122,Kaylee,Frey,Male,cynthia16@example.net,751-567-5066,1/1/2011,Exercise physiologist
4123,Evelyn,Roberts,Female,jody03@example.com,(450)498-2395,11/3/1973,Arts administrator
4124,Jody,Herman,Male,wpalmer@example.org,3461874568,28-12-71,Youth worker
4125,Micheal,Wang,Male,lamberteric@example.org,9400648048,13-03-01,"Conservator, furniture"
4126,Adriana,Huerta,Male,luis69@example.net,061.188.9440,11/10/1970,Estate manager/land agent
4127,Tonya,Ibarra,Female,vaughaneddie@example.com,236-642-7947x220,16-06-58,Public affairs consultant
4128,Jasmine,Carson,Female,bryanbuckley@example.org,+1-416-060-0558x69831,22-03-88,Learning mentor
4129,Wyatt,Blair,Female,clineruth@example.org,9162740872,23-04-85,Interior and spatial designer
4130,Marcus,Oconnor,Female,douglaspage@example.com,6680392372,20-06-77,"Scientist, physiological"
4131,Glenn,Carney,Female,sarah99@example.com,134-547-4714x89613,27-08-44,"Administrator, local government"
4132,Perry,Colon,Female,efisher@example.org,3710204329,2/10/2024,Tourism officer
4133,Natasha,Garza,Male,carl79@example.org,-6234,3/11/2006,Conference centre manager
4134,Stuart,Hutchinson,Female,faithlowe@example.com,+1-903-008-6310x10712,15-07-20,"Scientist, product/process development"
4135,Kristine,Ingram,Female,onealnina@example.com,968-476-3382,23-05-99,Estate agent
4136,Wyatt,Knox,Male,alexfrench@example.net,001-888-831-9172x5629,3/5/2046,Environmental education officer
4137,Anita,Hartman,Male,deckermarie@example.net,784.346.9252x176,6/3/1993,"Investment banker, corporate"
4138,Penny,Olson,Male,kmyers@example.org,+1-798-136-0048x0141,28-09-90,Pensions consultant
4139,Donald,Mckenzie,Female,mikebecker@example.net,753-735-1495x65546,9/8/2016,Financial adviser
4140,Erik,Oconnell,Male,patriciawatson@example.com,(222)111-6556,24-01-25,Colour technologist
4141,Ray,Webster,Male,teresamcdonald@example.net,305-730-8030x882,13-05-36,Ecologist
4142,Levi,Santana,Female,carolyn97@example.com,001-544-849-9783x6525,9/12/1993,"Surveyor, minerals"
4143,Rodney,Salas,Female,sherryfranklin@example.net,72001209,10/5/2018,Community arts worker
4144,Billy,Giles,Female,loretta78@example.com,+1-498-555-0836x91304,12/12/1987,"Conservator, furniture"
4145,Curtis,Mcneil,Male,wlove@example.com,(188)925-4032x29309,26-04-38,Music tutor
4146,Matthew,Wang,Female,larsonrachael@example.com,1324647554,20-06-07,Counsellor
4147,Jacob,Finley,Male,lydia75@example.org,830-851-9452x5842,3/11/2013,Audiological scientist
4148,Sue,Ryan,Male,nichole75@example.com,6496011566,1/6/1952,IT consultant
4149,Darryl,Duke,Male,christian25@example.net,(027)680-8157,13-05-34,Advice worker
4150,Kevin,David,Female,kristina40@example.org,-11060,4/9/2021,"Lecturer, further education"
4151,Parker,Williamson,Female,lmueller@example.com,001-534-134-0081x02936,29-03-18,Theme park manager
4152,Alan,Liu,Female,katie59@example.com,(041)047-3879x008,23-12-85,"Scientist, product/process development"
4153,Manuel,Gates,Female,gallagherronnie@example.com,(291)750-3151x1991,8/9/1984,Health physicist
4154,Donald,Macias,Female,jakelarson@example.com,688-941-2381x338,19-10-24,"Solicitor, Scotland"
4155,April,Haas,Male,eforbes@example.net,004.147.1775x272,25-10-06,Biomedical scientist
4156,Brittney,Herman,Male,zreid@example.org,9773816904,28-05-62,Theme park manager
4157,Adam,Schmidt,Male,calexander@example.com,846.618.7712x48411,8/2/2023,Leisure centre manager
4158,Tracie,Roach,Female,kross@example.com,+1-226-941-1047x82584,25-06-13,"Psychologist, sport and exercise"
4159,Betty,Robbins,Female,ybell@example.org,840.703.0783x807,1/4/1955,Museum/gallery conservator
4160,Glenn,Moran,Female,edwindavid@example.com,001-002-412-7328x7054,23-06-67,"Development worker, community"
4161,Faith,Mathis,Male,riversalison@example.net,(261)351-0383,8/11/1957,Chief Technology Officer
4162,Bill,Odom,Female,lowegavin@example.com,-4289,4/8/1952,Health and safety adviser
4163,Taylor,Strong,Male,cristinasolis@example.com,(924)534-3946x125,19-06-25,Insurance account manager
4164,Jade,Yoder,Male,mccoybrian@example.net,(515)738-7175x547,25-12-61,Human resources officer
4165,Renee,Myers,Male,geraldpham@example.com,076-182-3968,19-06-41,Occupational therapist
4166,Belinda,Barnett,Female,shawna34@example.com,208-572-0468,24-06-05,"Research officer, trade union"
4167,Sandy,Lester,Female,devoncook@example.com,(934)760-0704x0513,25-12-52,Passenger transport manager
4168,Jacqueline,Perkins,Male,sullivancrystal@example.org,744.544.2721x8145,29-11-49,Medical sales representative
4169,Rebecca,Ball,Male,brenda59@example.org,9816511060,13-03-03,Pensions consultant
4170,Mackenzie,Everett,Male,maysandrea@example.net,417-008-4851x6445,8/3/2010,Tax inspector
4171,Latoya,Edwards,Male,sydney72@example.com,001-539-341-4472,19-01-41,"Investment banker, operational"
4172,Margaret,Becker,Male,barnesgloria@example.net,+1-433-717-3426x55160,11/5/2015,Lawyer
4173,Isaac,Salazar,Female,bowmanshaun@example.net,319-348-3917x2714,29-12-81,"Runner, broadcasting/film/video"
4174,Bridget,Compton,Male,darryl69@example.net,173-928-5188x8020,2/2/2023,Microbiologist
4175,Blake,Williamson,Male,rrichard@example.com,001-194-283-9530x25208,3/8/1998,Production manager
4176,Sonia,Welch,Male,barbara96@example.org,-1014,22-08-05,Building control surveyor
4177,Dwayne,Lloyd,Female,pshields@example.org,225-866-2408x942,1/4/2021,Environmental manager
4178,Jill,Mejia,Female,ybrewer@example.com,925.320.5788x06089,22-06-62,Catering manager
4179,Adam,Flynn,Female,mario10@example.com,+1-555-916-9987x348,22-12-57,Barrister's clerk
4180,Clarence,Gamble,Female,cjacobs@example.org,+1-434-867-2680x19454,31-01-70,Research scientist (life sciences)
4181,Allen,Davidson,Female,dwilcox@example.net,368.973.3719x353,6/4/1966,"Production assistant, radio"
4182,Heidi,Colon,Male,catherine42@example.net,595-436-5165x3672,4/3/1999,Airline pilot
4183,Natasha,Ortiz,Female,samuelroberson@example.com,+1-484-109-4271x9274,5/7/2035,Rural practice surveyor
4184,Ray,Mcdonald,Male,eddiestanton@example.net,(897)304-3180x0515,14-05-43,Horticultural therapist
4185,Philip,Cantu,Female,yolanda73@example.net,8425246441,5/2/2030,Orthoptist
4186,Stacie,Mcclain,Female,yzhang@example.net,304-506-0780,1/3/2046,Textile designer
4187,Jeremiah,Oconnell,Male,oholder@example.org,+1-343-390-8829x287,8/4/1974,Chief Strategy Officer
4188,Edward,Conway,Female,zlyons@example.org,7487867344,16-06-51,Publishing copy
4189,Jesse,Leonard,Female,wreeves@example.com,501228646,16-05-34,Art therapist
4190,Darius,Oconnell,Male,lwinters@example.com,3312866409,7/12/1964,Equities trader
4191,Karl,Cannon,Female,cole41@example.com,880-346-0365x9879,12/3/1978,Optometrist
4192,Joan,Reyes,Female,zcaldwell@example.net,494.112.4388x7158,23-08-51,Plant breeder/geneticist
4193,Henry,Buck,Male,hsparks@example.net,027-319-8815x47912,21-02-63,"Geologist, wellsite"
4194,Marco,Gilbert,Male,barrbrandi@example.net,259.226.7708x8091,23-10-98,Politician's assistant
4195,Erika,Everett,Male,briannabrennan@example.com,+1-031-755-3526x716,12/7/2017,Electronics engineer
4196,Isaac,Hughes,Female,jaimejones@example.com,523280871,13-12-98,Trade union research officer
4197,Kara,Buchanan,Male,rmoody@example.org,-10499,28-04-25,Chief Marketing Officer
4198,Hailey,James,Male,colincamacho@example.org,(242)564-4246,4/4/2022,Television camera operator
4199,Helen,Petty,Male,rushcurtis@example.net,(971)638-8374,3/8/1956,Housing manager/officer
4200,Christopher,Chung,Male,angelica99@example.org,001-026-628-8351x353,15-03-56,"Surveyor, mining"
4201,Tanya,Lynch,Male,coreypugh@example.net,001-282-950-6641x4837,30-07-88,Emergency planning/management officer
4202,David,Blake,Male,quinnrobert@example.org,770-695-7637,5/3/2020,English as a foreign language teacher
4203,Destiny,Quinn,Male,dcarter@example.org,001-277-001-7191,17-01-46,Psychiatrist
4204,Jesus,Wilkinson,Female,sierraneal@example.net,8021382280,23-11-91,"Biochemist, clinical"
4205,Malik,Gilmore,Female,okidd@example.net,176-380-7242x82001,25-11-77,Advertising account executive
4206,Isaiah,Parrish,Male,jknight@example.com,304-370-6368x6367,21-07-70,Chief Marketing Officer
4207,Joann,Adkins,Female,beasleywillie@example.org,+1-081-762-9027x39588,26-10-50,"Chemist, analytical"
4208,Ryan,Andrews,Male,reyeslouis@example.org,180.716.3545x89543,30-11-33,Counsellor
4209,Andre,Ochoa,Male,zfinley@example.net,(200)056-1594,8/7/2016,Environmental consultant
4210,Dan,Shaw,Female,pedrobarajas@example.com,9048907624,5/11/2023,Ranger/warden
4211,Phyllis,Sampson,Female,petersonnoah@example.org,815.185.6382x829,23-11-04,Consulting civil engineer
4212,Alan,Avery,Female,bradytravis@example.net,480-270-2272,12/3/1998,"Production designer, theatre/television/film"
4213,Andres,Hull,Female,shawnablankenship@example.net,001-397-915-8874x02164,24-05-17,Curator
4214,Cassandra,Sheppard,Female,yeseniarivers@example.org,(963)718-4446x711,4/9/1954,Public librarian
4215,Jaime,Krause,Female,mbray@example.net,001-824-783-2734,8/10/1958,Ambulance person
4216,Roberta,Joyce,Male,yguerra@example.net,4158423349,30-07-44,"Engineer, mining"
4217,Leslie,Trevino,Male,henry89@example.org,914-932-7062x66476,3/7/2028,"Designer, graphic"
4218,Gene,Warren,Male,harringtonjaime@example.net,001-696-914-5399x038,14-10-83,Chief of Staff
4219,Cody,Gardner,Male,baileykrystal@example.net,+1-962-243-1777x989,4/8/2028,Banker
4220,Bailey,Hendrix,Male,monica12@example.org,(905)330-0571,5/7/2027,"Scientist, physiological"
4221,Mandy,Donaldson,Male,rchurch@example.org,001-589-184-8568,18-08-72,Publishing copy
4222,Stacy,Mooney,Male,xdennis@example.net,417345897,31-10-38,Computer games developer
4223,Krista,Stein,Female,bonillaantonio@example.com,(819)299-4572x278,16-10-31,Magazine journalist
4224,Kiara,Gentry,Male,jrandolph@example.net,(715)388-3178x36142,21-01-75,Actuary
4225,Brendan,Gamble,Male,kentmelinda@example.org,389946533,18-08-84,Health service manager
4226,Mackenzie,Mullins,Male,cohenrhonda@example.com,578-831-0832,5/5/1999,Medical physicist
4227,Roger,Johnson,Male,carla89@example.net,(735)869-3885x736,15-08-54,Amenity horticulturist
4228,Sherri,Blanchard,Male,kariterry@example.com,351.936.9993,6/2/2022,Best boy
4229,Sharon,Harrell,Female,imcintosh@example.com,(127)199-4966,28-12-15,Museum education officer
4230,Nina,Hess,Female,claudiacummings@example.net,(534)579-7457,13-07-48,"Scientist, research (medical)"
4231,Tonya,Rojas,Male,itaylor@example.org,462.746.9601x6340,19-01-40,Operations geologist
4232,Adam,Gamble,Female,lhendrix@example.net,(217)771-3995x75371,4/3/2015,Actuary
4233,Jordan,Nelson,Female,jordan67@example.net,-2974,19-01-11,"Engineer, aeronautical"
4234,Dennis,Bautista,Female,gabriella28@example.com,(014)833-3065x9269,5/4/2035,IT sales professional
4235,Monica,Alexander,Male,agreer@example.com,721-105-8397x392,8/1/1991,Fisheries officer
4236,Latasha,Whitehead,Female,dale99@example.org,(555)154-2980,3/12/1980,Meteorologist
4237,Eduardo,Cain,Female,rsuarez@example.com,(739)922-0756,9/1/2008,Conference centre manager
4238,Taylor,Kent,Female,ruthstrickland@example.com,+1-348-027-9767x0760,19-10-69,Proofreader
4239,Wanda,Carpenter,Female,jeromedorsey@example.net,892.093.5857,2/11/2010,Merchant navy officer
4240,Ariana,French,Female,claudiamorgan@example.org,1472167618,31-08-29,Agricultural engineer
4241,Alan,Thompson,Female,henryhuang@example.org,(496)590-5568,16-07-07,Chartered accountant
4242,Sheila,Reyes,Male,jesus83@example.com,001-428-463-8154x9567,12/12/2013,Operational researcher
4243,Cindy,Friedman,Female,theodore04@example.com,874.199.5016x06606,12/6/2039,Information officer
4244,Joan,Gordon,Female,jim74@example.net,001-109-261-4780x05892,4/10/1957,Regulatory affairs officer
4245,Sheila,Sandoval,Male,garnerangel@example.com,(773)296-8954x6312,6/7/2025,"Engineer, control and instrumentation"
4246,Ray,Collier,Female,jerome63@example.net,001-234-768-1566x594,11/4/2020,Chief Strategy Officer
4247,Leah,Weiss,Male,judith52@example.org,(825)395-4103x79032,26-02-46,"Programmer, applications"
4248,Kaitlin,Lynn,Male,rstephenson@example.org,847.596.1936,25-12-22,Museum/gallery exhibitions officer
4249,Monique,Lara,Male,hartstacey@example.net,477.428.4768,7/12/2029,Ranger/warden
4250,Toni,Mann,Female,qrojas@example.net,7319072673,6/10/1973,IT trainer
4251,Tanner,Woodward,Male,michaela21@example.org,(921)971-4493x30571,22-11-94,Commercial horticulturist
4252,Tammy,Armstrong,Male,barrettcassidy@example.net,(213)582-6319,14-08-20,Physiotherapist
4253,Casey,Mejia,Male,darrellgrimes@example.org,(185)512-2660x24429,7/4/1985,"Journalist, broadcasting"
4254,Juan,Blackwell,Male,dpowell@example.org,793.407.1669x69556,27-02-77,Research scientist (medical)
4255,Tracy,Gibbs,Female,parker44@example.org,287-302-2570x969,21-08-36,Analytical chemist
4256,Chris,Wallace,Male,brooke19@example.org,(687)533-6408x0167,8/3/1991,"Engineer, control and instrumentation"
4257,Angel,Ware,Male,omar35@example.org,3664663308,6/12/1974,Outdoor activities/education manager
4258,Devon,Frye,Female,sonyawatts@example.com,(403)479-9596,11/1/2010,"Development worker, international aid"
4259,Hector,Hill,Female,gchapman@example.net,105.528.4073x771,19-05-32,"Librarian, academic"
4260,Reginald,Mccarty,Female,mcfarlandlorraine@example.com,001-629-740-9829x3970,22-08-73,Emergency planning/management officer
4261,Diana,Sellers,Female,hobbsamy@example.com,723-242-6376x08068,16-09-15,"Sales professional, IT"
4262,Tim,Long,Female,hamptonaaron@example.org,975.972.0199x560,9/3/2029,Health physicist
4263,Tracie,Booker,Male,jacob66@example.net,906-995-9557x3580,17-01-62,"Designer, multimedia"
4264,Diamond,Sanders,Female,welchmackenzie@example.net,(688)983-4068x027,15-01-64,"Teacher, early years/pre"
4265,Tricia,Holder,Male,barrglen@example.net,(490)630-4341x2743,20-09-03,Learning mentor
4266,Mercedes,Wheeler,Female,kaufmanjane@example.net,446.992.3155x90532,27-03-67,Solicitor
4267,Derek,Rogers,Female,baileyfrancisco@example.net,001-588-214-6135x831,5/9/2005,Health and safety inspector
4268,Michelle,Curry,Female,eileen40@example.net,142.468.1653x860,27-04-22,"Surveyor, building"
4269,Roy,French,Male,griley@example.com,(524)494-3629x12498,12/8/2033,"Engineer, mining"
4270,Teresa,Barnett,Female,wilsondylan@example.org,001-095-646-7400x1975,13-08-38,"Geneticist, molecular"
4271,Caleb,Morales,Male,bob81@example.net,001-777-963-8776x195,26-01-59,Ceramics designer
4272,Dalton,Graham,Female,ikane@example.com,(781)182-6776x95383,21-07-17,Clinical cytogeneticist
4273,Dakota,Cherry,Male,carly95@example.net,+1-099-332-8367x87993,28-12-63,Astronomer
4274,Cindy,Jarvis,Male,weaverangela@example.net,524-611-5730x44165,31-05-20,Web designer
4275,Meagan,Adkins,Male,thester@example.net,353.619.4921x566,3/10/2020,Drilling engineer
4276,Tom,Mills,Male,robbinsolivia@example.org,(842)102-8859,12/12/1977,Dealer
4277,Jose,Brewer,Female,shawbriana@example.com,516.601.5132x91374,19-04-10,"Accountant, chartered public finance"
4278,Miguel,Mcpherson,Male,jmoyer@example.com,(421)043-4419x4793,14-12-81,Copy
4279,Daniel,Ward,Female,jeffrey45@example.com,+1-352-133-1070x0077,22-05-18,Secondary school teacher
4280,Sydney,Johnston,Female,abigail99@example.com,156.961.5728x714,13-11-76,"Administrator, arts"
4281,Andre,Myers,Female,blanchardsonia@example.org,(630)341-0142x764,3/10/2033,"Conservation officer, nature"
4282,Gina,Tyler,Female,copelandjenna@example.com,001-891-7560,16-10-32,"Sound technician, broadcasting/film/video"
4283,Dominique,Wise,Female,qgregory@example.com,001-418-261-6522x295,20-11-70,Child psychotherapist
4284,Troy,Gallegos,Female,frederick48@example.com,001-969-787-6172x77914,12/3/2015,Customer service manager
4285,Tom,Austin,Male,wcalhoun@example.com,9053980638,18-07-83,"Engineer, structural"
4286,Alan,Beasley,Female,hortonjudy@example.org,(398)722-1480,2/1/2041,Mechanical engineer
4287,Stephen,Singh,Female,damon53@example.org,+1-942-025-5490x9473,26-05-76,"Surveyor, insurance"
4288,Carol,Flynn,Female,haneylori@example.org,576-846-7510x819,19-11-59,Tourism officer
4289,Louis,Melton,Male,huertaleon@example.net,431-526-3465,16-10-19,Exhibition designer
4290,Isabel,Colon,Male,willie66@example.com,614.012.2340x6743,1/1/2049,Environmental education officer
4291,Nathaniel,Marks,Female,tbird@example.com,743-033-3223x7493,2/3/1987,Quarry manager
4292,Margaret,Rodgers,Female,carsonshane@example.com,3560929595,1/7/2011,Geoscientist
4293,Jose,Holder,Female,jessica00@example.org,+1-118-540-3738x770,8/9/1962,"Surveyor, building"
4294,Alyssa,Schmidt,Male,moranrhonda@example.org,(295)525-3524x6662,9/12/2009,Nutritional therapist
4295,Wanda,Allison,Male,melody41@example.net,001-209-108-6398x872,10/4/1950,Ecologist
4296,Jerry,Tate,Female,kathleenskinner@example.org,982.242.6403x92264,16-08-59,Nature conservation officer
4297,Angelica,Woods,Male,jodygregory@example.org,(777)977-7489x785,31-07-38,Herpetologist
4298,Carly,Conrad,Male,ycarlson@example.com,687.113.1471x18120,8/4/2018,Jewellery designer
4299,Albert,Green,Female,whahn@example.org,908-726-3457x52765,23-05-29,Museum/gallery conservator
4300,Noah,Kline,Male,deborah16@example.com,005.919.4952,19-08-91,"Copywriter, advertising"
4301,Evelyn,Combs,Male,lynn52@example.net,001-861-357-1186x2005,7/10/2020,"Surveyor, building"
4302,Candace,Baker,Male,ntrevino@example.net,+1-662-260-2819x7654,30-12-77,Lexicographer
4303,Maurice,Watson,Female,flozano@example.com,601-458-0183,8/3/1992,"Accountant, chartered"
4304,Thomas,Kelley,Male,jwilkerson@example.net,555-861-5662,16-10-46,Mining engineer
4305,Eddie,Brennan,Male,nlynch@example.org,446.020.7368x234,18-03-70,Information systems manager
4306,Tonya,Gay,Female,baldwinroger@example.net,(176)536-3928,31-07-99,Immunologist
4307,Courtney,Walter,Male,ruben01@example.net,001-478-086-7945x0662,12/1/2015,"Programme researcher, broadcasting/film/video"
4308,Jaclyn,Dodson,Male,rodneycastro@example.com,+1-220-250-4235x386,30-01-72,Field seismologist
4309,Gregory,West,Female,villanuevacolleen@example.com,391-670-9554,11/8/2026,Garment/textile technologist
4310,Megan,Osborne,Female,gardnerbill@example.org,390-973-0678x325,26-01-37,Futures trader
4311,Maxwell,Sims,Female,charlotte06@example.net,037-726-5284x835,24-09-58,Barrister's clerk
4312,Brett,Luna,Male,tfriedman@example.org,(504)252-0335,3/10/2017,Investment analyst
4313,Grace,Montoya,Male,kylevelasquez@example.net,577-626-2328,31-03-27,Newspaper journalist
4314,Crystal,Campos,Male,jonathonpacheco@example.net,974.081.1495,5/3/1978,Mudlogger
4315,Wyatt,Sandoval,Male,lauriecasey@example.org,858-491-2549x4550,6/1/1968,Psychotherapist
4316,Candice,Schmidt,Male,prhodes@example.org,3441671985,6/12/2001,Aeronautical engineer
4317,Victor,Daniels,Male,pjimenez@example.net,001-653-669-1675,25-12-21,Public affairs consultant
4318,Ryan,Chen,Male,zsantiago@example.com,523.212.9319,17-01-65,Catering manager
4319,Jeremiah,Calderon,Male,lorraineobrien@example.org,755-216-8322x539,2/5/2011,"Scientist, clinical (histocompatibility and immunogenetics)"
4320,Tracie,Cobb,Male,yboyer@example.net,(215)190-2136x79559,8/12/2022,International aid/development worker
4321,William,Wang,Male,lauragarcia@example.net,096-178-5494x812,1/11/1980,"Development worker, community"
4322,Danielle,Saunders,Female,aimee28@example.net,(319)419-0282x71092,16-03-46,Public house manager
4323,Crystal,Gillespie,Female,pamelastokes@example.net,+1-317-870-2277x25002,13-08-44,Horticultural consultant
4324,Ruth,Ochoa,Female,huntjermaine@example.com,863.131.8732x9714,28-10-71,Accommodation manager
4325,Kiara,Atkins,Female,huberwayne@example.net,886.824.8835x3399,28-09-52,Consulting civil engineer
4326,Jade,Santiago,Male,wmccormick@example.org,(433)920-7734,25-06-09,Product designer
4327,Bryan,Baker,Male,ricesusan@example.net,(441)814-5792x4036,27-12-84,Insurance account manager
4328,Melanie,Mccarthy,Male,geraldcasey@example.net,785.672.2671x36684,7/10/2016,Visual merchandiser
4329,Samantha,Salinas,Female,elove@example.com,+1-702-757-8673x030,4/7/1988,Analytical chemist
4330,Raymond,Rich,Female,frederickbelinda@example.com,318-754-3392x3771,27-03-89,Neurosurgeon
4331,Melissa,Howell,Female,connor67@example.org,2545253456,29-03-73,Armed forces logistics/support/administrative officer
4332,Tyrone,Manning,Male,zwhitney@example.net,375-281-8487x4479,19-07-17,Visual merchandiser
4333,Edwin,Sandoval,Female,michaelmccullough@example.net,001-463-923-5292,20-08-11,Advertising copywriter
4334,Brandi,Wilkinson,Female,jamie87@example.com,(365)638-7391x605,13-07-24,"Engineer, manufacturing"
4335,Norma,Ortega,Female,don18@example.org,733-125-8433x019,27-03-42,"Engineer, structural"
4336,Marisa,Floyd,Male,beltrandiamond@example.net,(679)176-8244x45751,13-01-76,Translator
4337,Alex,Luna,Female,ashleevillarreal@example.com,+1-551-734-0416x1409,22-11-57,Forest/woodland manager
4338,Tracy,Mueller,Female,efitzpatrick@example.net,(418)978-3971x444,3/9/1997,"Programme researcher, broadcasting/film/video"
4339,Ronald,Hughes,Male,sandy83@example.org,9562732941,2/8/2008,Estate manager/land agent
4340,Tanya,Gaines,Male,shawnwarren@example.org,754.697.1997x7539,4/1/2022,Artist
4341,Mandy,Chang,Female,raven88@example.org,+1-145-756-1674x8646,8/7/2008,"Runner, broadcasting/film/video"
4342,Lindsay,Strickland,Female,moraomar@example.org,001-278-215-6342,26-08-61,Human resources officer
4343,Raven,Berry,Male,harryhansen@example.org,432.279.6127x52034,18-03-33,Landscape architect
4344,Sharon,Higgins,Female,drakejean@example.org,739.121.0867,16-05-09,"Administrator, charities/voluntary organisations"
4345,Alex,Cooper,Male,mathisjudy@example.org,300-071-5511,29-12-06,Risk analyst
4346,Brenda,Compton,Female,ytorres@example.com,4775356928,4/5/2017,Orthoptist
4347,Vincent,Herman,Female,olsonedgar@example.org,(749)514-4245x93138,28-02-59,"Engineer, aeronautical"
4348,Nicolas,Garcia,Male,jordanrusso@example.net,001-478-533-1561x1988,9/10/2005,Actuary
4349,Valerie,Simpson,Female,salazargabriella@example.org,+1-240-281-4648x459,12/3/1954,Social worker
4350,Ross,Zuniga,Female,zachary01@example.org,001-221-182-0025,18-06-46,Local government officer
4351,Tammie,Fuller,Male,joel55@example.com,(111)172-2096x9367,6/5/1964,"Engineer, biomedical"
4352,Walter,Padilla,Male,joannavelez@example.net,+1-944-380-0684x0048,12/12/2001,Chartered certified accountant
4353,Chase,Randolph,Female,tgreene@example.net,829-673-1411,6/1/2021,Tax adviser
4354,Leonard,Wu,Female,rebecca44@example.com,249-419-8227x73575,1/6/2002,Heritage manager
4355,Alexandra,Moran,Female,orrelijah@example.net,7778540219,19-01-36,IT consultant
4356,Mario,Choi,Female,whiteheadjeanne@example.com,850.052.8022,26-12-94,"Clinical scientist, histocompatibility and immunogenetics"
4357,Alex,Huber,Male,briannabrennan@example.org,702.849.6354,25-09-86,Wellsite geologist
4358,Kelli,Johns,Female,gschultz@example.com,001-202-985-4912x3093,16-12-09,"Social research officer, government"
4359,Kent,Li,Male,kristigould@example.com,(650)422-1275x256,17-03-35,Dentist
4360,Patricia,Owens,Female,roger45@example.org,418-556-4803,13-07-82,Podiatrist
4361,Howard,Mcmahon,Female,grantballard@example.com,001-196-399-0220x4392,19-08-06,Computer games developer
4362,Chase,Small,Female,lisawalls@example.org,564-001-0795x864,29-08-27,Midwife
4363,Loretta,Wells,Female,yolandaboyer@example.org,688-471-1435x6114,24-06-06,"Accountant, chartered certified"
4364,Tiffany,Armstrong,Female,marc71@example.com,001-473-997-2225x692,10/4/1990,"Merchandiser, retail"
4365,Garrett,Haas,Male,fhays@example.org,034.025.7990,13-12-53,"Psychologist, sport and exercise"
4366,Gregg,Frank,Male,gerald96@example.org,-7028,21-05-13,Community development worker
4367,Julia,Rodgers,Female,omoran@example.com,+1-219-425-4844x89481,15-10-71,Information systems manager
4368,Darlene,Bryant,Female,priscilla00@example.com,4659215606,12/10/1975,Naval architect
4369,Carl,Lang,Male,brandongriffith@example.com,001-950-794-2349x201,29-11-61,Senior tax professional/tax inspector
4370,Anita,Contreras,Female,stewarttrevor@example.org,906.975.1430,7/10/2014,Heritage manager
4371,Keith,Ayers,Female,nnavarro@example.net,158-016-6565x409,8/10/1981,Passenger transport manager
4372,Linda,Price,Female,ybooker@example.net,001-840-038-5681x3704,14-04-77,Audiological scientist
4373,Jeremiah,Edwards,Female,tracie26@example.net,001-007-805-9814,2/6/2021,Risk manager
4374,Priscilla,Santana,Female,joannlynch@example.com,004.797.0315,28-11-19,"Engineer, building services"
4375,Rose,French,Male,fvillegas@example.com,(770)742-1737,1/8/1969,"Therapist, music"
4376,Toni,Watson,Male,wmorris@example.com,-9125,28-10-20,Sub
4377,Anita,Espinoza,Female,marcia09@example.net,632-722-5028x881,28-10-30,Architect
4378,Chloe,Murphy,Male,lori11@example.org,+1-516-512-0683x151,23-06-64,Sales promotion account executive
4379,Yvonne,Morrison,Male,zdougherty@example.org,-9430,15-05-09,"Scientist, biomedical"
4380,Chad,Cunningham,Female,georgemarisa@example.com,589.842.1914,7/11/1996,Banker
4381,Tim,Solis,Male,ferrelljavier@example.org,(974)594-9866,23-11-14,Midwife
4382,Kurt,Burke,Male,alexanderclarke@example.org,9071817310,11/5/2044,Sports development officer
4383,Nicholas,Ellis,Female,brenda49@example.com,001-802-725-4661x730,6/3/2018,Marine scientist
4384,Jake,Burgess,Female,paynenicole@example.net,001-384-376-8689x0952,5/10/2013,Chief Technology Officer
4385,Shane,Banks,Female,obraun@example.com,557.124.1497x615,15-11-12,Environmental health practitioner
4386,Marc,Duran,Female,vincentellison@example.com,(922)377-7651x88861,18-05-16,Curator
4387,Tracey,Murray,Female,robertaramirez@example.com,(911)966-4536,22-07-59,Nature conservation officer
4388,Kerry,Garza,Male,jermaine29@example.com,286-546-3932,3/12/1959,"Designer, blown glass/stained glass"
4389,Alex,Wilkerson,Female,charles76@example.com,762.457.2423x724,19-08-00,"Social research officer, government"
4390,Charlotte,Bonilla,Female,beverly50@example.net,-10713,3/8/1988,Barrister
4391,Stephen,Mcdonald,Male,gchristian@example.net,(939)269-3521x609,27-11-19,Computer games developer
4392,Casey,Yang,Female,jordanwhitehead@example.org,045.570.5953,9/1/1969,Accounting technician
4393,Whitney,Edwards,Male,hayleytyler@example.net,370-983-7858,9/8/1953,Armed forces training and education officer
4394,Brett,Davies,Female,zmartinez@example.org,083.149.8393x21381,26-06-20,Tourist information centre manager
4395,Antonio,Lowery,Male,melinda50@example.org,755-823-4874x9581,3/6/2004,Newspaper journalist
4396,Christie,Pollard,Female,karenwiggins@example.com,001-916-906-5403,28-06-71,Legal executive
4397,Bryan,Webb,Female,rowlanddalton@example.net,(612)680-4013x48957,8/4/2008,Audiological scientist
4398,Alejandro,Cortez,Female,bill94@example.com,134.104.2869,7/3/1990,Research scientist (medical)
4399,Lacey,Nixon,Female,rlam@example.com,001-252-086-5519x07549,7/12/1967,Proofreader
4400,Jeanette,Mooney,Male,vernon29@example.net,188.124.5653,19-03-45,"Engineer, communications"
4401,Peggy,Gould,Male,austin26@example.com,738-866-7713,26-07-65,Clinical cytogeneticist
4402,Marc,Greer,Male,rhondafloyd@example.org,690-364-2999,16-03-26,Health and safety inspector
4403,Briana,Mcmillan,Female,april07@example.com,001-903-864-7090x381,14-12-55,Broadcast engineer
4404,Judith,Miller,Female,monicashepard@example.org,001-470-411-7624,24-04-34,Maintenance engineer
4405,Robyn,Drake,Female,jocelyn59@example.com,675.796.2888x64633,20-03-38,Systems analyst
4406,Tiffany,Ochoa,Male,andres64@example.net,(083)712-1425,23-05-03,Technical brewer
4407,Sandy,Acosta,Male,allisonbryant@example.org,829-005-9819x890,18-09-44,Ship broker
4408,Sydney,Patterson,Male,hurstcarl@example.com,932.668.9252x872,29-02-00,Personal assistant
4409,Kara,Chan,Male,louis44@example.com,+1-201-556-0412x288,6/11/2021,Gaffer
4410,Kayla,Blackwell,Male,christiemckee@example.org,4660953585,7/2/2013,Manufacturing systems engineer
4411,Sue,Fisher,Male,anthonyeverett@example.com,+1-358-331-2844x8486,30-05-17,Chemical engineer
4412,Alyssa,Becker,Male,sharpernest@example.org,664.593.1746x35041,24-12-61,Legal executive
4413,Wyatt,Kent,Male,raywalsh@example.net,137-096-8475x2503,2/10/1995,"Therapist, horticultural"
4414,Brandy,Rios,Male,sextonkristie@example.net,2417627297,10/6/1977,Field trials officer
4415,Shari,Whitney,Male,tommy11@example.com,001-836-399-6702x9078,10/12/2041,"Nurse, children's"
4416,Nicholas,Potter,Female,joan57@example.org,8991285736,16-01-79,Information officer
4417,Lindsay,Bridges,Male,garrisonsylvia@example.net,179.983.7744,27-02-57,"Surveyor, land/geomatics"
4418,Victor,Andrews,Female,meganpowell@example.net,+1-765-160-0547x932,3/2/1968,Environmental manager
4419,Drew,Bishop,Female,omendoza@example.org,3528032015,12/3/2029,Magazine journalist
4420,John,Huff,Female,nbruce@example.net,(296)214-2504,1/3/1990,Water engineer
4421,Devon,Padilla,Male,wisehunter@example.org,5497186717,4/11/1973,Pensions consultant
4422,Bonnie,Huber,Female,okramer@example.net,001-605-279-2576x78789,23-07-05,Licensed conveyancer
4423,Kristopher,Chung,Male,devonboyle@example.org,855.079.1443x179,25-02-20,Hospital pharmacist
4424,Eugene,Green,Female,alec23@example.com,875-140-2894,24-07-47,Marine scientist
4425,Debbie,Villanueva,Female,howard62@example.org,372578644,6/10/2008,"Accountant, chartered public finance"
4426,Jonathan,Ho,Male,mikayla31@example.net,727.693.6335x789,18-07-95,"Editor, commissioning"
4427,Gene,Williamson,Female,jimmy85@example.org,436-030-0833,13-07-17,Printmaker
4428,Lee,Willis,Female,zfields@example.org,+1-085-537-1603x5688,12/11/1984,Warden/ranger
4429,Jerry,Krueger,Male,nicoleblackwell@example.net,214.075.7713x7063,6/8/1982,Banker
4430,Chris,Doyle,Female,angelagill@example.com,001-385-073-5481x0313,14-10-96,"Engineer, electronics"
4431,Traci,Mcneil,Male,ayersjenny@example.com,084.370.4998x90329,12/2/1966,Insurance broker
4432,Taylor,Shields,Male,stephanieriddle@example.com,437-573-1401,14-07-98,Medical physicist
4433,Francis,Blackwell,Male,wlin@example.org,(935)412-4705x6801,5/2/1987,Outdoor activities/education manager
4434,Mike,Andrews,Female,barbaravalenzuela@example.net,(746)107-5784x68953,18-06-92,Occupational hygienist
4435,Linda,Kennedy,Male,gfischer@example.com,262.262.2860x697,22-07-59,"Engineer, manufacturing systems"
4436,Marilyn,Jordan,Female,berryjody@example.com,(035)352-5450x16580,17-03-46,Product manager
4437,Jenna,Brennan,Female,llynch@example.net,001-775-619-9206x052,4/8/2031,Consulting civil engineer
4438,Steve,Castaneda,Female,tristan70@example.com,189-604-0042,17-12-21,Sports development officer
4439,Lawrence,Daniels,Female,donhuff@example.net,+1-272-670-7528x37450,10/7/1999,Call centre manager
4440,Angela,Mcknight,Female,kara46@example.net,384.054.0235x52216,17-08-71,Advertising account planner
4441,Sara,Lee,Male,omayo@example.net,055.108.6946x36565,9/1/2012,Building control surveyor
4442,Joy,Franco,Male,frymorgan@example.com,(243)122-4377,11/3/1957,Counselling psychologist
4443,Cynthia,Richards,Male,frobbins@example.net,-10061,20-04-45,Early years teacher
4444,Margaret,Blackburn,Male,qcunningham@example.net,628.814.1758,7/12/2014,Building services engineer
4445,Anita,Gaines,Male,benglish@example.com,3126873184,4/3/2018,"Therapist, nutritional"
4446,Bianca,Gonzalez,Male,vtorres@example.org,(063)439-3261x068,2/11/1973,Television camera operator
4447,Shelley,Romero,Female,autumn32@example.net,001-690-058-3950x4753,10/4/1992,Civil Service fast streamer
4448,Paige,Mcintosh,Female,wandarosales@example.org,4270212894,23-03-74,Music tutor
4449,Darren,Boone,Male,kirsten35@example.net,(248)412-1199,6/10/1986,Technical sales engineer
4450,Levi,Hampton,Female,jeffhale@example.net,(078)804-2804,9/12/2029,Financial controller
4451,Donald,Grimes,Female,anaweaver@example.org,001-733-490-0829,22-12-45,Sports coach
4452,Taylor,Carney,Female,arielolson@example.net,001-762-549-1164x8780,19-05-56,Commissioning editor
4453,Juan,Bautista,Female,becky28@example.com,(303)593-0779x4644,2/10/2034,Amenity horticulturist
4454,Belinda,Cooke,Male,kim79@example.net,(289)558-3898x0758,20-07-16,Medical illustrator
4455,Xavier,Faulkner,Female,rcastillo@example.com,(963)682-7160x1260,1/11/2037,"Engineer, maintenance"
4456,Isaac,Solis,Male,mike36@example.org,321.595.3132x3015,10/10/2009,Museum/gallery conservator
4457,Madeline,Castaneda,Female,warrenbernard@example.com,418.192.5660,12/1/1985,Agricultural consultant
4458,Kellie,Garrett,Male,brooksellen@example.net,946.794.0409x6900,18-07-67,Product manager
4459,Justin,Pace,Male,ellen69@example.net,287-508-5259x0409,9/4/1991,Herbalist
4460,Darius,Torres,Male,chasenavarro@example.org,(772)226-2516x76410,23-06-36,Pathologist
4461,Amanda,Woodward,Female,nsanders@example.net,492.811.3635,16-11-02,"Geneticist, molecular"
4462,Robert,Bailey,Male,shelleyfrancis@example.org,624750099,29-04-36,"Surveyor, building control"
4463,Leon,Porter,Male,bvillegas@example.org,001-903-330-7431x22896,8/6/1958,Retail manager
4464,Danny,Lester,Male,msimon@example.org,-4951,11/1/2049,Broadcast presenter
4465,William,Pruitt,Male,jake22@example.net,9291874989,4/1/1968,"Psychologist, occupational"
4466,Angelica,Marks,Female,nguyenkayla@example.com,+1-085-780-7333x7908,17-07-21,Furniture conservator/restorer
4467,Kristi,Moon,Male,mullendanny@example.org,589.754.6657,16-11-89,Video editor
4468,Darrell,Lawrence,Male,ana01@example.net,452-808-1161x92091,12/11/1985,Control and instrumentation engineer
4469,Timothy,Estrada,Female,mhale@example.net,947-624-3639x2550,2/1/2009,Animator
4470,Meredith,Gallegos,Male,nlandry@example.com,516-121-1376x1958,6/7/1979,Advertising art director
4471,Ellen,Barr,Male,jnorman@example.org,795-473-4920x344,1/9/2017,Museum/gallery exhibitions officer
4472,Samantha,Key,Female,justin18@example.com,-9889,16-12-45,Air cabin crew
4473,Katelyn,Lane,Female,middletonfrank@example.org,(226)046-8089x584,3/1/1996,Soil scientist
4474,Andres,Pope,Female,donovantamara@example.com,443-995-6137,12/7/1950,Technical author
4475,Zoe,Landry,Male,summeraustin@example.net,001-226-718-4696x98567,17-05-08,"Designer, furniture"
4476,Melvin,Benson,Male,craigatkinson@example.org,+1-907-324-3549x465,3/7/1979,Television production assistant
4477,Nina,Gates,Male,wsimon@example.org,001-777-730-8481x075,5/8/2005,Textile designer
4478,James,Barr,Female,traci64@example.com,836.044.6599,4/2/2009,Civil Service fast streamer
4479,Jonathan,Diaz,Male,stacie61@example.org,001-686-650-0697,15-08-19,Sports therapist
4480,Tammie,Huffman,Female,jeff65@example.com,001-512-046-0156x450,5/8/1964,Research scientist (physical sciences)
4481,Monica,Barton,Male,sandrabautista@example.org,(223)472-4183,27-02-07,Hospital doctor
4482,Shirley,Tanner,Female,zdyer@example.org,-7709,15-04-59,Associate Professor
4483,Luis,Ramos,Male,jwatkins@example.org,001-468-641-2317,13-08-53,"Education officer, environmental"
4484,Alvin,Acosta,Male,debbiesparks@example.org,5854553639,21-12-05,Automotive engineer
4485,Charlene,Franklin,Female,morganchambers@example.com,001-060-926-7959x264,2/6/2043,Broadcast journalist
4486,Sergio,Price,Female,uflynn@example.com,039-485-0309x12548,22-10-12,Media planner
4487,Cesar,Nolan,Male,rpatton@example.org,291-052-5089x962,20-11-10,"Scientist, product/process development"
4488,Blake,Olson,Male,dmalone@example.org,948.609.6243,20-02-51,Landscape architect
4489,Johnathan,Mckay,Male,dhurley@example.net,9669517268,25-05-51,"Teacher, secondary school"
4490,Christie,Ryan,Female,sierra89@example.org,968-179-8831x93620,8/11/2045,Operational investment banker
4491,Felicia,Nolan,Female,christie59@example.org,+1-643-383-9230x74536,27-09-07,Chief of Staff
4492,Beth,Esparza,Female,sara87@example.org,2744411859,6/7/1992,Travel agency manager
4493,Katrina,Reyes,Male,uflowers@example.net,001-475-084-3380x5738,2/4/1952,Armed forces training and education officer
4494,Sergio,Lutz,Female,martharogers@example.com,9692773576,7/2/1962,"Education officer, museum"
4495,Claire,Gay,Female,john81@example.net,292.275.7168,2/4/2012,Materials engineer
4496,Heather,Schneider,Male,marcusyoder@example.com,5087249260,20-01-15,Financial manager
4497,Marvin,Tanner,Female,dianalambert@example.com,+1-277-859-6663x4491,13-05-68,Sub
4498,Hector,Gilbert,Female,perkinsfrancis@example.org,001-005-416-7652x8723,11/3/2000,Field trials officer
4499,Ashlee,Gallagher,Male,gordon52@example.net,635-029-2141x795,7/2/2023,Sports coach
4500,Alvin,Robbins,Male,nicholsonleslie@example.org,-2291,10/4/2021,"Doctor, hospital"
4501,Kimberly,Cannon,Female,coffeysuzanne@example.com,744-821-0869x3549,28-01-61,Higher education careers adviser
4502,Marcia,Solis,Female,rcharles@example.org,(239)593-5070,16-02-11,English as a second language teacher
4503,Wanda,Mccullough,Male,wallskirsten@example.net,777.503.3024x0038,2/5/2001,Broadcast engineer
4504,Teresa,Kim,Male,kellie83@example.org,001-742-618-6166x87334,2/11/2009,"Psychologist, clinical"
4505,Mariah,Patton,Male,tiffany73@example.org,9560522297,2/7/1982,"Administrator, local government"
4506,Evelyn,Harvey,Male,tphelps@example.com,+1-914-974-1244x45880,16-06-79,Community pharmacist
4507,Bianca,Acosta,Female,paigeshaffer@example.net,001-882-584-8470x66184,16-02-29,Actor
4508,Brianna,Matthews,Female,hesterpeggy@example.net,(101)605-7309,16-07-95,Barista
4509,Pamela,Velazquez,Male,frankmakayla@example.net,(556)466-4217x997,20-07-12,Trading standards officer
4510,Kristen,Mooney,Female,shari47@example.com,971.076.8769,28-03-70,"Therapist, horticultural"
4511,Mark,Kline,Female,tmurphy@example.org,478-782-6768,24-06-97,Multimedia programmer
4512,Jillian,Newton,Female,jackdonovan@example.com,+1-708-797-3417x148,25-01-53,Chartered public finance accountant
4513,Joe,Taylor,Female,gabrielpadilla@example.net,3428839268,23-03-08,Health visitor
4514,Cole,Kline,Male,bensoncraig@example.net,-6371,27-02-69,"Administrator, charities/voluntary organisations"
4515,Noah,Mccarthy,Female,kaitlynwoodward@example.org,+1-023-664-0549x18054,21-07-43,Facilities manager
4516,Helen,Key,Male,sbraun@example.org,001-126-778-7454x3055,5/8/2005,Broadcast engineer
4517,Judith,Hicks,Male,chelsea61@example.net,001-524-293-7244,16-06-11,Science writer
4518,Evelyn,Jordan,Male,nixonnicholas@example.com,888.110.6126x061,25-10-73,Contractor
4519,Vernon,Marquez,Female,glendashelton@example.net,001-536-549-3542x3739,14-09-08,"Engineer, drilling"
4520,Edgar,Shannon,Female,kylewarner@example.net,001-243-982-4345x455,27-05-84,Legal executive
4521,Gregory,York,Female,nicholemccullough@example.org,375-195-9737x1682,2/12/1997,Pensions consultant
4522,Betty,Ochoa,Female,robinstephens@example.net,134-565-4588x256,12/5/1973,"Administrator, Civil Service"
4523,Drew,Mccormick,Female,holmesterri@example.net,001-026-972-6209,18-10-97,"Therapist, nutritional"
4524,Ricardo,Phelps,Female,spencerrojas@example.com,001-021-605-6783x9777,21-10-13,Holiday representative
4525,Xavier,Cameron,Female,timothyrios@example.net,976-986-3169x71002,31-05-06,"Programmer, applications"
4526,Carolyn,Baird,Male,chaneyian@example.net,123-379-6611x079,16-09-91,"Administrator, charities/voluntary organisations"
4527,Lindsey,Hart,Female,jeremiah76@example.com,(267)751-0054x03451,3/6/2041,Software engineer
4528,Victoria,Anderson,Female,lance54@example.com,+1-838-830-6602x760,14-11-89,International aid/development worker
4529,Jeffrey,Day,Male,jeremy47@example.org,008.584.1087,2/3/2005,Technical brewer
4530,Yvette,Carney,Female,kanegilbert@example.net,954-292-7029x343,22-09-49,Copy
4531,Cheryl,Jennings,Male,earl20@example.com,(764)241-2317x9268,26-11-59,Sport and exercise psychologist
4532,Sophia,Wiggins,Male,hlevy@example.com,834.680.3154,29-03-18,Trade mark attorney
4533,Sonya,Christensen,Female,tyoung@example.com,(680)649-1895,20-08-06,Archivist
4534,Ernest,Spence,Female,michaelatran@example.net,+1-455-472-6285x7967,6/11/2037,"Scientist, research (maths)"
4535,Matthew,Cameron,Male,wmoses@example.net,325-839-4545x15018,5/2/2025,"Sales professional, IT"
4536,Kiara,Cruz,Male,lmullen@example.net,+1-763-960-1704x45736,9/2/1968,Tourism officer
4537,Loretta,Bowen,Female,bradyaguirre@example.net,+1-089-396-2316x789,18-11-29,Records manager
4538,Shane,Sexton,Male,sue57@example.com,9033961930,16-03-64,"Surveyor, insurance"
4539,Toni,Welch,Male,vboyer@example.net,213-210-9679,25-10-77,Exercise physiologist
4540,Kristi,Hudson,Female,ann57@example.com,8046320853,4/10/1987,Historic buildings inspector/conservation officer
4541,Becky,Compton,Female,pamcowan@example.org,2482250614,7/9/2046,"Scientist, research (medical)"
4542,Hayley,Patel,Male,sabrinaberry@example.com,+1-934-165-2942x45218,17-08-54,Diplomatic Services operational officer
4543,Priscilla,Yoder,Female,cheyennecrosby@example.org,271.663.9037x29045,6/3/2008,"Doctor, general practice"
4544,Brandon,Wall,Male,lblake@example.com,494.311.1510,4/8/1979,Public librarian
4545,Renee,Simpson,Female,michaelameadows@example.com,(712)606-5863x1053,23-12-72,Tree surgeon
4546,Pedro,Merritt,Female,gabrielaweeks@example.com,(746)035-4408x554,26-06-71,"Doctor, general practice"
4547,Garrett,Andrade,Male,xmadden@example.org,2588460237,2/4/1993,"Producer, radio"
4548,Kristi,Ponce,Male,heidi29@example.net,574.503.7216x98850,4/12/1963,Public relations account executive
4549,Amanda,Wilcox,Male,wallpaul@example.com,+1-720-884-5601x291,22-09-09,Theatre manager
4550,Ronnie,Munoz,Male,connercassie@example.org,+1-944-052-0537x412,2/1/1968,"Production designer, theatre/television/film"
4551,Monica,Bird,Male,cunninghamandrea@example.org,001-119-739-2493x0528,24-10-86,"Programme researcher, broadcasting/film/video"
4552,Ronnie,Greer,Male,bethbryan@example.org,001-236-499-8738x889,8/4/2011,Energy engineer
4553,Collin,Mccormick,Male,logandaugherty@example.com,474.883.4153x338,10/9/2044,"Therapist, drama"
4554,Hannah,Huerta,Female,clayton45@example.net,(111)659-4487,6/10/2017,Occupational therapist
4555,Dwayne,Murphy,Female,veronica31@example.net,001-290-671-8862x6269,4/12/2043,"Accountant, chartered public finance"
4556,Megan,Carlson,Male,cmason@example.org,-1527,7/4/2028,Fast food restaurant manager
4557,Jaclyn,Silva,Female,caseysingleton@example.org,(604)483-8680,12/12/1953,Politician's assistant
4558,Benjamin,Madden,Female,vazquezvictoria@example.org,+1-370-258-4971x3309,5/3/2030,Exhibition designer
4559,Susan,Farmer,Female,xgarcia@example.org,230-884-1423x5383,19-02-40,Copy
4560,Jeanne,Joseph,Female,pamcolon@example.org,001-652-894-4196,13-06-26,"Engineer, building services"
4561,Ebony,Weber,Female,makaylabarajas@example.net,(487)053-9629,25-02-20,"Production assistant, radio"
4562,Selena,Mills,Male,deanna33@example.org,5074754630,1/5/1967,Dietitian
4563,Dean,Moreno,Female,oleon@example.com,(892)009-7895,5/5/2022,Planning and development surveyor
4564,Kari,Cole,Male,cordovajason@example.com,+1-540-980-6966x564,1/7/2017,Television floor manager
4565,Eddie,Friedman,Male,homaureen@example.com,849-289-2777x42016,3/10/2023,"Therapist, horticultural"
4566,Bailey,Ochoa,Male,monica83@example.org,830.317.7497x0006,18-03-19,Race relations officer
4567,Carly,Carney,Male,kunderwood@example.com,541.211.6755x47577,28-03-66,Chief Executive Officer
4568,Hayley,Mejia,Male,garzaaustin@example.net,531-103-6400x4873,18-09-96,Structural engineer
4569,Bridget,Irwin,Male,kfrank@example.com,(923)878-1041,2/5/2006,"Therapist, occupational"
4570,Alejandra,Petersen,Male,yuandrea@example.net,(355)957-9967x22623,30-09-73,Financial risk analyst
4571,Geoffrey,Faulkner,Female,katherinecoleman@example.com,+1-237-137-7637x114,18-01-16,Mental health nurse
4572,Peggy,Morales,Male,ncombs@example.org,197.663.4750,4/2/2004,Location manager
4573,Haley,Reynolds,Male,charlottezuniga@example.net,490-076-6735x01465,1/7/1984,"Engineer, civil (contracting)"
4574,Lee,Farley,Male,laurenallen@example.com,(255)390-0883x42208,24-10-73,Clinical cytogeneticist
4575,Johnathan,Davies,Male,genebenson@example.com,+1-973-757-8265x06894,10/3/2012,Advice worker
4576,Alexandria,Schroeder,Male,ariasharold@example.net,933.887.3349,28-08-09,"Production assistant, television"
4577,Rick,Osborn,Female,rosechristina@example.com,(204)344-9002x3502,9/12/2006,"Horticulturist, commercial"
4578,Terrence,Oliver,Female,opowell@example.org,(999)719-4093,13-03-68,"Engineer, communications"
4579,Joyce,Morales,Male,jaimecross@example.org,577.308.5079,4/11/2005,Minerals surveyor
4580,Renee,Craig,Male,preilly@example.net,001-283-606-3053x253,18-05-08,"Exhibitions officer, museum/gallery"
4581,Patrick,Hopkins,Male,hzimmerman@example.net,791-713-5735x221,8/3/2018,Diagnostic radiographer
4582,Christie,Yu,Male,meredithkey@example.org,001-873-877-3096,13-01-09,"Secretary, company"
4583,Savannah,Frazier,Female,caitlin15@example.com,586-711-8838,28-04-65,Optometrist
4584,Gabrielle,Reese,Female,fjoseph@example.org,-7335,1/12/2014,"Surveyor, hydrographic"
4585,Jill,Johnson,Male,norman23@example.com,+1-449-413-4440x5244,10/12/2046,English as a second language teacher
4586,Elaine,Riddle,Female,mcase@example.org,629.343.4676,23-05-97,Clinical molecular geneticist
4587,Marcus,Villarreal,Female,bwolf@example.com,(833)058-1485x24844,8/3/1958,"Civil engineer, consulting"
4588,Tina,Goodwin,Female,bpotter@example.net,880-659-2584x19332,14-06-60,Television/film/video producer
4589,Beth,Logan,Male,manuelkennedy@example.com,(931)315-0624x565,22-08-12,Audiological scientist
4590,Nichole,Barajas,Male,floydlinda@example.net,892-183-0528x97407,14-10-10,Advertising copywriter
4591,Kelsey,Galvan,Male,paula19@example.org,9726827560,7/2/2035,Copy
4592,Russell,Bautista,Female,danagarcia@example.net,+1-844-485-1917x043,22-04-50,Dance movement psychotherapist
4593,Michelle,Wu,Female,mooneychristy@example.org,337-253-3371,25-08-62,Hydrogeologist
4594,Nicholas,Villanueva,Female,stefaniesnyder@example.com,+1-427-745-8841x88189,21-03-80,Hydrographic surveyor
4595,Victoria,Zuniga,Male,mcdanieljo@example.com,918.610.5012x8973,15-05-07,Hydrologist
4596,Connie,Patrick,Male,jli@example.net,001-096-032-1326x21561,15-09-09,Petroleum engineer
4597,Tracey,Solis,Male,kari02@example.net,(659)962-0907,5/12/1982,Clinical biochemist
4598,Wayne,Hendricks,Female,caleb57@example.org,-8258,7/10/1993,Materials engineer
4599,Cindy,Mckay,Female,wkaufman@example.org,-1516,29-10-61,Interior and spatial designer
4600,Ebony,Friedman,Male,ztravis@example.com,753-151-6716x064,20-10-16,Claims inspector/assessor
4601,Lydia,Rios,Female,lmontes@example.net,-1529,14-07-61,Radio producer
4602,Phyllis,Dominguez,Male,figueroabobby@example.net,+1-311-029-5731x8209,7/4/2039,"Research officer, trade union"
4603,Jerry,Jordan,Female,shall@example.net,+1-472-606-4588x611,11/7/2019,"Engineer, structural"
4604,Mandy,Keith,Male,khamilton@example.com,(549)879-0448x486,7/12/1959,Occupational hygienist
4605,Cynthia,Hawkins,Male,caseykendra@example.org,773-544-5031x480,15-06-66,Haematologist
4606,Don,Nixon,Female,savagemorgan@example.com,001-974-960-0358x7914,4/7/2016,Arts development officer
4607,Gina,Velazquez,Female,fordkevin@example.org,(898)690-0208,17-10-54,"Designer, industrial/product"
4608,Yolanda,Salinas,Female,whitakershannon@example.com,(812)643-9247x632,22-05-24,"Engineer, energy"
4609,Colleen,Tapia,Female,warren34@example.org,492.849.0488,6/1/2018,Veterinary surgeon
4610,Theresa,Nelson,Female,vshah@example.com,(038)864-4011,16-10-92,"Administrator, arts"
4611,Shane,Perry,Female,paulasharp@example.net,+1-162-129-4974x3515,12/3/1976,"Buyer, industrial"
4612,Andres,Palmer,Male,fostershari@example.org,862.335.1600,3/5/1992,Ecologist
4613,Jocelyn,Campbell,Female,mcguirestacey@example.com,(333)408-8004x5772,15-05-16,"Buyer, retail"
4614,Kimberly,Hendricks,Female,bankskathy@example.org,2909364539,10/5/2020,General practice doctor
4615,Richard,Mccormick,Female,robertomora@example.com,501.628.2739,9/6/1957,Systems analyst
4616,Blake,Duran,Female,cmassey@example.org,327.905.0182x200,10/9/1958,"Programmer, applications"
4617,Jenna,Nunez,Male,parker51@example.org,080.821.3748,20-07-02,"Scientist, biomedical"
4618,Desiree,Parsons,Male,gina45@example.org,(887)269-6143,13-10-58,Information systems manager
4619,Gilbert,Brewer,Female,lancehuffman@example.org,001-884-594-5677,3/2/2017,Garment/textile technologist
4620,Norma,Galloway,Male,dunlapleah@example.com,(403)897-5367x3563,24-07-50,Event organiser
4621,Cassandra,Ashley,Male,lancenelson@example.org,032-070-2212x859,10/11/1960,Geophysicist/field seismologist
4622,Hannah,Haley,Female,bford@example.com,+1-242-667-1066x85352,27-05-14,"Surveyor, minerals"
4623,Kayla,Terry,Male,edwardssara@example.org,+1-770-575-3103x74676,27-01-35,"Engineer, maintenance (IT)"
4624,Ray,Oneal,Male,hunterolsen@example.org,+1-041-576-6560x594,11/9/2014,Corporate treasurer
4625,Jon,Montgomery,Female,livingstonsheryl@example.org,001-309-133-4569,13-10-65,Microbiologist
4626,Kyle,Colon,Female,uchase@example.net,001-550-002-1943,24-10-77,"Administrator, Civil Service"
4627,Tanya,Love,Female,rhuff@example.com,698.012.2315,10/2/2013,"Social research officer, government"
4628,Sergio,Osborne,Male,beckernina@example.net,9177881136,3/6/1987,Photographer
4629,Duane,Dunn,Male,pittmanjustin@example.com,887-124-3503x2071,28-08-02,"Conservation officer, historic buildings"
4630,Collin,Jefferson,Female,ahooper@example.org,7674630927,31-08-43,"Conservation officer, historic buildings"
4631,Jaclyn,Gardner,Male,barbara20@example.net,(298)167-8706x42034,20-09-00,"Engineer, drilling"
4632,Megan,Carrillo,Male,vboyer@example.org,535.987.8818x1158,25-06-84,"Doctor, hospital"
4633,Eileen,Fry,Female,alexandria52@example.com,595-830-5926,19-11-65,"Engineer, electrical"
4634,Geoffrey,Marquez,Male,lfoley@example.org,724.672.2566x1767,8/6/2007,Geoscientist
4635,Shawna,Hopkins,Male,riverapatricia@example.net,410-070-2627,24-01-69,Energy engineer
4636,Isaac,Larsen,Female,vincentelaine@example.net,001-050-784-4050x672,28-12-51,"Development worker, community"
4637,Willie,Austin,Female,torresgordon@example.net,001-695-340-0382x73868,3/12/1977,Accounting technician
4638,Kristine,Carter,Male,gloria26@example.org,3329007685,27-11-16,Health physicist
4639,Stacy,Cross,Male,greggvillanueva@example.net,823-130-5287x6008,2/8/2004,Retail merchandiser
4640,Glenda,Donaldson,Female,gbenjamin@example.com,(664)482-9462,6/8/2018,Pension scheme manager
4641,Jerry,Cisneros,Male,adkinsjean@example.com,9729472382,30-06-06,Electronics engineer
4642,Claudia,Myers,Female,brendan13@example.net,223-977-0298x7228,27-06-73,"Geologist, wellsite"
4643,Andres,Butler,Female,virginia65@example.org,808.013.4859,16-06-76,Psychiatrist
4644,Bonnie,Guerra,Female,dylanmendoza@example.org,001-421-220-7178x3054,11/6/1951,Writer
4645,Andrea,Ewing,Male,josephkatherine@example.net,(888)736-8572x64023,4/3/1988,"Engineer, manufacturing"
4646,Lauren,Cooke,Male,lindsey42@example.com,827-332-5176,5/4/1990,"Social research officer, government"
4647,Angelica,Ortega,Female,deansheppard@example.com,070-130-9768,7/10/1981,Retail manager
4648,Gregory,Key,Female,dorothymendez@example.org,+1-489-506-3020x6009,3/4/2008,"Designer, interior/spatial"
4649,Fred,Gaines,Male,deborah55@example.org,+1-233-489-5346x19959,10/1/2000,Chemical engineer
4650,Marvin,Leonard,Male,greereric@example.com,324-970-2273,12/5/1951,Communications engineer
4651,Drew,Perry,Female,lkemp@example.com,5504220442,28-11-59,"Engineer, control and instrumentation"
4652,Leon,Schaefer,Female,dominic92@example.com,(211)958-8886x8497,26-09-20,"Clinical scientist, histocompatibility and immunogenetics"
4653,Tanya,Vincent,Female,holdenkathryn@example.com,2658527422,20-04-83,Product manager
4654,Kayla,Calderon,Male,gmills@example.org,759.090.3074x2165,11/6/2026,"Administrator, arts"
4655,Edward,Phelps,Female,paigerobinson@example.net,(334)833-7899x66581,9/7/1954,Glass blower/designer
4656,Darryl,Benton,Male,robynrich@example.com,166-054-1455x29700,22-03-48,"Psychologist, prison and probation services"
4657,Tim,Kennedy,Male,omargarza@example.com,122.174.8997,22-06-85,Maintenance engineer
4658,Maureen,Perez,Male,asullivan@example.org,3886801216,5/4/1995,Actuary
4659,Colin,Bonilla,Female,derrickmorrow@example.net,563-858-2108x4618,16-11-04,Aeronautical engineer
4660,Theresa,Pugh,Male,annettesavage@example.com,001-962-569-9403x66405,29-01-34,Paediatric nurse
4661,Eileen,Brewer,Male,bergerbob@example.com,1966305113,1/6/1975,Clinical embryologist
4662,Rebecca,Cunningham,Female,francis83@example.org,+1-744-527-8175x979,1/9/2011,"Engineer, technical sales"
4663,Megan,Buchanan,Female,miguel00@example.net,001-966-126-1056x900,21-09-61,Advice worker
4664,Lance,Dean,Male,dave48@example.net,3217716480,6/11/2007,"Geologist, wellsite"
4665,Jonathan,Bolton,Female,juliedean@example.net,+1-796-917-5081x433,17-06-70,Television production assistant
4666,Vernon,Swanson,Male,riggsdylan@example.org,(538)511-9485x56215,18-05-92,Tourism officer
4667,Tina,Durham,Male,bobby14@example.org,001-574-653-8617x661,23-11-64,"Accountant, chartered public finance"
4668,Bruce,Bush,Female,kaufmanhaley@example.org,(242)679-9982,13-03-34,Field trials officer
4669,Mariah,Hayes,Female,kristinwells@example.net,(517)574-0956,7/4/2035,Best boy
4670,Elijah,Conrad,Female,doughertykayla@example.net,892.640.6517,28-03-25,Musician
4671,Timothy,Green,Female,charlene81@example.org,859-220-9748,26-02-01,Warehouse manager
4672,Jackie,Hopkins,Male,csantiago@example.net,(857)689-2047,25-10-07,Television camera operator
4673,Bobby,Oliver,Female,laurenbarajas@example.com,-10387,5/1/2025,"Therapist, music"
4674,Nathan,Shaw,Female,shelleygates@example.org,001-882-284-0614x2653,10/11/2013,Facilities manager
4675,Becky,Andrews,Male,pconley@example.net,+1-944-505-2449x88579,11/11/2009,Proofreader
4676,Stanley,Zavala,Female,waltonroy@example.org,245-712-4401x96431,25-02-55,Operational investment banker
4677,Garrett,Cummings,Female,travis43@example.org,(462)034-7726x7080,3/5/2008,"Therapist, music"
4678,Debbie,Sampson,Male,alvaradonatasha@example.net,107-133-4932,16-09-91,Fisheries officer
4679,Carol,Yang,Male,jeremiah51@example.org,(313)706-3718,7/10/2039,Data processing manager
4680,Melody,Freeman,Male,brendan43@example.com,161.726.8044x96561,14-06-09,IT sales professional
4681,Mary,Andrews,Male,william68@example.com,+1-502-163-7277x3913,22-06-54,Rural practice surveyor
4682,Jeremiah,Torres,Male,wallaudrey@example.org,-4573,1/7/2032,Health and safety inspector
4683,Mathew,Cuevas,Male,guy25@example.org,+1-705-912-8138x4132,19-03-40,"Programmer, multimedia"
4684,Logan,Chambers,Male,akim@example.org,(572)159-9025,24-08-07,Hotel manager
4685,Brian,Blackwell,Male,nicoleblackburn@example.org,(193)169-4806,28-11-78,Manufacturing systems engineer
4686,Greg,Carpenter,Female,joycejensen@example.org,001-667-905-9658x8205,16-04-81,"Engineer, materials"
4687,Kaitlin,Gamble,Male,spencer91@example.net,171-918-0320x4547,16-03-07,Training and development officer
4688,Katrina,Burke,Female,loweryisaiah@example.net,001-812-642-9130x17454,20-05-76,"Scientist, forensic"
4689,Gene,Byrd,Male,richardcabrera@example.com,2417392330,21-07-20,Tax inspector
4690,Bryan,Martinez,Male,nunezdiamond@example.com,(956)477-0651,23-11-51,Chartered public finance accountant
4691,Alex,Rivas,Female,miguelvalencia@example.com,981.215.3365x5027,26-01-97,"Scientist, water quality"
4692,Morgan,Ortiz,Female,tduran@example.org,025-145-0931,2/7/1999,"Engineer, mining"
4693,Christopher,Shaffer,Female,zunigasherri@example.com,(924)505-5411x567,5/7/2001,Control and instrumentation engineer
4694,Alexandra,Blackwell,Female,diamond27@example.org,108-779-5519,20-05-08,Network engineer
4695,Sherry,Castro,Female,rmercado@example.net,001-428-704-7015x26204,3/7/2046,Naval architect
4696,Karina,Moreno,Male,vaughanmeredith@example.net,538.908.3755,18-10-04,Trading standards officer
4697,Stuart,Hutchinson,Male,jonathanwade@example.com,609.659.6729,25-08-98,Public affairs consultant
4698,Katie,Wong,Male,sergiohardy@example.org,690-169-6192x111,6/6/1999,Tree surgeon
4699,Marissa,Holt,Male,pgaines@example.org,934-438-1261x922,15-11-45,"Investment banker, operational"
4700,Leslie,Chandler,Male,wigginstanner@example.com,389-894-7717,18-11-14,Engineering geologist
4701,Leroy,Montes,Male,debbie27@example.com,(880)793-8156,20-04-08,Chief Financial Officer
4702,Jeff,Clarke,Female,nina46@example.org,818.308.9466x2499,14-05-79,Art gallery manager
4703,Eddie,Newman,Female,faithshea@example.com,504.328.4476x32479,13-12-42,Chief Marketing Officer
4704,Rose,Roth,Male,jbarrett@example.net,+1-621-921-9614x4985,3/3/1996,Financial controller
4705,Annette,Burns,Male,hbryan@example.org,908.311.3124,4/10/2035,Computer games developer
4706,Theresa,Rose,Female,hardygerald@example.org,001-408-380-6818x0905,19-03-92,"Accountant, chartered"
4707,Tracey,Wright,Male,wilsonroy@example.org,805.373.1501,27-02-56,Public affairs consultant
4708,Alec,Serrano,Female,kristylittle@example.com,133.781.0915x8413,23-11-67,Operations geologist
4709,Grace,Hodge,Male,hensleydarlene@example.com,202.302.1666x65030,27-04-20,Learning mentor
4710,Micheal,Campbell,Male,nchoi@example.net,(927)867-3232,26-08-83,"Investment banker, corporate"
4711,Austin,Cabrera,Male,sydney75@example.org,001-578-322-0733,6/7/2015,Research scientist (maths)
4712,Audrey,Pennington,Female,edwin82@example.com,001-047-479-7408x361,21-02-34,Radio broadcast assistant
4713,Annette,Daniel,Female,lauren33@example.net,001-240-361-7007x983,26-03-38,Chief Technology Officer
4714,Allison,Christensen,Male,terrence35@example.com,-1967,3/4/1976,"Therapist, music"
4715,Mackenzie,Ochoa,Male,javier50@example.org,+1-929-013-6231x393,25-05-68,"Producer, radio"
4716,Andres,Jackson,Female,bryan44@example.net,542-593-3894x051,5/5/1988,Agricultural consultant
4717,Kara,Hutchinson,Male,qblankenship@example.net,317-914-5308,3/11/2037,"Physicist, medical"
4718,Alexandra,Tucker,Female,cassie27@example.org,(219)141-2426x3978,14-04-20,Licensed conveyancer
4719,Mckenzie,Knight,Female,zsuarez@example.org,850-333-6360x318,15-04-46,"Designer, fashion/clothing"
4720,Jimmy,Khan,Male,andres16@example.com,9629710443,1/11/1994,Probation officer
4721,Glenn,Joseph,Male,kristydavies@example.net,(253)565-0368,28-05-94,"Engineer, civil (contracting)"
4722,Cristina,Villegas,Male,eholder@example.com,+1-660-286-3701x075,9/8/1957,"Engineer, petroleum"
4723,Gregory,Snyder,Female,connie11@example.net,001-554-418-9095x25834,11/11/2015,Automotive engineer
4724,Brittany,Lopez,Male,neilcooley@example.com,138-419-2448x2003,29-03-03,Museum/gallery conservator
4725,Devin,Bright,Male,bonillacynthia@example.net,+1-487-681-5736x97801,23-04-67,Physiological scientist
4726,Jillian,Wall,Male,josephyoder@example.net,782.880.6656x5346,9/12/1972,Sports therapist
4727,Adriana,Mosley,Male,pedromejia@example.org,(605)318-3198x6918,14-05-14,Homeopath
4728,Austin,Larsen,Female,sfriedman@example.net,+1-005-835-1209x39830,22-10-35,Minerals surveyor
4729,Mary,Ewing,Male,dannymontgomery@example.net,351-222-0392x070,19-11-35,Training and development officer
4730,Roy,Valencia,Female,cookealexa@example.com,957-216-2976,29-10-16,Mental health nurse
4731,Gabriella,Pittman,Male,dominiquewhitaker@example.com,(024)204-8776,24-06-53,Equities trader
4732,April,Vincent,Male,shannoncharlotte@example.com,1047832191,23-02-86,Event organiser
4733,Kristin,Ross,Male,millerkari@example.org,(950)788-1013x87123,27-11-27,"Engineer, technical sales"
4734,Christopher,Conley,Female,sue78@example.com,794-786-3524,8/4/2017,"Engineer, biomedical"
4735,Cassidy,Gates,Female,dicksonmadison@example.com,(114)732-0984,13-06-87,Intelligence analyst
4736,Alice,Zamora,Female,hurleysandy@example.org,188.637.9559,15-03-52,Manufacturing systems engineer
4737,Garrett,Rosario,Female,jeffwillis@example.com,001-306-493-4107,9/11/2017,Theme park manager
4738,Deanna,Tucker,Female,bartlettchad@example.org,(330)269-6899x998,15-09-50,"Engineer, biomedical"
4739,Eugene,Melendez,Male,valenzuelakristina@example.net,939.562.5589,21-11-28,Air traffic controller
4740,Bill,Estes,Female,palmerclinton@example.com,001-701-279-1969x260,25-11-21,"Scientist, audiological"
4741,Michael,Lam,Female,stanley65@example.net,001-992-404-5645,19-12-22,"Merchandiser, retail"
4742,Kerry,Valenzuela,Female,cardenasadrienne@example.org,(801)020-7816,17-11-14,Pathologist
4743,Mckenzie,Neal,Female,ywiggins@example.net,-2498,16-06-63,Passenger transport manager
4744,Phillip,Franco,Male,roberta79@example.org,316-439-9126,28-05-80,Health and safety inspector
4745,Ann,Prince,Male,lance10@example.net,+1-305-915-8890x124,23-05-35,Patent attorney
4746,Rebekah,Fitzgerald,Male,shepherdnathaniel@example.net,001-734-4673x2761,28-06-47,Retail buyer
4747,Jasmine,Davenport,Male,taylordecker@example.org,941.939.9073x695,20-03-03,Toxicologist
4748,Molly,Rocha,Male,conleybriana@example.net,159.159.6063x4365,24-10-95,"Librarian, public"
4749,Betty,Jimenez,Female,leonescobar@example.net,+1-240-319-0442x10596,26-02-84,"Teacher, special educational needs"
4750,Sonya,Santos,Female,sara12@example.com,+1-844-931-1927x9713,6/2/1952,Film/video editor
4751,Gregg,Boone,Female,kaitlynpeterson@example.net,(219)071-3618x21785,26-06-41,Television production assistant
4752,Stephanie,Richards,Male,buckleyguy@example.org,164.104.1756x211,5/12/1953,Health service manager
4753,Manuel,Guerrero,Male,rowederek@example.org,455.734.8297x9757,15-06-25,"Engineer, maintenance"
4754,Anthony,Myers,Female,alexis52@example.org,485-171-1730,31-01-89,Higher education lecturer
4755,Jermaine,Nielsen,Male,yolandabishop@example.com,863.372.7928x42705,1/10/1997,Office manager
4756,Julian,Bridges,Female,madison42@example.org,133.933.3592x61811,19-06-42,Physiological scientist
4757,Jenny,Petty,Female,howardalexandria@example.net,001-734-374-5526x6895,12/5/1967,"Loss adjuster, chartered"
4758,Cody,Huang,Female,ireynolds@example.net,773-806-8347,11/9/2009,"Engineer, civil (consulting)"
4759,Sarah,Nixon,Male,candice04@example.net,+1-364-324-2704x270,2/4/1996,Tax inspector
4760,Michaela,Horton,Female,prestonjim@example.com,128.997.5047,4/10/2008,Geophysicist/field seismologist
4761,Devin,Mercer,Female,kristiegreer@example.com,9819919401,8/3/1988,Comptroller
4762,Chase,Howell,Female,ambermercado@example.org,+1-587-917-8495x277,22-03-67,Science writer
4763,Priscilla,Trevino,Female,reginadickson@example.net,001-892-462-0971,6/11/1953,Intelligence analyst
4764,Jesse,Vang,Female,ryang@example.com,1490523868,20-09-07,Marketing executive
4765,Lindsey,Gaines,Female,sophiahoover@example.org,(847)915-5520,19-03-95,Press photographer
4766,Allen,Matthews,Female,wendycowan@example.com,957-354-7879x8980,9/5/1992,"Engineer, petroleum"
4767,Larry,Flynn,Female,savannahvaughan@example.com,(262)161-2810,10/6/1953,Sales executive
4768,Judy,Miles,Male,isabelpeck@example.net,615-995-6283x24455,28-03-84,Patent examiner
4769,Daisy,King,Male,zhodge@example.com,358-612-6962,14-05-07,Special educational needs teacher
4770,Vicki,Miranda,Male,fuentesjeremy@example.net,726-231-7178x9108,21-01-18,"Scientist, biomedical"
4771,Latasha,Hammond,Female,atkinsonrachel@example.org,503.552.5947x60501,13-01-86,"Engineer, manufacturing"
4772,Jake,Davila,Male,bcarr@example.org,(970)421-3694x06166,22-10-44,Neurosurgeon
4773,Heather,Logan,Female,chelseythornton@example.net,151-600-7664x0955,7/3/2018,Local government officer
4774,Diane,Kirk,Female,ruben31@example.net,(392)507-5650,2/4/2021,Wellsite geologist
4775,Kimberly,Oconnor,Female,marie96@example.com,+1-319-746-0265x92802,20-02-73,Magazine journalist
4776,Alejandra,Meza,Female,apatel@example.com,001-470-382-1061x047,16-07-68,Visual merchandiser
4777,Audrey,Richardson,Female,zmiddleton@example.org,(412)344-8986x0027,2/2/2000,"Conservator, museum/gallery"
4778,Heather,Wilcox,Female,yesenia09@example.org,333.215.4341x7304,11/12/1979,Magazine features editor
4779,Billy,Crosby,Male,ndouglas@example.net,904-927-6686,26-08-47,Copy
4780,Elijah,Greene,Male,hruiz@example.net,4897550056,5/6/1985,Plant breeder/geneticist
4781,Christopher,Allen,Male,meadowskristine@example.net,001-878-463-9968,6/1/1966,Public affairs consultant
4782,Kari,Summers,Female,frasmussen@example.com,427.327.2904,12/3/2024,"Designer, textile"
4783,Tommy,Parks,Male,smallmarc@example.com,574.991.9677,18-03-21,Radio broadcast assistant
4784,Tara,Hansen,Male,klinewillie@example.net,9763100806,13-08-15,Operational investment banker
4785,Marie,Solis,Female,gcisneros@example.com,597-767-6597,2/9/2044,"Buyer, retail"
4786,Shaun,Foley,Male,kmoore@example.net,(998)969-6055,6/1/2038,Advertising account planner
4787,Madison,Cline,Female,zachary49@example.net,726-400-4603x2966,2/1/2030,"Administrator, local government"
4788,Devon,Hanson,Male,colton82@example.com,374-925-2186,13-12-93,"Programmer, applications"
4789,Chase,Jordan,Male,emccormick@example.net,001-608-464-1112x94444,11/5/1995,Patent examiner
4790,Pedro,Rangel,Female,lorraine37@example.org,(240)887-0164x23233,22-10-78,"Optician, dispensing"
4791,Emma,Clay,Male,wadeneil@example.net,008-401-8409x06159,2/10/1994,Furniture conservator/restorer
4792,Kerri,Tran,Female,andrearoth@example.net,660.333.2358x2864,14-12-63,Automotive engineer
4793,Bryce,Patel,Male,joanne04@example.org,413-561-0284x897,6/7/2007,Solicitor
4794,Joseph,Williamson,Female,markmayer@example.net,670.460.2368x37569,11/10/1952,Ranger/warden
4795,Marie,Mathis,Male,bushgabrielle@example.org,141-423-1977x99716,24-05-00,Electrical engineer
4796,Destiny,Nash,Female,rogersbailey@example.net,567.010.0657x56381,19-10-81,"Surveyor, commercial/residential"
4797,Marie,Davidson,Male,esparzaseth@example.com,001-546-928-5733,8/6/2033,Hydrogeologist
4798,Marc,Gardner,Male,daughertybobby@example.com,428-281-0062x2379,22-04-71,"Copywriter, advertising"
4799,Kiara,Moon,Female,stacie16@example.org,453.470.9208x35811,1/10/2024,Industrial buyer
4800,Duane,Lester,Male,jaydominguez@example.net,552.500.7430x5274,1/4/2039,Pharmacologist
4801,Courtney,Bonilla,Male,hneal@example.net,527.036.9716x6473,6/3/2027,"Embryologist, clinical"
4802,Virginia,Irwin,Female,yatescody@example.net,020-461-9848x56421,19-11-29,Exhibition designer
4803,Tracy,Rose,Male,moyerlindsey@example.com,775-747-6291x9339,26-07-87,Homeopath
4804,Christina,Carey,Male,qpreston@example.org,659.587.8117x7117,26-05-07,Advertising account planner
4805,Don,Allen,Female,tracyburton@example.com,+1-486-807-7491x68135,21-01-34,Water engineer
4806,Rose,Frey,Female,leonkevin@example.net,(938)245-9187x8019,16-06-18,Pathologist
4807,Becky,Estes,Female,catherinehodges@example.com,2926072677,3/10/1976,Advice worker
4808,Roy,Davis,Female,erica96@example.com,001-959-436-9055x5183,19-10-57,Local government officer
4809,Beth,Moore,Male,jgolden@example.org,(153)119-7620x32760,5/11/1954,Chartered certified accountant
4810,Debra,Browning,Male,christielewis@example.net,495-250-5023x553,26-11-12,Artist
4811,Gavin,Fernandez,Female,obooker@example.com,214-923-6759,25-05-74,Medical secretary
4812,Martin,Burgess,Male,alejandralynn@example.net,811.903.5441x2108,1/6/1997,Meteorologist
4813,Vicki,Forbes,Male,cynthia06@example.com,203-593-3933,2/1/2032,"Engineer, materials"
4814,Sheila,Frazier,Female,miguel58@example.org,213-872-5066x31762,18-09-79,Waste management officer
4815,Darius,Calhoun,Female,vnelson@example.com,436-469-8463x69882,4/8/1995,"Therapist, speech and language"
4816,Janice,Vasquez,Female,fritzlisa@example.net,758.291.0695x4869,9/1/1980,"Merchandiser, retail"
4817,Jonathan,Harper,Male,francessnow@example.net,633.565.1106x653,19-08-88,"Journalist, newspaper"
4818,Alexandria,Chang,Female,ygiles@example.net,838.660.4485x3059,16-10-01,Brewing technologist
4819,Alex,Houston,Female,erinbowman@example.com,+1-169-545-7511x698,19-09-07,Warehouse manager
4820,Darius,Harvey,Female,sheri89@example.net,+1-054-114-3903x2404,8/11/1983,Information officer
4821,Bob,Henderson,Male,groth@example.com,829.849.4718x9295,29-09-30,Systems developer
4822,Theresa,Luna,Male,corypeters@example.org,126.513.8488x651,23-04-03,"Engineer, energy"
4823,Martin,Romero,Female,xbeasley@example.net,648.278.5342x49352,10/9/1951,Paramedic
4824,Diana,Rodriguez,Female,vday@example.net,6782660994,4/10/1994,Health and safety inspector
4825,Jessica,Stevens,Female,tkirk@example.org,454-579-7806x5739,7/8/2009,International aid/development worker
4826,Damon,Shepard,Female,johnny27@example.org,506.819.7830x31418,8/8/1950,Brewing technologist
4827,Brent,Ford,Male,nmcknight@example.org,(049)344-7224x0090,1/6/1963,"Exhibitions officer, museum/gallery"
4828,Kurt,Garrett,Female,cathyferrell@example.org,001-198-752-9478,21-07-51,Dance movement psychotherapist
4829,Joyce,Mullen,Male,xadams@example.net,-4940,3/1/2010,Early years teacher
4830,Kenneth,Booker,Male,nicholas59@example.org,6757252688,22-11-10,Drilling engineer
4831,Calvin,Shepherd,Female,claykevin@example.com,(069)054-4373x738,8/11/1979,Contractor
4832,Brent,Keith,Female,rebeccasutton@example.com,(493)264-3834,26-04-73,"Therapist, drama"
4833,April,Whitehead,Male,alexandrafriedman@example.org,835-069-0512,19-07-17,Museum/gallery exhibitions officer
4834,Mandy,Holt,Female,qsalazar@example.net,(166)895-7551,20-02-71,IT consultant
4835,Sherri,Phillips,Female,alyssaleach@example.com,(430)874-3757x217,26-08-19,Chartered loss adjuster
4836,Mike,Esparza,Female,onovak@example.com,(752)257-1305x7329,17-07-44,"Engineer, biomedical"
4837,Wayne,Sexton,Female,hstevens@example.net,037.062.3992x7689,16-08-33,"Engineer, production"
4838,Sara,Fritz,Female,bartonroberto@example.net,994.961.7312x67481,9/5/2013,Geophysicist/field seismologist
4839,Zachary,Kelly,Female,lambjermaine@example.org,8278661428,11/6/2020,"Production designer, theatre/television/film"
4840,Glen,Hale,Female,fred08@example.com,(918)680-0576x3083,2/8/2009,"Editor, film/video"
4841,Sierra,Adams,Female,roylindsey@example.com,+1-001-572-6220x5512,13-12-36,Chartered legal executive (England and Wales)
4842,Gregg,Orozco,Male,xduarte@example.org,220.017.6478x51366,4/6/2040,Commissioning editor
4843,Karl,Shea,Male,bishopgrace@example.com,033-120-4222x81956,16-08-16,"Librarian, academic"
4844,Brooke,Frey,Female,eugene09@example.net,001-213-830-5146x9072,4/9/1976,"Conservator, furniture"
4845,Nathaniel,Klein,Female,jorgehahn@example.net,599.731.3696x1866,16-04-37,Copy
4846,Lacey,Norton,Female,chadtorres@example.com,+1-620-876-7188x61257,29-06-96,"Engineer, electrical"
4847,Riley,Cross,Male,friedmanjose@example.net,+1-540-252-6458x86740,14-02-07,Medical sales representative
4848,Vickie,Lopez,Female,riddleray@example.org,(214)917-8310x2242,11/1/1977,"Research officer, political party"
4849,Dwayne,Hinton,Male,jillbooker@example.org,001-225-220-3495x1636,14-09-02,Management consultant
4850,Howard,Brady,Female,jane12@example.net,001-602-678-4939,31-07-67,Leisure centre manager
4851,Franklin,Montoya,Female,hduran@example.com,(284)867-2918x70781,10/10/2021,Careers adviser
4852,Felicia,Schultz,Male,lauren68@example.net,809-181-9375x644,15-03-93,Retail manager
4853,Miguel,Bradley,Female,gordon26@example.com,400.445.9739x243,27-04-12,Paediatric nurse
4854,Summer,Monroe,Male,candicestrickland@example.net,(422)152-8497x029,2/1/1971,Graphic designer
4855,Joy,Hubbard,Male,victoriacarroll@example.org,001-093-342-4218x17521,21-02-84,"Administrator, local government"
4856,Susan,Copeland,Male,savannahcolon@example.org,937-256-6594x5908,15-03-65,Control and instrumentation engineer
4857,Toni,Roberson,Female,yvonnegarrett@example.org,270.462.6753x83075,8/2/2044,Housing manager/officer
4858,Robyn,Cooke,Female,daisynewman@example.org,433-149-9882,5/6/2024,Financial trader
4859,Christian,Whitaker,Female,riggsbruce@example.net,644.020.3410x3851,1/4/1978,"Loss adjuster, chartered"
4860,Eduardo,Morales,Female,dustinsolomon@example.org,+1-377-378-0856x98532,6/5/2027,Copy
4861,Kurt,Jennings,Female,ldaugherty@example.com,001-461-173-8911x9107,19-08-35,Merchant navy officer
4862,Albert,Mccarty,Male,andrea81@example.net,001-616-540-3115,11/5/1998,"Sales professional, IT"
4863,Kirk,Travis,Female,lutzbryce@example.org,599-135-0814,19-05-89,Television camera operator
4864,Jordan,Colon,Female,xortega@example.com,549.186.9725x869,17-02-74,Transport planner
4865,Matthew,Pruitt,Male,gilbert47@example.com,+1-303-002-4523x388,27-01-92,Banker
4866,Natasha,Dominguez,Female,alicegordon@example.net,076.776.0124x6375,27-10-08,"Nurse, adult"
4867,Chad,Knox,Female,julianowens@example.com,(946)481-7372x6769,3/10/2046,Contractor
4868,Reginald,Sanders,Female,omcdowell@example.org,388.813.4734x5125,27-07-46,Operational investment banker
4869,Earl,Arellano,Female,joshuasanders@example.com,582-831-4348x24858,10/8/1967,Financial trader
4870,Brian,Brady,Female,cwise@example.com,979472640,27-06-02,Sales promotion account executive
4871,Alisha,Wise,Female,fbernard@example.org,001-529-985-6738,30-01-14,Medical laboratory scientific officer
4872,Blake,Olsen,Female,suttonariana@example.org,001-550-353-1810x91589,14-03-46,"Pilot, airline"
4873,Miranda,Burns,Male,rachel21@example.net,364-213-3951x368,3/11/2041,Neurosurgeon
4874,Glenn,Bonilla,Male,ujohns@example.org,(397)911-0126x527,2/6/2024,Private music teacher
4875,Cassandra,Ali,Female,wsanders@example.com,001-668-443-5485x2877,25-03-20,Podiatrist
4876,Natasha,Merritt,Female,bkemp@example.com,800-993-8093,6/1/1979,Product manager
4877,Bob,Garrison,Male,brady43@example.com,+1-302-117-3197x969,8/3/1987,"Designer, ceramics/pottery"
4878,Brittney,Hale,Female,nyates@example.net,001-297-365-6445,18-06-45,Accounting technician
4879,Adrian,Case,Male,austin03@example.com,501.585.0292,27-07-03,Glass blower/designer
4880,Destiny,Wallace,Male,tylerkatherine@example.org,(522)234-1189x026,18-07-15,"Surveyor, insurance"
4881,Brittney,Burch,Male,pattonfrank@example.net,001-961-407-2610x1065,2/2/2020,Artist
4882,Ivan,Roberts,Male,pcruz@example.org,7076176846,30-12-13,Corporate treasurer
4883,Whitney,Daugherty,Female,andrea04@example.com,+1-719-562-3075x36559,27-09-62,Field trials officer
4884,Carmen,Pearson,Male,bautistaalisha@example.com,-2163,4/11/2011,Race relations officer
4885,Barry,Koch,Male,mccarthytyrone@example.net,286.150.2550x055,3/4/1966,Futures trader
4886,Penny,Fleming,Female,denisefritz@example.org,038.858.3788x633,20-10-09,Transport planner
4887,Marvin,Briggs,Female,skinnersheila@example.net,675.643.6305x8283,6/5/2032,"Surveyor, building"
4888,Grant,Wilkinson,Male,sharphenry@example.net,+1-917-630-3933x4842,12/12/1992,Diagnostic radiographer
4889,Xavier,Reynolds,Male,reginachandler@example.org,(081)198-6711,14-03-48,Film/video editor
4890,Kendra,Morrow,Female,woodardmallory@example.net,034-272-3902x61513,21-03-14,Aid worker
4891,Felicia,Nash,Male,odonnellleah@example.org,001-344-832-8125,19-10-99,Video editor
4892,Philip,Figueroa,Female,lynn89@example.net,668-938-6954x9571,2/4/2008,Corporate investment banker
4893,Lance,Kirby,Female,maxwell90@example.com,(023)761-3735x84740,28-03-57,Airline pilot
4894,Candice,Andrews,Female,melinda37@example.net,+1-901-560-9190x4930,8/9/2016,"Optician, dispensing"
4895,Isaiah,Vincent,Female,finleydennis@example.com,297.408.4756x83111,9/1/2003,Software engineer
4896,Aaron,Bird,Female,isaac55@example.net,001-666-103-8736x40669,3/2/1967,Television camera operator
4897,Amy,Cox,Female,mcintyrepam@example.org,+1-073-427-9469x6676,20-07-98,International aid/development worker
4898,Brad,Dickerson,Male,don37@example.com,(783)125-3997,27-02-95,Emergency planning/management officer
4899,Candice,Lindsey,Female,arthuraguirre@example.net,(944)298-4456x47993,27-11-10,Estate agent
4900,Sue,Doyle,Female,lfigueroa@example.net,(096)035-3228,2/12/1982,Fitness centre manager
4901,Toni,Durham,Female,qruiz@example.org,+1-170-477-6638x04262,20-03-97,Human resources officer
4902,Deanna,Moyer,Male,morgancompton@example.org,+1-019-581-8766x93716,11/6/2002,Location manager
4903,Susan,Benjamin,Male,beckerjesus@example.com,228-589-2729,8/10/1999,Retail banker
4904,Wyatt,Thornton,Male,connor71@example.com,937-229-9840x999,13-06-19,Community pharmacist
4905,Erika,Carey,Female,owenssherri@example.net,120.027.9398,23-02-02,Materials engineer
4906,Caitlyn,Hooper,Male,eduardobaxter@example.com,001-163-818-5233,2/11/2043,Child psychotherapist
4907,Zachary,Hart,Male,nkelly@example.net,064.495.6502x2528,16-10-46,Clinical cytogeneticist
4908,Andrew,Lambert,Female,brendakim@example.com,6884113291,21-03-29,Research scientist (maths)
4909,Jacqueline,Fuentes,Male,hartemily@example.org,(524)937-6925,18-05-90,Newspaper journalist
4910,Caroline,Cross,Female,wvance@example.com,787.502.3965,24-10-26,Naval architect
4911,Jill,Sherman,Female,ewingfrancis@example.org,001-726-018-9243,23-04-55,"Programmer, applications"
4912,Dwayne,Wiggins,Female,qmurphy@example.com,(093)342-2910,13-08-64,Insurance risk surveyor
4913,Allison,Harding,Male,vicki83@example.org,+1-691-671-9444x00950,4/12/1995,Chartered loss adjuster
4914,Alicia,Adams,Female,veronicaewing@example.org,755-222-6830x981,27-03-21,Clinical biochemist
4915,Angie,Walter,Female,shouse@example.com,094-296-9600x6237,12/10/2008,Communications engineer
4916,Stanley,Anderson,Female,stephen81@example.com,3501972174,20-04-06,Physiological scientist
4917,Virginia,Callahan,Male,zimmermanregina@example.org,(722)545-5835,14-10-58,Public relations account executive
4918,Hayden,Jensen,Male,tswanson@example.net,337.948.4996,20-11-13,Quantity surveyor
4919,Audrey,Cabrera,Male,elliottallison@example.net,081-937-7248x1543,10/11/1977,Ranger/warden
4920,Lorraine,Mays,Male,browningmax@example.net,025-335-4262,9/12/2007,Art gallery manager
4921,Tara,Brooks,Female,matatyrone@example.net,957.410.6250x96228,25-01-52,Furniture conservator/restorer
4922,Brett,Gonzalez,Male,ggrant@example.com,450-566-9808,17-03-85,Naval architect
4923,Meredith,Stewart,Male,jeremiah01@example.net,001-349-188-0270x539,22-07-29,"Surveyor, land/geomatics"
4924,Bruce,Small,Male,tburke@example.net,913.579.8716x79624,20-05-07,"Engineer, electronics"
4925,Helen,Cortez,Male,laura04@example.net,5249003384,3/8/2003,"Surveyor, building control"
4926,Hector,Bean,Female,kimsingh@example.net,928.659.5067x5575,5/8/1999,"Biochemist, clinical"
4927,Abigail,May,Male,leonardebony@example.org,707-957-2360x245,11/3/2020,Transport planner
4928,Samantha,Hayes,Male,jeffersonomar@example.net,5648658503,1/9/2030,Games developer
4929,Megan,Brewer,Female,suzanne45@example.org,314.219.5198x380,21-09-98,"Designer, textile"
4930,Jonathan,Potts,Male,ckaiser@example.net,939-869-6061,2/2/1983,"Civil engineer, contracting"
4931,Heather,Barnes,Male,jmay@example.com,489.452.2684x6346,19-12-84,Meteorologist
4932,Meagan,Ali,Female,jzhang@example.net,595.492.6919x6448,19-05-86,Emergency planning/management officer
4933,Tricia,Rivers,Male,huffmanjocelyn@example.com,(243)836-6062x30522,5/6/1991,Lexicographer
4934,Norma,Wiggins,Male,soniafrederick@example.org,+1-717-257-9399x05509,19-09-78,"Sales professional, IT"
4935,Alfred,Howard,Female,nicole54@example.com,245-704-1229x1626,30-11-03,Furniture conservator/restorer
4936,Carla,Beasley,Male,hkrueger@example.org,960-393-1787,1/12/2009,Broadcast presenter
4937,Miguel,Pennington,Male,miguel10@example.com,001-125-852-4817x03789,15-03-77,Planning and development surveyor
4938,Jason,Spence,Female,anthonymann@example.com,1459096170,16-03-89,Fashion designer
4939,Jason,Joseph,Male,atkinsonaustin@example.org,(641)050-6842,4/6/2006,Textile designer
4940,Leon,Estrada,Male,nelsonvictoria@example.com,001-985-977-7865x4658,16-05-50,Astronomer
4941,Clayton,Hudson,Female,chloehale@example.org,115.491.8059x51952,29-11-48,Orthoptist
4942,Caroline,Kline,Male,griffinstephanie@example.org,786.392.5688,23-01-68,Industrial buyer
4943,Lacey,Yates,Female,christina30@example.org,(221)961-2329x959,20-03-44,Training and development officer
4944,Kurt,Eaton,Male,damon19@example.org,(387)923-1980x4341,11/4/2010,Sub
4945,Tracie,Hall,Male,zhenderson@example.org,086.006.0182,20-03-65,Audiological scientist
4946,Sally,Dalton,Male,candicedunlap@example.org,+1-719-379-2483x3721,30-09-81,Estate agent
4947,Bridget,Hester,Female,sylvia56@example.org,371-741-3701,14-12-56,Financial risk analyst
4948,Valerie,Maldonado,Male,rbush@example.net,001-069-057-7565x2858,7/2/2023,Printmaker
4949,Jaime,Castro,Female,santanavicki@example.com,(230)536-2332,15-09-36,Outdoor activities/education manager
4950,Amber,Crosby,Female,mckenzieisaiah@example.org,509-845-4492x8299,19-12-42,"Research officer, trade union"
4951,Monica,Mclean,Female,brandonproctor@example.net,+1-850-313-9245x418,6/8/2007,Sports therapist
4952,Miranda,Savage,Female,kpennington@example.com,001-485-254-0068x7400,13-04-60,"Psychotherapist, dance movement"
4953,Kurt,Gardner,Female,mia65@example.org,380.112.9953,13-05-89,Cartographer
4954,Beth,Davis,Male,martinerica@example.net,852-433-8710,13-01-78,Interior and spatial designer
4955,Margaret,Preston,Female,rosalesgabrielle@example.org,6910608851,17-06-11,Recycling officer
4956,Carol,Pittman,Male,winterstommy@example.com,857.263.6758x6747,11/1/1997,Press photographer
4957,Ricardo,Booker,Female,granthurley@example.org,216.597.2334x4741,12/3/1978,Advertising account planner
4958,Brandi,Hensley,Female,millsjermaine@example.org,974.505.9581x8279,19-04-69,Ergonomist
4959,James,Zavala,Female,cantukeith@example.com,001-854-527-6085x241,5/12/2007,Leisure centre manager
4960,Kristi,Archer,Female,michaelcastillo@example.com,(921)858-6474x84114,31-12-62,Media buyer
4961,Janice,Meyer,Male,rbird@example.com,(460)580-9217,19-11-07,Dance movement psychotherapist
4962,Kerry,Alvarado,Female,nathaniellivingston@example.org,433-615-4147x5298,6/6/2000,Field seismologist
4963,Joann,Ray,Male,alexandra77@example.org,685-180-0505,25-09-68,Tourism officer
4964,Kristi,Booth,Male,jeannemeadows@example.org,001-824-316-7515,12/8/1951,"Engineer, petroleum"
4965,Perry,Orozco,Female,tiffanymaynard@example.net,+1-464-387-4913x75134,10/2/1998,Illustrator
4966,Angela,Huff,Female,lori77@example.com,(792)593-5987x2908,19-07-43,Medical illustrator
4967,Holly,Robertson,Male,perrylove@example.org,+1-869-350-9635x64345,3/6/2034,Health service manager
4968,Harold,Ellison,Female,moodynatalie@example.com,+1-995-056-5795x26528,10/2/2010,Sales executive
4969,Ross,Mcdonald,Male,mcneiljeanne@example.net,702.257.3206,23-05-29,Glass blower/designer
4970,Joan,Hubbard,Female,anna66@example.org,976-852-3907,29-10-28,"Therapist, nutritional"
4971,Deanna,Grimes,Female,bernard99@example.com,946-268-2081x6466,1/8/2045,Bookseller
4972,Seth,Mccann,Female,mahoneyanna@example.net,246.805.0740,1/9/2007,Audiological scientist
4973,Logan,Lucero,Female,eddie15@example.org,876.120.4910,8/10/2031,"Runner, broadcasting/film/video"
4974,Jasmin,Herman,Male,molinakendra@example.com,268-211-3218x706,18-06-58,Armed forces operational officer
4975,Kimberly,Whitehead,Male,mayozoe@example.net,184-781-8886x61102,20-09-45,"Physicist, medical"
4976,Makayla,Holmes,Female,larsenalisha@example.com,(158)334-9052,21-09-89,Research scientist (life sciences)
4977,Tony,Fry,Male,parker40@example.net,+1-841-365-5900x7945,20-10-75,Medical physicist
4978,Thomas,Cobb,Male,mcdonaldearl@example.org,2794313513,22-03-20,Field seismologist
4979,Lawrence,Sparks,Male,zhangjane@example.com,001-394-389-4865,14-04-53,Financial trader
4980,Joann,Casey,Female,sandy36@example.org,84720213,6/3/2038,"Production assistant, television"
4981,Anna,Carey,Female,fulleramanda@example.com,805.533.4795,22-08-90,Warden/ranger
4982,Brett,Huber,Male,connor40@example.net,683-718-2716x267,1/12/2021,Health and safety inspector
4983,Margaret,Howell,Female,terrichaney@example.com,+1-184-034-2435x47646,27-09-03,"Engineer, biomedical"
4984,Kirsten,Krueger,Female,bradvaughn@example.net,525.891.1486x37978,8/3/1952,Field trials officer
4985,Tom,Wolfe,Male,burtonstacy@example.com,+1-475-564-9226x01955,9/11/2011,Estate manager/land agent
4986,Sophia,David,Male,gilbertjody@example.com,4229005741,24-07-91,Clinical embryologist
4987,Alison,Durham,Female,wayne79@example.com,805-452-5275x533,11/2/2024,"Horticulturist, commercial"
4988,Beverly,Wall,Male,mistyhardy@example.com,491-324-7460x6404,29-11-44,Town planner
4989,Cristina,Francis,Male,sherrystuart@example.net,397497530,24-07-10,Research scientist (life sciences)
4990,Arthur,Pena,Male,gallegosbridget@example.com,001-017-059-6608x606,29-03-66,"Surveyor, quantity"
4991,James,Weaver,Male,jade46@example.org,001-068-924-9339x352,25-07-63,"Engineer, maintenance (IT)"
4992,Cristian,Church,Male,claire79@example.org,929-850-5260x579,4/9/1987,Data scientist
4993,Christian,Armstrong,Female,alevy@example.org,180-799-3170,1/2/2048,"Embryologist, clinical"
4994,Valerie,Le,Male,jeremiah68@example.net,794.277.3648,18-06-11,Industrial buyer
4995,Mario,Jarvis,Male,cole92@example.org,001-037-982-5722x385,19-05-11,Customer service manager
4996,Micheal,Hunter,Female,sydney23@example.net,587-808-4252x392,4/12/2004,Dispensing optician
4997,Danielle,Thomas,Female,bsalas@example.com,(749)067-6046x137,1/6/2030,"Engineer, drilling"
4998,Robyn,Hinton,Male,billy34@example.com,790.938.1855x9577,12/4/1951,Rural practice surveyor
4999,Michelle,Owen,Male,goodwinmarie@example.net,001-814-478-6823x2956,13-08-07,Administrator
5000,Alexander,Maddox,Female,ppowell@example.net,597.006.9794,30-03-48,Production manager
5001,Kendra,Guerra,Female,lynnhayes@example.org,890-054-7902x70196,6/4/1972,"Therapist, occupational"
5002,Laurie,Travis,Male,samuel86@example.com,(771)568-6513,6/12/1997,"Designer, blown glass/stained glass"
5003,Angela,Gentry,Female,uellis@example.com,+1-148-550-4251x133,6/9/1988,Dance movement psychotherapist
5004,Kerry,Ayala,Female,larrycrosby@example.org,6663403867,27-10-59,Bookseller
5005,Rita,Arnold,Female,jberry@example.org,001-648-777-4116x42255,2/11/2040,Water engineer
5006,David,Fuller,Female,lowerywanda@example.com,001-691-276-0538x12534,26-01-63,Medical laboratory scientific officer
5007,Mason,Dougherty,Male,rbarajas@example.org,(252)032-5093,1/2/2002,"Administrator, sports"
5008,Ross,Henry,Female,clayton01@example.org,001-245-221-2555,27-12-60,Commercial/residential surveyor
5009,Drew,Pugh,Female,glennmurray@example.com,4279493865,18-03-95,Multimedia programmer
5010,Nathan,Melendez,Female,pedro40@example.net,558-662-5728x23480,15-01-19,Planning and development surveyor
5011,Tina,Huynh,Male,johnstonfrank@example.com,+1-948-746-4476x79236,8/10/2008,Arts administrator
5012,Latasha,Banks,Female,omueller@example.net,728-509-1212x5415,18-11-93,Probation officer
5013,Darlene,Leonard,Female,aaustin@example.org,(227)093-1099x4794,30-10-42,Maintenance engineer
5014,Savannah,Allison,Male,frederickgoodman@example.org,001-249-450-1387,22-03-55,Dietitian
5015,Doris,Rivera,Male,lucasmcneil@example.com,288.102.0433,23-06-34,Agricultural consultant
5016,Walter,Jacobson,Male,audreyho@example.org,325.772.9623x12278,1/11/1973,"Scientist, forensic"
5017,Jonathan,Hansen,Female,mistyfleming@example.org,-1538,14-03-55,"Doctor, hospital"
5018,Adrian,Gregory,Female,dominguezallen@example.com,441-611-6210x527,29-12-19,Landscape architect
5019,Louis,Middleton,Female,salazardamon@example.org,065-978-8684x346,11/10/1996,Early years teacher
5020,Jaime,Banks,Female,xwarren@example.net,955-046-4155x574,24-01-19,Arts administrator
5021,Chloe,Barrera,Female,maynardrick@example.org,(770)757-9086x09190,3/12/1951,Computer games developer
5022,Glenda,Pierce,Female,xroth@example.org,603-337-2741x836,23-09-46,"Nurse, children's"
5023,Helen,Mccarty,Male,wjenkins@example.com,(231)363-1264x378,24-03-39,Veterinary surgeon
5024,Mariah,Holland,Female,nlee@example.org,001-054-308-8588x9071,12/7/2042,Paramedic
5025,Fred,Murray,Male,curtis03@example.net,+1-238-061-8662x489,8/3/2037,Theatre stage manager
5026,Candice,Lutz,Female,charlesodonnell@example.org,+1-952-711-6943x4337,11/11/2018,Dealer
5027,Shane,Pratt,Male,shaneaguirre@example.org,038-164-0476x16290,21-11-95,"Geologist, wellsite"
5028,Colin,Bowman,Female,morgan42@example.net,001-036-641-1349,16-01-17,"Scientist, audiological"
5029,Monique,Montoya,Female,yesenia92@example.com,(243)079-2648x2106,8/10/2012,Curator
5030,Traci,Ochoa,Female,debbieellis@example.org,547.974.2573,30-11-86,Housing manager/officer
5031,Sara,Briggs,Male,cristina74@example.org,001-250-544-2794x9249,24-01-57,Advertising art director
5032,Shelia,Strong,Female,daymichael@example.com,9137903347,20-10-98,Town planner
5033,Jay,Burgess,Female,christy90@example.org,795-226-7685,2/5/2049,Soil scientist
5034,Grant,Bridges,Female,piercerobin@example.org,(211)505-5807x047,25-03-35,English as a second language teacher
5035,Corey,Franklin,Female,conwaycaroline@example.net,698-124-5258x64666,28-03-63,"Surveyor, commercial/residential"
5036,Margaret,Mccormick,Female,desireemeadows@example.com,(300)331-1484x8418,24-09-57,"Engineer, petroleum"
5037,Patrick,Weiss,Female,louispetersen@example.net,001-356-744-4865x46103,6/5/1969,Trade union research officer
5038,Pam,Weeks,Male,judy98@example.net,+1-590-338-9954x8763,4/3/2022,Corporate investment banker
5039,Ivan,Greer,Female,garrisongilbert@example.org,554.219.8269,22-07-86,"Scientist, clinical (histocompatibility and immunogenetics)"
5040,Frederick,Harris,Male,fieldsmorgan@example.com,001-470-706-3220x50709,14-02-91,"Engineer, land"
5041,Don,Merritt,Male,adrianbean@example.net,985-875-7761,2/11/2017,Dispensing optician
5042,Lacey,Barron,Female,tara79@example.net,353-127-2229,3/5/1985,Personnel officer
5043,Rick,Boyle,Female,hriddle@example.org,001-150-190-8628x478,8/11/1986,Publishing rights manager
5044,Cody,Gonzales,Female,tmacias@example.org,810-820-3983x675,14-03-22,Petroleum engineer
5045,Molly,Beltran,Female,damoncooke@example.net,(028)838-1639x6576,11/5/2037,Prison officer
5046,Meagan,Mccullough,Male,harold03@example.com,587-362-8492x883,14-07-25,"Therapist, art"
5047,Vicki,Watts,Female,thomas87@example.org,(775)523-8729,3/2/2011,Ophthalmologist
5048,Kaitlyn,Roman,Male,chandlertabitha@example.net,(789)849-2856x0323,23-12-73,Office manager
5049,Bryan,Glover,Male,latoya06@example.com,1373831824,7/11/2028,"Production designer, theatre/television/film"
5050,Nicole,Carrillo,Female,garrettschmitt@example.org,(653)197-3242x1656,24-02-59,Actuary
5051,Lindsay,Oneal,Male,vkelly@example.net,113.735.8977x7022,15-06-07,Technical sales engineer
5052,Laura,Shelton,Female,wclay@example.org,+1-343-072-6153x5047,16-04-24,Learning disability nurse
5053,Rose,Cole,Female,gmaxwell@example.org,770.450.8801x495,24-11-57,Diagnostic radiographer
5054,Mandy,Singleton,Male,wrightkimberly@example.com,(347)632-7036,24-04-05,"Designer, ceramics/pottery"
5055,Robin,Hatfield,Male,yvette27@example.net,+1-602-468-8567x464,10/3/1990,Sports therapist
5056,Amber,Watson,Male,ruizbrian@example.net,162.526.3197x6359,4/10/2012,Health visitor
5057,Angie,Higgins,Male,townsendroberto@example.com,141-291-2323x139,16-05-17,Electrical engineer
5058,Gene,Leach,Female,kellie38@example.org,001-919-474-8752x6018,8/1/2040,Insurance risk surveyor
5059,Doris,Thornton,Female,sparksblake@example.com,-3272,18-12-67,"Psychotherapist, child"
5060,Kristi,French,Female,vincentorr@example.com,6065803894,8/9/1988,"Research officer, government"
5061,Jake,Bartlett,Male,kstevenson@example.net,591.059.7629x8346,22-06-42,Professor Emeritus
5062,Toni,Shannon,Female,jackjenkins@example.org,763-124-9081,1/12/1994,"Investment banker, corporate"
5063,Jeremy,Pitts,Female,dustinbryan@example.org,(243)737-4692x06862,20-06-03,Associate Professor
5064,Kerri,Hart,Male,adriana41@example.net,+1-375-948-2832x943,6/1/1977,"Chemist, analytical"
5065,Edgar,Fletcher,Male,gmeza@example.org,(227)343-9810,4/1/2022,"Therapist, art"
5066,Debbie,Villegas,Male,burchmichael@example.org,005.490.1698,17-03-97,Advertising copywriter
5067,Cassie,Jacobs,Female,latasha30@example.net,796.618.9291,26-12-51,Neurosurgeon
5068,Miranda,Roman,Female,rick85@example.net,742.250.4087x2366,19-03-37,Heritage manager
5069,Maureen,Ingram,Female,jacksonwarner@example.org,001-018-291-2966x0268,11/5/2021,Water quality scientist
5070,Nina,Allison,Male,butleryolanda@example.com,(380)517-1880x655,29-07-10,"Administrator, charities/voluntary organisations"
5071,Vernon,Espinoza,Female,darincalderon@example.com,882.894.8169x10730,25-10-48,Clinical molecular geneticist
5072,Abigail,Erickson,Male,cynthiaellison@example.net,612.035.2548,29-02-76,"Engineer, petroleum"
5073,Sarah,Chambers,Female,yhines@example.org,377-829-0002,17-05-31,Information officer
5074,Kiara,Wagner,Female,gatesclaudia@example.com,(235)412-0006x22621,6/9/1978,Outdoor activities/education manager
5075,Gregg,Booker,Male,rogerkerr@example.net,001-233-391-4526x5314,4/10/1976,"Engineer, electrical"
5076,Mackenzie,Dudley,Male,gomezamanda@example.com,(619)558-5147x463,5/9/2007,"Radiographer, therapeutic"
5077,Tara,Compton,Male,phelpsjoseph@example.org,985-097-1422x03555,9/3/1994,Armed forces technical officer
5078,Jermaine,Haynes,Male,brittney33@example.org,359.794.5807,3/5/1964,Public librarian
5079,Carolyn,Hawkins,Male,rebecca72@example.net,+1-134-442-5057x311,24-01-95,Horticultural therapist
5080,Louis,Glass,Male,eric45@example.net,771-304-6889x791,30-06-51,Academic librarian
5081,Christian,Melton,Male,martinpowers@example.net,422.069.8712x0756,28-01-24,Secondary school teacher
5082,Alan,Novak,Female,susan08@example.net,001-882-078-8749,12/9/1960,Charity officer
5083,Brian,Fitzpatrick,Female,williamsfrancis@example.net,(568)473-3118x74869,12/7/1950,Armed forces training and education officer
5084,Manuel,Finley,Male,kempmichaela@example.org,035.548.1286x44203,10/4/1996,"Psychologist, prison and probation services"
5085,Jesus,Madden,Male,courtneymccarty@example.org,001-787-070-9795,11/1/2016,"Solicitor, Scotland"
5086,Ronald,Hudson,Female,henry42@example.org,+1-281-522-3747x64924,13-05-47,"Journalist, magazine"
5087,Adam,George,Female,likatelyn@example.org,260-108-1804,1/4/1993,"Psychotherapist, dance movement"
5088,Dave,Lloyd,Male,cochrancarol@example.com,095-486-9128,6/9/2017,Research scientist (physical sciences)
5089,Priscilla,Moran,Female,yuyolanda@example.org,115-011-5178x7520,17-08-38,Tourist information centre manager
5090,Randy,Morse,Male,hoffmaneugene@example.org,-4927,4/10/1952,"Editor, magazine features"
5091,Amy,Boone,Male,perezalejandro@example.com,001-645-540-1274x62898,6/3/2016,Textile designer
5092,Christopher,Gardner,Female,whunt@example.org,1744411971,4/11/1957,IT consultant
5093,Hayden,Burgess,Female,wcarrillo@example.com,(094)501-8291x656,20-10-56,Aeronautical engineer
5094,Tracey,Spencer,Female,christy64@example.com,(250)273-8163x6819,19-03-84,Intelligence analyst
5095,Jo,Sandoval,Female,ikennedy@example.org,001-171-843-7594x90976,19-05-75,Social researcher
5096,Amber,Hardy,Female,mathisdarlene@example.net,001-832-235-0473x388,3/10/2030,"Engineer, petroleum"
5097,Francis,Caldwell,Male,nicolesloan@example.org,001-422-079-1109x39490,15-11-93,Research scientist (maths)
5098,Timothy,Brandt,Female,geraldrose@example.net,+1-982-992-9208x33733,3/12/2033,"Editor, film/video"
5099,Mathew,Li,Male,ruben51@example.org,637-109-0203x79326,23-11-66,Information officer
5100,Kristopher,Ballard,Female,tomharper@example.net,240-404-2633x883,23-01-50,"Buyer, retail"
5101,Breanna,Mcguire,Female,daviskristopher@example.net,(050)926-0828x171,2/4/2020,Heritage manager
5102,Christie,Molina,Female,david61@example.org,001-434-638-6069x4573,29-05-68,"Psychotherapist, dance movement"
5103,Jorge,Roman,Male,tammie22@example.net,(220)319-7845x9142,19-09-00,Musician
5104,Katelyn,Chen,Female,clinekarl@example.com,(068)543-9272x383,12/7/1995,"Journalist, magazine"
5105,Yvonne,Durham,Female,bowersbrent@example.com,(415)976-2691x7795,1/9/1993,Dance movement psychotherapist
5106,Stacie,Byrd,Female,kathleenphillips@example.net,675-529-7816x5882,9/8/1950,Risk manager
5107,Carla,Fernandez,Male,heidi36@example.com,058.170.0878x748,18-09-44,"Therapist, nutritional"
5108,April,Harrell,Female,tommyblair@example.org,001-963-333-8535,20-02-80,Computer games developer
5109,Jake,Hurst,Male,kendra77@example.net,+1-926-693-8222x05237,28-11-48,"Research officer, political party"
5110,Casey,Torres,Female,emcfarland@example.com,297-853-6691,28-08-31,"Engineer, petroleum"
5111,Mark,Estrada,Female,bradley89@example.com,538.739.6561,3/5/1976,Broadcast engineer
5112,Jamie,Gomez,Female,natalie52@example.com,+1-419-922-6391x559,29-11-11,"Scientist, audiological"
5113,Desiree,Best,Male,ortegastacey@example.net,1212182804,25-08-27,"Psychotherapist, child"
5114,Gloria,Clark,Male,mike70@example.com,+1-128-385-6531x73560,8/6/2028,"Designer, blown glass/stained glass"
5115,Kylie,Petersen,Female,ofitzgerald@example.org,241.522.1344x260,4/8/1962,Soil scientist
5116,Charlene,Young,Female,ross77@example.com,+1-382-588-5456x843,17-06-40,"Producer, radio"
5117,Traci,Farley,Female,lozanofernando@example.net,502-949-0065,12/8/1978,Biomedical engineer
5118,Alexis,Craig,Female,dalton50@example.net,784.484.2220x08513,19-12-14,Immigration officer
5119,Brendan,Owens,Female,anthonymeyer@example.org,5724987980,20-06-47,Insurance account manager
5120,Paula,Buchanan,Female,growland@example.org,158.313.6162x46219,11/11/1963,Location manager
5121,Clifford,Mitchell,Male,hduran@example.net,-4219,20-08-09,"Administrator, charities/voluntary organisations"
5122,Don,Rich,Female,christie64@example.org,+1-648-594-6835x88030,11/8/2043,Actor
5123,Alec,Malone,Male,hubbardebony@example.com,354-035-7385x3720,20-04-24,General practice doctor
5124,Rachel,Obrien,Male,lucerotracy@example.com,001-987-072-9366x535,30-09-06,Computer games developer
5125,Caleb,Thomas,Female,joann80@example.com,4589848516,11/5/1983,"Doctor, hospital"
5126,Makayla,Cruz,Male,lydia12@example.com,+1-919-946-3569x926,19-11-35,Medical illustrator
5127,Jo,Hartman,Female,destinyfreeman@example.org,791.726.5826,8/8/1954,Local government officer
5128,Diana,Carter,Female,bernardbush@example.net,001-086-474-8678x209,7/10/2020,Insurance claims handler
5129,Morgan,Bailey,Male,blevinstoni@example.net,+1-600-037-9570x018,20-03-19,Associate Professor
5130,Paige,Hughes,Female,wyatt71@example.com,+1-825-678-5096x011,6/2/1971,"Programmer, applications"
5131,Amanda,Ho,Female,omarmoore@example.com,001-553-104-6760x5278,22-04-78,Community development worker
5132,Albert,Meyer,Female,brockgrant@example.net,001-531-347-6769x6064,11/8/2013,"Engineer, production"
5133,Jenny,Aguilar,Male,rmoreno@example.org,+1-880-354-0622x19299,22-03-68,Clothing/textile technologist
5134,Mitchell,Ward,Female,twoodard@example.net,622.485.4236x492,19-08-58,"Scientist, research (maths)"
5135,Misty,Farrell,Female,melindasalinas@example.org,+1-640-574-3705x269,6/12/2019,Commercial/residential surveyor
5136,Tasha,Morrow,Male,gene52@example.org,938.987.8453x835,13-09-10,Editorial assistant
5137,Kristine,Juarez,Female,rangeltroy@example.com,+1-267-739-3841x33624,8/8/1967,Proofreader
5138,Guy,Steele,Male,crodgers@example.com,(734)001-8713x8392,13-12-99,Industrial buyer
5139,Shari,Richmond,Female,mariolutz@example.com,9815089922,17-05-73,Museum/gallery curator
5140,Jacob,Charles,Male,hansonjoel@example.com,551.960.8929x87659,8/2/2009,Civil Service fast streamer
5141,Walter,Odonnell,Male,arnoldsarah@example.org,(550)033-3080,22-06-90,Tourism officer
5142,Stefanie,Francis,Male,twilcox@example.org,767-726-2846x16701,21-10-20,Health and safety inspector
5143,Garrett,Lyons,Male,andresstark@example.org,489.582.5380x214,16-08-66,Warehouse manager
5144,Donna,Alexander,Male,sosarobin@example.net,+1-306-985-8982x3530,4/2/1983,"Scientist, research (maths)"
5145,Terri,Grant,Male,kaitlinalvarado@example.com,001-632-600-8447,1/8/2045,"Engineer, manufacturing"
5146,Dana,Mosley,Male,mendezsheri@example.com,596.932.8683x86832,23-03-49,Textile designer
5147,Randy,Blake,Female,wilsonlucas@example.net,584-990-6773,25-04-08,Advice worker
5148,Janice,Spears,Male,derrickbuck@example.org,652.685.5779x79206,22-11-22,Curator
5149,Lucas,Bautista,Female,gardnerisabella@example.org,001-893-278-1592x589,14-02-09,Herbalist
5150,Ariel,Dickson,Female,omar26@example.com,-11401,10/8/2021,"Therapist, drama"
5151,Claire,Mccall,Female,rachelruiz@example.org,-3080,11/3/2011,Medical illustrator
5152,Loretta,Mcconnell,Female,todd39@example.net,9014891383,28-07-52,Communications engineer
5153,Diamond,Howe,Female,youngbetty@example.net,(658)881-3679x5182,27-06-11,Comptroller
5154,Riley,Oconnor,Male,jay89@example.net,001-141-241-1020x4216,10/2/2033,Contracting civil engineer
5155,Carly,Schmitt,Male,gsampson@example.net,001-521-071-4120x81680,20-06-80,"Programmer, systems"
5156,Theodore,Fernandez,Female,juanfranklin@example.net,001-514-457-2733x84740,24-05-21,"Nurse, mental health"
5157,Hayden,Garrett,Male,yvette06@example.org,001-115-498-2001x60507,22-05-18,Quality manager
5158,Austin,Oconnell,Male,carla63@example.net,445.270.5339,15-09-10,Psychotherapist
5159,Marcus,Fisher,Male,tgallagher@example.com,145.382.4708,30-11-20,Agricultural consultant
5160,Danielle,Mack,Male,sierra43@example.net,+1-758-608-5302x60413,3/9/2008,Computer games developer
5161,Colton,Boone,Female,laurenali@example.net,+1-443-988-6890x07232,7/12/1992,Water engineer
5162,Bob,Ruiz,Female,dicksonmisty@example.net,001-245-101-1645x1134,21-10-27,"Investment banker, corporate"
5163,Willie,Lara,Female,beckcristina@example.net,(568)949-6481x74786,19-04-48,"Education officer, community"
5164,Barbara,Shepard,Male,davidnicholson@example.org,642-145-9655x827,1/12/1958,"Nurse, mental health"
5165,Becky,Brandt,Male,brucewong@example.net,798.931.5711,11/11/1980,Freight forwarder
5166,Joe,Jackson,Male,fordloretta@example.org,(581)301-1824x163,24-06-14,Translator
5167,Sheri,Browning,Male,landrymax@example.org,+1-123-662-0155x4549,17-08-21,"Research officer, political party"
5168,Kristopher,Mayer,Female,upotter@example.com,414-626-7095x879,5/4/1958,Field trials officer
5169,Audrey,Murphy,Male,annecarpenter@example.org,(327)058-9715x75779,14-11-42,Occupational therapist
5170,Chad,Walton,Male,sonyarowe@example.net,+1-536-190-9079x836,31-10-62,"Psychotherapist, dance movement"
5171,Kimberly,Salas,Male,bmueller@example.net,572-910-0764,1/12/2027,Geochemist
5172,Isaiah,Davila,Female,cvaldez@example.net,(538)822-4572x944,8/11/1965,Fisheries officer
5173,Gregg,Nicholson,Female,morganthornton@example.org,831.444.7780x16091,15-04-44,IT sales professional
5174,Tristan,Pugh,Female,alec34@example.net,+1-688-723-3230x49341,7/10/2028,"Engineer, structural"
5175,Wyatt,Ross,Male,poncealisha@example.net,(558)692-9772,11/9/1976,Tourism officer
5176,Caleb,Villarreal,Male,wilkersonhayley@example.com,(951)334-4576,16-04-21,"Administrator, education"
5177,Valerie,Bryant,Female,sonya15@example.net,084-606-6333x0594,19-04-75,Secretary/administrator
5178,Mandy,Haas,Female,cassie78@example.com,(566)381-0228,19-06-75,Health physicist
5179,Melinda,Reilly,Male,kristopher10@example.com,(977)780-9663x1390,18-02-24,"Engineer, civil (contracting)"
5180,Dave,Wang,Female,stacey49@example.com,799.365.0084x9240,8/8/1976,Technical brewer
5181,Lacey,Becker,Male,jeffery26@example.net,819.895.1365x339,26-06-09,"Production designer, theatre/television/film"
5182,Barry,Poole,Male,glovereric@example.com,(244)761-0207,5/2/2014,Media buyer
5183,Billy,Leach,Male,lydia67@example.com,+1-483-706-8605x40313,19-11-10,Child psychotherapist
5184,Jesus,Kidd,Male,gregg37@example.org,001-734-199-9410x355,8/6/2006,Proofreader
5185,Cory,Burnett,Female,garrettdwayne@example.com,832.658.8682x64140,12/10/2031,"Sales professional, IT"
5186,Mikayla,Key,Male,nasholivia@example.org,(727)699-1670x81972,21-12-12,Stage manager
5187,Ricardo,Brooks,Male,sierra92@example.org,001-027-449-3670,27-02-39,"Scientist, research (maths)"
5188,Frederick,Bates,Female,hesterlynn@example.com,001-017-714-1071x71072,8/10/2018,Technical sales engineer
5189,Dustin,Herring,Female,bassjo@example.org,+1-033-008-6775x35462,30-07-14,Systems developer
5190,Nicole,Prince,Male,sheparddiana@example.net,967-580-9778x0237,18-06-20,Private music teacher
5191,Rebecca,Ward,Female,mmcpherson@example.net,001-482-203-8900x904,13-02-36,Adult nurse
5192,Preston,Duke,Male,vespinoza@example.com,001-182-116-1728x78040,3/10/2039,Building surveyor
5193,Jeremy,Tapia,Male,rowlandkari@example.net,231.163.7078,10/6/2012,Podiatrist
5194,Stuart,Freeman,Male,drowland@example.com,(609)005-5647x4617,24-09-19,"Administrator, sports"
5195,Shelia,Huynh,Female,qwalters@example.com,+1-175-350-2436x3492,19-04-78,Ranger/warden
5196,Kristin,Horton,Male,louispark@example.org,001-879-080-6595x657,21-09-75,Haematologist
5197,Derrick,Booth,Female,daisy13@example.org,976-447-0928x409,29-02-20,"Therapist, music"
5198,Kathleen,Scott,Male,uweaver@example.com,(682)662-4010,15-07-54,Catering manager
5199,Mario,Gray,Female,hallamanda@example.net,511-239-0504x33034,7/3/1989,Charity officer
5200,Carrie,Roy,Female,donaldmayo@example.net,336-838-3660x62828,21-10-46,Clinical embryologist
5201,Bailey,Daugherty,Male,barbarameza@example.org,(311)118-4293x0180,12/8/1991,Risk manager
5202,Angelica,Strong,Male,lhebert@example.com,001-413-374-7293x334,16-07-19,Equities trader
5203,Max,Pugh,Female,joshuafields@example.com,(418)876-8402x05951,3/6/1966,Chartered accountant
5204,Michele,Pope,Male,virginiamercado@example.org,+1-462-011-4885x861,30-09-56,Private music teacher
5205,John,Ayala,Female,tuckerbrendan@example.org,001-539-352-0324x236,19-04-11,Patent examiner
5206,Michaela,Lambert,Female,blake82@example.com,(416)254-8491x8678,29-05-51,Pathologist
5207,Keith,Kennedy,Female,maria10@example.com,(837)586-6046,4/5/2035,Science writer
5208,Daisy,Meadows,Male,kruegerbethany@example.org,+1-508-880-5421x6742,19-09-19,Art gallery manager
5209,Judy,Watts,Male,jeromesexton@example.com,605.893.9056x8898,13-08-08,Interpreter
5210,Sonia,Caldwell,Male,lydia25@example.org,+1-804-950-1845x1722,28-10-37,"Psychotherapist, child"
5211,Shelley,Church,Male,eddie19@example.net,(329)895-1026x0476,10/10/1972,"Research officer, government"
5212,Shelly,Carr,Male,collincobb@example.com,+1-363-556-4807x541,23-09-95,Water quality scientist
5213,Destiny,Higgins,Female,mcneilcollin@example.net,589-204-0366,1/10/2000,"Engineer, maintenance (IT)"
5214,Brenda,Carlson,Male,nortonbrad@example.org,9391168903,25-12-71,Information systems manager
5215,Michelle,Luna,Female,bfitzpatrick@example.net,623.168.1401x7622,24-11-78,Office manager
5216,Jodi,Mccarthy,Female,bill72@example.org,+1-578-142-4795x6677,8/6/2032,Network engineer
5217,Devon,West,Male,vtorres@example.org,8500986481,31-05-90,Meteorologist
5218,Lucas,Bender,Male,iburton@example.org,049.577.7692,24-03-65,Hydrologist
5219,Leah,Black,Female,toddkara@example.org,(926)667-7173x24919,26-07-91,Optometrist
5220,Lance,Parker,Male,jody26@example.net,040-164-7009,8/4/2046,Counsellor
5221,Luke,Whitney,Male,christinafox@example.com,001-107-024-4626x35006,2/4/2037,Mechanical engineer
5222,Isabel,Bartlett,Female,mandycampbell@example.com,(820)596-1389x533,13-06-50,Magazine journalist
5223,Jo,Stevenson,Female,gregorycross@example.com,(981)135-8620,31-05-87,"Doctor, general practice"
5224,Angel,Gray,Female,jeffkirby@example.net,001-554-123-6951x9041,14-05-07,"Designer, ceramics/pottery"
5225,Meredith,Burns,Female,stacybarrera@example.org,+1-124-450-6538x0029,2/12/1999,"Engineer, agricultural"
5226,Warren,Huber,Male,ruthware@example.com,(379)938-4264,2/8/1995,Applications developer
5227,Leonard,Hoffman,Male,mikayla64@example.org,2148088746,20-05-92,Clinical psychologist
5228,Clayton,Farrell,Male,sdillon@example.net,001-265-969-9051,19-12-24,Colour technologist
5229,Gregg,Flowers,Male,pamelawheeler@example.org,681.084.2328,28-06-12,Counsellor
5230,Becky,Scott,Male,braymichele@example.com,001-830-246-6084,17-11-22,Financial risk analyst
5231,Jonathon,Green,Female,catherine76@example.com,271-086-0614,12/10/2024,Advertising account planner
5232,Jane,Murray,Female,lewing@example.org,(318)030-4532x389,29-04-52,Primary school teacher
5233,Max,Noble,Male,xavierpoole@example.org,(881)371-3442x786,26-08-83,Corporate investment banker
5234,Olivia,Mcintosh,Male,jwang@example.com,(684)215-3556x0673,14-09-84,Purchasing manager
5235,Claire,Bradford,Male,mccarthypedro@example.org,001-889-657-6295x68935,9/5/2012,Museum/gallery conservator
5236,Jean,Huerta,Female,tinaconway@example.com,146-076-0673,5/2/1964,Youth worker
5237,Shawna,Spence,Male,teresa43@example.org,997-771-4344x4801,23-07-15,Environmental health practitioner
5238,Raven,Bruce,Female,zpaul@example.org,935-504-3470x424,9/5/2016,"Scientist, research (maths)"
5239,Albert,Mccarty,Female,brian18@example.com,(513)855-9246,11/9/2044,"Designer, jewellery"
5240,Mathew,Ford,Male,monica05@example.com,001-172-733-6961x04828,13-08-39,Probation officer
5241,Clarence,Sloan,Male,vvillegas@example.net,001-456-048-7470x019,19-04-21,"Conservator, furniture"
5242,Sandra,Rosario,Male,terrydudley@example.org,410.825.1658,19-09-07,Ranger/warden
5243,Kelsey,Stevenson,Female,jocelynaguirre@example.com,(408)006-9304x204,27-09-80,Hotel manager
5244,Joan,Montoya,Female,tashachan@example.org,001-502-730-0302x3982,6/4/2009,Theatre manager
5245,Melanie,Warner,Male,megan33@example.org,-6861,14-07-08,Tourist information centre manager
5246,Joe,Boyd,Male,roblesedgar@example.org,(944)842-8648,27-11-86,Clinical biochemist
5247,Herbert,Sutton,Female,sneal@example.net,+1-236-142-4880x34783,16-04-40,"Scientist, physiological"
5248,Mary,Thompson,Female,fmcknight@example.com,804-746-2591x677,17-07-06,Architect
5249,Tristan,Wall,Female,qharrington@example.org,959-867-5654x08403,23-05-03,Immigration officer
5250,Tiffany,Bowers,Male,theresaanderson@example.com,296-204-1944,19-03-95,"Teacher, primary school"
5251,Kristin,Foster,Male,huntlucas@example.net,(720)445-6216x1610,4/2/1973,Industrial/product designer
5252,Tami,Hunt,Male,raymond42@example.net,+1-647-650-6525x6325,5/11/2021,Volunteer coordinator
5253,Frank,Powers,Female,angelica08@example.com,125.590.7349x369,7/9/2008,Health and safety adviser
5254,Ellen,Tran,Male,simsangel@example.net,001-844-368-6276x79377,2/7/2018,Operational researcher
5255,Ann,Randolph,Male,tristanfernandez@example.org,4742731038,12/4/2009,Broadcast journalist
5256,Alyssa,Farmer,Female,nathanchavez@example.net,(351)168-8182x753,23-07-60,Graphic designer
5257,Carrie,Watson,Female,xcampos@example.org,+1-301-561-1673x7543,21-01-77,"Therapist, horticultural"
5258,Lindsey,Castaneda,Male,duffyronald@example.com,+1-364-980-3404x32172,10/11/2024,Site engineer
5259,Selena,Hill,Female,pettygregg@example.org,(648)717-2208x69496,31-08-08,Financial risk analyst
5260,Bonnie,Elliott,Female,reidalan@example.net,-4138,9/2/1954,Cartographer
5261,Steve,Wilkinson,Male,connie09@example.net,+1-069-387-1490x471,17-11-11,Theatre manager
5262,Alexandria,White,Male,deleonjuan@example.net,001-896-147-3890x36482,17-11-97,Estate agent
5263,Sara,Cruz,Male,kent45@example.org,(715)660-5055x79623,7/10/2019,Mining engineer
5264,Malik,Esparza,Male,underwoodcole@example.org,113.711.7081x1734,2/11/2007,"Scientist, research (medical)"
5265,Penny,Cole,Male,woodsmark@example.com,+1-140-023-2129x173,16-04-36,Advertising copywriter
5266,Tammy,Bradshaw,Female,kbush@example.org,+1-116-707-7564x335,24-08-28,Air cabin crew
5267,Angelica,Velazquez,Female,castillodarrell@example.com,964.104.7557x3383,24-10-71,"Journalist, magazine"
5268,Barry,Ballard,Male,holdenricardo@example.net,(126)372-7083x00457,21-07-38,Nutritional therapist
5269,Maurice,Sanford,Female,danielle27@example.net,650.410.5733x8710,20-03-84,"Development worker, community"
5270,Jorge,Salinas,Male,keithramirez@example.net,(439)874-2085,19-06-31,Electrical engineer
5271,Cindy,Riddle,Male,toniburns@example.org,+1-537-183-9105x6970,22-08-44,"Geologist, wellsite"
5272,Suzanne,Nicholson,Male,kristamalone@example.com,(422)947-2587,15-11-21,Dentist
5273,Ruth,Jensen,Male,epadilla@example.net,001-961-107-4911x613,2/3/1980,"Scientist, water quality"
5274,Carly,Clark,Female,barry49@example.org,950.830.7004x1863,17-04-86,Quantity surveyor
5275,Linda,Simon,Male,gerald50@example.net,554.836.4543x146,11/12/1975,Secretary/administrator
5276,Stuart,Stark,Female,joanne44@example.com,786.105.7043x2520,27-09-39,Chiropodist
5277,Gabriella,Nixon,Female,marissa14@example.com,001-295-138-6417x336,15-04-23,"Engineer, building services"
5278,Bobby,Dodson,Female,yvonnemacdonald@example.net,326.851.0923x8356,13-06-65,Operational researcher
5279,Travis,Maddox,Male,moorebrendan@example.com,+1-805-345-2570x66823,19-09-77,Meteorologist
5280,Bryce,Mahoney,Female,silvajermaine@example.org,(754)037-3940x988,3/8/2005,Comptroller
5281,Martin,Summers,Female,zthornton@example.net,-854,13-09-36,Prison officer
5282,Cody,Howard,Female,rhonda54@example.org,(286)975-9366,12/11/2021,Clinical embryologist
5283,Kristie,Joseph,Female,shieldsbill@example.org,(434)134-8488x568,28-05-41,Multimedia specialist
5284,Alec,Ayala,Male,sherrikim@example.org,(446)105-3281x853,3/1/2047,"Buyer, retail"
5285,Patty,Gonzales,Male,kari76@example.org,555.792.9296x1385,23-01-02,"Psychologist, forensic"
5286,Francis,Vance,Male,iharrell@example.net,001-767-939-1997x5797,22-12-60,"Journalist, newspaper"
5287,Kari,Keller,Male,lawrence23@example.net,114.919.3477x26111,28-09-37,Broadcast journalist
5288,Fernando,Vaughan,Female,desireeavery@example.org,(332)002-5414,24-09-36,Equality and diversity officer
5289,Cristina,Scott,Male,baldwinlindsay@example.org,342.827.2167x498,3/1/1950,Trading standards officer
5290,Zoe,Prince,Female,brandivalenzuela@example.net,(670)469-5684x41501,16-11-39,"Education officer, museum"
5291,Joy,Miranda,Male,stevekaufman@example.net,762.527.6316,12/6/2024,"Psychologist, educational"
5292,Peggy,Wheeler,Male,ugregory@example.net,376.676.1609x2372,8/7/2015,Medical secretary
5293,Cathy,Ayers,Male,alisonglenn@example.net,5483676467,15-04-46,"Investment banker, corporate"
5294,Alexandria,Terrell,Female,lecurtis@example.net,2089052153,16-04-26,Diagnostic radiographer
5295,Levi,Ware,Female,ssampson@example.com,199-931-3135,20-07-53,Tourism officer
5296,Tom,Mercado,Female,darin96@example.net,(456)122-4196x55855,8/11/2040,"Restaurant manager, fast food"
5297,Geoffrey,Hodges,Female,bdaniels@example.net,361.582.8895x34496,5/1/1975,Optometrist
5298,Jenny,Dean,Female,vcowan@example.org,212-107-4712,18-10-70,Interior and spatial designer
5299,Sarah,Villa,Female,joanne53@example.net,+1-762-421-4434x51706,17-03-96,Management consultant
5300,Brittany,Murphy,Female,poolekatie@example.com,001-923-317-6106,7/7/1950,"Engineer, building services"
5301,Jordan,Black,Female,miguelbarajas@example.com,(348)503-9843x9418,5/7/1959,Regulatory affairs officer
5302,Madison,Savage,Male,frenchrandall@example.com,+1-914-641-0766x07761,23-07-17,Arts development officer
5303,Crystal,Mcclain,Female,terrellstacey@example.com,+1-888-554-4950x26046,21-03-10,"Secretary, company"
5304,Carla,Mckenzie,Female,miguel60@example.net,(623)308-4323,26-06-07,Medical physicist
5305,Keith,Moon,Male,tyrone73@example.com,(254)940-6650x72131,30-08-03,Air cabin crew
5306,Jodi,Schneider,Female,pottsmarie@example.com,(586)692-1931x907,28-01-96,"Scientist, clinical (histocompatibility and immunogenetics)"
5307,Paige,Reyes,Female,mercedesnoble@example.net,001-304-610-4085x8733,29-01-78,Stage manager
5308,Margaret,Carlson,Male,bruce29@example.net,+1-765-450-0454x360,22-04-81,Careers adviser
5309,Dorothy,Kennedy,Male,hayden79@example.org,+1-065-325-1804x5688,30-03-63,Community education officer
5310,Kristen,Barrera,Male,lonnie68@example.com,001-755-283-8527x7407,29-05-63,Film/video editor
5311,Carla,Riddle,Male,xreynolds@example.com,+1-291-413-7506x2200,23-03-56,Dramatherapist
5312,Destiny,Hooper,Female,cassieandersen@example.org,417.313.6794x45386,18-10-52,"Journalist, broadcasting"
5313,Gary,Bryant,Male,joy12@example.net,181.220.2527,20-08-08,Commercial horticulturist
5314,Andrew,Ortiz,Male,dkane@example.com,001-127-581-4788x3620,12/8/1982,"Teacher, music"
5315,Harold,Chung,Male,herbert85@example.org,748-019-3946,3/6/1958,Clinical biochemist
5316,Maxwell,Thompson,Male,randydelacruz@example.com,072-458-5138,30-11-70,Communications engineer
5317,Susan,Kirk,Female,woodarddorothy@example.org,+1-715-907-3384x0409,12/10/2006,Artist
5318,Shannon,Trevino,Female,lsanders@example.net,001-873-105-0859,23-05-21,"Investment banker, corporate"
5319,Alison,Howell,Male,paul01@example.com,(376)427-7185,16-10-96,"Production assistant, television"
5320,Taylor,Arnold,Male,franceslucas@example.com,(545)526-2796,26-12-16,Chiropractor
5321,Marc,Morton,Female,kentmoyer@example.com,001-197-428-4126x367,2/5/1960,Marketing executive
5322,Jeffery,Lindsey,Female,mcdonaldhannah@example.org,756-851-0053,21-10-44,Contractor
5323,Lance,Colon,Male,xpalmer@example.org,544-246-6146,28-11-16,Health physicist
5324,Tanner,Weaver,Male,tinahoffman@example.org,075-384-1337x854,19-09-71,Patent attorney
5325,Daryl,Suarez,Female,hickmanjoe@example.com,(080)789-6385,25-09-04,"Therapist, art"
5326,Marilyn,Fischer,Male,castrokendra@example.com,001-416-162-7303,28-08-62,Regulatory affairs officer
5327,Kent,Shannon,Female,brandtpenny@example.net,001-861-393-8536x07182,5/8/2015,Nature conservation officer
5328,Cameron,Pace,Male,allenguerrero@example.net,633-392-3186x914,11/3/2029,Planning and development surveyor
5329,Anne,Owens,Male,caleb15@example.com,9708544590,18-10-28,Video editor
5330,Traci,Rowland,Female,curtis32@example.net,001-828-348-7309,3/8/1991,Structural engineer
5331,Colin,Flynn,Female,frankwarren@example.com,377-757-3724x133,29-12-96,Print production planner
5332,Kathy,Hunt,Female,chankaren@example.net,(869)371-2612,1/12/2008,"Scientist, research (maths)"
5333,Alvin,Mason,Male,hullwendy@example.org,607-426-4526x38793,2/1/2014,Early years teacher
5334,Cassidy,Lester,Male,mario42@example.org,382-972-1167x2475,10/8/1999,Product designer
5335,Russell,Yang,Female,dunnnorma@example.net,+1-606-740-2299x8956,6/4/1954,"Surveyor, minerals"
5336,Madison,Norton,Female,rhouston@example.com,+1-036-440-6721x890,6/9/1989,Armed forces technical officer
5337,Douglas,Chase,Male,scottsampson@example.net,405.892.7685,9/5/2023,Barista
5338,Krista,Duncan,Male,anadixon@example.com,951.053.8244,3/6/2017,"Psychologist, prison and probation services"
5339,Diane,Rose,Male,vickimccall@example.org,968-399-7551x08395,30-09-27,"Nurse, adult"
5340,Cristian,Maldonado,Male,kim49@example.com,001-112-048-3295x6416,15-01-84,Special educational needs teacher
5341,Sophia,Peterson,Male,hayleyfischer@example.com,409-318-4438,15-06-08,Retail manager
5342,Alexa,Banks,Male,michealhorne@example.com,-6183,30-08-39,Radiation protection practitioner
5343,Bruce,Solomon,Male,armstronggregory@example.net,876.303.9442x39352,5/5/2003,IT consultant
5344,Jacqueline,Macias,Female,qparker@example.org,576-870-5394x3071,24-09-29,"Designer, industrial/product"
5345,Katie,Harrell,Male,mallorybarnes@example.com,+1-402-925-5357x30338,29-08-00,Academic librarian
5346,Allison,Nelson,Female,heidiflores@example.com,9005067306,4/11/2047,Regulatory affairs officer
5347,Kristine,Moran,Male,sototammie@example.com,304-903-2924,3/9/2013,Facilities manager
5348,Martin,Sexton,Female,ogarrett@example.com,(980)735-0416,10/6/2012,Personal assistant
5349,Hector,Byrd,Female,watkinsjose@example.net,071-325-1262,5/7/1993,Web designer
5350,Erica,Hansen,Female,hammondalvin@example.org,341.142.7584x110,6/12/2008,Chief of Staff
5351,Craig,Hayden,Male,bauerroberta@example.com,(749)530-1858x50052,26-09-33,"Surveyor, land/geomatics"
5352,Grace,Fowler,Female,francisco00@example.com,+1-393-911-7368x63931,25-03-73,Analytical chemist
5353,Jeffrey,Campos,Male,diana24@example.org,185.169.2960x117,12/2/2041,Community development worker
5354,Sarah,Mooney,Male,denisehammond@example.org,016.903.3443x547,8/6/1986,Medical illustrator
5355,Drew,Frederick,Male,lpollard@example.org,(621)385-8934x447,10/1/1990,Physiotherapist
5356,Kenneth,Ellison,Female,adrianraymond@example.com,691.274.8034x2072,7/12/1998,Acupuncturist
5357,Tasha,Horn,Female,ashleyreginald@example.com,+1-595-378-4668x856,28-01-77,Dispensing optician
5358,Jeanne,Benitez,Female,barrpaula@example.net,+1-063-501-5339x9241,19-06-57,Fashion designer
5359,Destiny,Pugh,Female,reyesphyllis@example.net,418.627.9242,25-06-31,Theatre manager
5360,Vickie,Carr,Female,levipatrick@example.com,001-994-294-9398x90279,13-10-66,Housing manager/officer
5361,Stanley,Odonnell,Male,ywilkins@example.org,133-430-1788x22187,30-12-49,Homeopath
5362,Lucas,Farrell,Male,ksexton@example.org,244.131.2186x601,9/10/2021,Immunologist
5363,Sheena,Parker,Female,scottjuan@example.com,(344)936-5090x1150,21-07-81,"Research officer, political party"
5364,Kristin,Stevens,Female,rblack@example.org,001-656-896-5718x842,17-01-70,Press sub
5365,Jesse,Dixon,Female,xortiz@example.net,822.318.9376x16369,21-01-70,Dispensing optician
5366,Kellie,Bird,Female,dominiquedurham@example.com,961-102-3140,17-07-91,Press photographer
5367,Monique,Sexton,Male,geraldgreene@example.org,(492)929-6118,21-07-74,"Designer, jewellery"
5368,Logan,Boyer,Male,zwatts@example.net,+1-393-557-7336x3764,3/12/1998,Landscape architect
5369,Lori,Figueroa,Female,eileen28@example.net,001-887-033-0248x188,16-02-20,Art therapist
5370,Olivia,Spencer,Male,sfox@example.com,(799)748-8861x7117,11/7/1992,"Librarian, academic"
5371,Cory,Hickman,Male,autumnsantos@example.net,865.579.3456x42310,5/9/2023,"Research officer, government"
5372,Stacie,Galvan,Female,claudiahouse@example.net,652.361.5474,23-12-06,Sales promotion account executive
5373,Christina,Dean,Female,achang@example.net,(776)101-4153x0718,27-08-66,"Surveyor, insurance"
5374,Ricky,Fields,Male,franciscoellison@example.net,973.101.8536,12/11/2040,Neurosurgeon
5375,Howard,Hines,Female,james96@example.net,-11182,31-10-17,Astronomer
5376,Gwendolyn,Dickson,Female,gabrielacordova@example.com,+1-736-081-3366x31647,11/5/2001,"Designer, television/film set"
5377,Nicolas,Aguilar,Female,sheila94@example.com,8694122268,29-03-03,Chief Operating Officer
5378,Jade,Yang,Female,gabriellashepard@example.org,298028132,6/1/1991,Dealer
5379,Rachel,Dougherty,Male,idouglas@example.com,1590638524,24-06-05,Advertising copywriter
5380,Marissa,Levy,Female,amberwheeler@example.org,+1-966-840-2172x203,23-04-39,Media buyer
5381,Phyllis,Hooper,Female,jeffrey03@example.net,001-444-351-3331,28-01-42,Solicitor
5382,Aaron,Hansen,Male,miaerickson@example.com,917-395-5480,8/2/2020,Radiation protection practitioner
5383,Angela,Short,Male,cwoodward@example.net,001-597-569-1933x88182,25-12-36,"Engineer, water"
5384,Abigail,Oliver,Female,alec09@example.net,3069449744,13-09-19,"Buyer, retail"
5385,Tracie,Good,Female,angela48@example.org,+1-496-731-5533x062,8/9/1992,Planning and development surveyor
5386,Willie,Garcia,Male,kelli87@example.com,(666)165-1087x130,5/5/2002,Research scientist (maths)
5387,Brent,Day,Female,brianamann@example.com,1694272114,5/9/2021,Clinical psychologist
5388,Destiny,Middleton,Male,dennisamber@example.org,024-243-9226,29-06-13,Chief Financial Officer
5389,Evelyn,Hunt,Male,ychen@example.org,+1-894-990-3219x208,27-12-50,Water quality scientist
5390,Luke,Goodwin,Male,johnstonlucas@example.com,001-823-310-7475x68491,13-10-12,"Teacher, early years/pre"
5391,Glen,Hanson,Female,jmcdonald@example.com,-3890,11/2/2046,Publishing copy
5392,Ian,Cooke,Male,alfred66@example.com,001-147-117-3111,12/6/2007,Pharmacologist
5393,Sara,Figueroa,Female,cobbkathleen@example.org,001-414-400-4179x58777,22-08-26,Radio broadcast assistant
5394,Lydia,Ramsey,Female,pedrocontreras@example.net,928.928.0445,23-08-94,"Therapist, music"
5395,Cristian,Reid,Female,devans@example.org,001-077-449-3058x353,6/3/1968,Advertising copywriter
5396,Jim,Davies,Male,nliu@example.com,(795)184-8616x6717,12/12/2009,Building surveyor
5397,Phyllis,Callahan,Male,aimeeparrish@example.net,+1-404-149-3346x61071,28-05-07,Artist
5398,Roy,Livingston,Female,ferrelllawrence@example.net,-9698,8/2/2048,Planning and development surveyor
5399,Jeanne,Ruiz,Female,fwilkinson@example.net,+1-233-139-9791x1294,26-12-30,"Editor, commissioning"
5400,Shawna,Mays,Male,devon18@example.org,001-575-472-8927x91043,18-03-17,Advertising account planner
5401,Jill,Kaiser,Female,deckerbriana@example.org,(863)070-5512x618,4/11/1994,Chartered legal executive (England and Wales)
5402,Erika,Rowland,Male,bakermackenzie@example.com,(041)192-8065x0021,1/5/2009,TEFL teacher
5403,Alexa,Underwood,Female,leesalinas@example.com,135-489-1360x57399,28-01-82,Insurance broker
5404,Darren,Cortez,Female,arielmeza@example.com,7538794930,9/12/2015,Biomedical engineer
5405,Arthur,Estrada,Male,hoodlisa@example.net,+1-823-612-4852x596,11/2/1967,Medical physicist
5406,Paula,Barrett,Male,hopkinseddie@example.org,(198)603-5643,12/1/1978,"Engineer, communications"
5407,Franklin,Mullins,Female,monroeclaire@example.com,-10710,12/4/2013,Chartered certified accountant
5408,Alexander,Hansen,Female,dmcgrath@example.com,4136686458,23-05-04,Ambulance person
5409,Roberto,Dalton,Female,marisahumphrey@example.net,864.336.3219x8324,13-12-79,Commissioning editor
5410,Danielle,Herring,Male,cynthia83@example.com,579-172-1155x72431,30-07-72,Claims inspector/assessor
5411,Clinton,Navarro,Female,wiseholly@example.com,785.081.1502,29-12-30,"Editor, commissioning"
5412,Todd,Avila,Male,jeanette57@example.com,001-642-110-0917x311,29-12-13,Multimedia programmer
5413,Katelyn,Chan,Female,coreyyu@example.com,-3083,8/7/2049,"Nurse, children's"
5414,Jill,Rowland,Female,hinesgloria@example.com,195.967.6101,23-05-67,Pensions consultant
5415,Carla,Mccoy,Female,beth00@example.com,001-204-494-0319x45369,7/6/2014,"Conservation officer, nature"
5416,Lucas,Villanueva,Female,sharonroth@example.net,929.134.4543x05057,5/4/1990,Chief Executive Officer
5417,Brandi,Carroll,Male,igillespie@example.org,475.728.7824x370,10/5/1991,Logistics and distribution manager
5418,Valerie,Ellison,Male,allenjensen@example.com,796.525.8030,10/9/2015,Adult nurse
5419,Julian,Mckinney,Male,jorgegay@example.com,617-736-5898x59572,20-04-95,"Surveyor, building control"
5420,Veronica,Rojas,Female,sawyerluis@example.com,(078)505-1365x9305,16-10-68,"Geneticist, molecular"
5421,Abigail,Gonzalez,Male,clairezuniga@example.net,622.983.5727,1/1/1999,Licensed conveyancer
5422,Leslie,Bonilla,Female,juliehuynh@example.net,(927)085-2970x637,8/10/2041,Human resources officer
5423,Shelia,Barajas,Male,mckenzie21@example.org,490-161-1613,19-06-55,Chiropodist
5424,John,Vaughan,Male,hectordelacruz@example.com,+1-672-538-4442x8744,14-03-11,Financial manager
5425,Roberto,Cochran,Female,larsenclaudia@example.com,4373538452,7/1/2037,Maintenance engineer
5426,Sheena,Mckenzie,Male,xdavies@example.net,(430)351-9426x396,27-09-14,Air broker
5427,George,Everett,Female,kaitlinhaas@example.org,001-132-465-9226,14-08-15,"Therapist, art"
5428,Johnny,Owen,Female,tara96@example.com,001-427-314-9694x26732,24-09-19,Legal executive
5429,Lorraine,Knox,Female,fritzshawna@example.org,313.677.6588x5462,3/2/2030,"Nurse, adult"
5430,Sara,Avila,Male,julia80@example.org,448-877-2567x2690,6/5/2018,Glass blower/designer
5431,Priscilla,Wells,Female,bergjulia@example.net,371-434-9960,23-04-35,Air traffic controller
5432,Selena,Cox,Female,mullinsjon@example.com,+1-466-781-2599x393,29-07-24,Broadcast presenter
5433,Casey,Fitzpatrick,Male,rstanton@example.org,234-018-5836,15-02-39,"Designer, graphic"
5434,Krystal,Nixon,Male,hollowaycasey@example.net,(730)236-8969x618,9/2/2023,Industrial/product designer
5435,Taylor,Cisneros,Female,ricardo98@example.com,001-607-240-7006x584,14-12-43,Geophysical data processor
5436,Kristi,Barnett,Female,bryanstark@example.net,-9928,29-10-71,Fish farm manager
5437,Tabitha,Webb,Female,thomasgabriela@example.net,808-665-9668x311,31-07-81,Television camera operator
5438,Javier,Ford,Female,rmcbride@example.org,(428)286-8269x210,3/2/2046,Estate manager/land agent
5439,Maxwell,Mayer,Female,frances58@example.net,+1-275-342-1874x965,17-06-19,Race relations officer
5440,Micheal,Delgado,Female,helenschwartz@example.org,(010)602-0618x882,31-10-42,Occupational psychologist
5441,Cassidy,Maddox,Female,mcintyremelanie@example.com,001-054-250-4239x6866,9/7/1995,Occupational psychologist
5442,Bailey,Hodges,Male,tinabrooks@example.com,376-853-2602,18-08-65,"Engineer, manufacturing systems"
5443,Eddie,Stewart,Male,lealexandra@example.org,199-923-8950x05364,14-11-41,Herbalist
5444,Denise,Marshall,Female,lwalker@example.net,439-706-1332x1962,31-03-99,"Surveyor, rural practice"
5445,Preston,Holmes,Female,leeobrien@example.com,948-325-0244x53999,26-06-83,Accommodation manager
5446,Misty,Mckee,Female,timothyreid@example.org,421.205.8384x73640,24-11-46,Analytical chemist
5447,Catherine,Shepard,Female,travis73@example.org,001-228-074-3000x7995,18-08-92,"Therapist, sports"
5448,Gabriel,Reeves,Female,toddgloria@example.com,-5521,15-01-31,Archivist
5449,Gordon,Barr,Female,kschneider@example.org,5274085869,8/7/1959,Stage manager
5450,Bonnie,Larsen,Male,yolandacallahan@example.com,(964)389-7202x2141,9/1/1966,"Nurse, learning disability"
5451,Kristie,Rivera,Female,gmartinez@example.com,+1-474-758-3160x6244,2/10/2020,Stage manager
5452,Tanya,Tanner,Male,kpatton@example.net,831.423.6377x931,27-03-07,Web designer
5453,Luke,Gray,Female,judith66@example.org,+1-920-855-1551x135,21-02-15,Software engineer
5454,Xavier,Glover,Male,dustineaton@example.net,353.699.2843,15-08-96,Occupational psychologist
5455,Debbie,Small,Male,owiggins@example.net,-8185,23-10-09,Careers information officer
5456,Dennis,Patton,Female,warren90@example.com,419.080.3169x6474,12/1/2035,"Horticulturist, amenity"
5457,Brittney,Kent,Female,kwells@example.net,(951)484-0107x29692,22-10-16,Seismic interpreter
5458,Scott,Melendez,Male,faith62@example.com,5644227433,29-03-29,Drilling engineer
5459,Regina,Howe,Male,ugill@example.net,(594)045-1382x47900,23-05-10,Product/process development scientist
5460,Francis,Charles,Female,robert66@example.com,001-178-684-6544x8212,28-10-91,"Merchandiser, retail"
5461,Kerri,Blevins,Male,trasmussen@example.org,+1-063-327-8398x5620,23-09-74,Risk analyst
5462,Barry,Dominguez,Female,hhuynh@example.net,(479)595-6124,1/6/1993,Trading standards officer
5463,Taylor,Conner,Male,vickie55@example.net,5534231375,4/8/2040,"Therapist, sports"
5464,Gregory,Wolfe,Male,ashlee22@example.org,001-704-875-1511x529,28-04-39,"Surveyor, insurance"
5465,Erica,Diaz,Female,spencermckay@example.com,001-349-721-9825x44523,22-09-81,Exercise physiologist
5466,Makayla,Rivera,Female,lcaldwell@example.org,001-181-300-4892x510,8/8/2010,Retail buyer
5467,Kerri,Beard,Female,brewerpam@example.com,+1-092-483-3479x828,27-05-35,"Lighting technician, broadcasting/film/video"
5468,Oscar,Valentine,Male,maddenbethany@example.com,(324)149-3467x0622,20-08-56,"Production assistant, radio"
5469,Kellie,Foster,Male,jill88@example.org,914.453.9017,21-11-24,"Exhibitions officer, museum/gallery"
5470,Randy,Fernandez,Female,barreraisaac@example.org,(677)417-4459x47990,18-10-19,Building services engineer
5471,Toni,Andrade,Male,darylgill@example.org,001-561-517-1612,12/10/1970,Call centre manager
5472,Wendy,Frederick,Female,dariusshaw@example.org,001-811-327-0676x69444,23-07-35,Commercial/residential surveyor
5473,Martin,Santana,Male,ocox@example.com,024.619.9323x566,28-12-11,Magazine features editor
5474,Valerie,Gonzalez,Female,rschwartz@example.com,302.441.3992x59163,29-12-36,"Engineer, communications"
5475,Paula,Collier,Male,lucascarmen@example.com,417-100-8380,30-10-67,"Clinical scientist, histocompatibility and immunogenetics"
5476,Wayne,Meza,Male,claudiavincent@example.net,001-267-889-6401x7128,29-10-71,Call centre manager
5477,Grace,Ryan,Female,cmueller@example.org,+1-917-066-0557x895,24-03-45,Sport and exercise psychologist
5478,Dalton,Richmond,Female,mboyle@example.org,8214079617,25-04-29,Control and instrumentation engineer
5479,Haley,Wilkinson,Female,deborahsexton@example.com,001-273-961-3801x6466,7/8/2005,Wellsite geologist
5480,Debbie,Rose,Female,xbuchanan@example.com,-4233,24-12-03,"Presenter, broadcasting"
5481,Jonathon,Meadows,Female,pjohns@example.com,057-630-2794x665,16-10-38,Drilling engineer
5482,Sherry,Lambert,Male,gallowayangela@example.com,(266)835-6028,28-11-67,Dramatherapist
5483,Angela,Huynh,Male,mayspreston@example.net,007.072.2418,21-02-36,Chemical engineer
5484,Kelli,Burnett,Male,patrickzhang@example.net,2253422048,29-01-32,"Designer, furniture"
5485,Edwin,Barton,Female,debbie87@example.net,835506313,11/5/2046,"Scientist, research (physical sciences)"
5486,George,Hull,Female,cristinamccullough@example.net,863-046-9155,4/8/1977,Intelligence analyst
5487,Timothy,Stephenson,Male,kperez@example.com,495-931-6920x914,1/10/2031,Multimedia specialist
5488,Juan,Baldwin,Female,fvelez@example.com,047-881-1327,28-04-11,IT technical support officer
5489,Joann,Berry,Female,gprice@example.net,3318886064,23-05-95,Nature conservation officer
5490,Jody,Galloway,Male,biancamay@example.org,228-371-8887x7662,26-12-35,Diplomatic Services operational officer
5491,Lauren,Cortez,Female,terrymooney@example.org,3421050241,28-03-55,Insurance broker
5492,Andrea,Mosley,Male,fcarey@example.com,+1-746-740-9022x580,25-10-99,Forest/woodland manager
5493,Alfred,Mullins,Male,schneidershari@example.com,529.227.8959x918,4/1/1979,Research scientist (physical sciences)
5494,Bruce,Moyer,Female,marilynhester@example.net,400.921.9377x7790,17-07-93,"Psychologist, forensic"
5495,Judith,Newton,Male,wandadaniel@example.org,775-325-3943x58857,8/7/1961,"Engineer, maintenance"
5496,Caitlin,Maddox,Female,colinosborn@example.org,7610772766,6/12/2016,Risk manager
5497,Kerry,Bennett,Male,neilbryan@example.org,370.636.4951x960,9/4/1969,Television/film/video producer
5498,Katrina,Ewing,Male,davisbrett@example.com,001-830-348-6715x164,8/12/2010,Pensions consultant
5499,Evan,Shelton,Male,nstrickland@example.com,316.193.5322x3333,29-07-42,Licensed conveyancer
5500,Margaret,Hughes,Male,narmstrong@example.org,001-766-935-4527x9725,10/6/2011,Speech and language therapist
5501,Kristina,Simon,Male,amerritt@example.net,(688)822-6046x7278,6/12/1970,"Engineer, petroleum"
5502,Kristin,Bray,Male,john13@example.net,131.674.1878,22-11-61,Magazine journalist
5503,Jessica,Bates,Female,stephenalvarez@example.net,001-968-079-6487x302,9/1/1992,"Engineer, communications"
5504,Xavier,Tanner,Male,mknapp@example.net,338-512-6285x08448,10/3/2012,"Teacher, music"
5505,Katie,Valencia,Female,lcuevas@example.net,001-868-183-2827,13-06-79,"Scientist, research (maths)"
5506,Martin,Wade,Female,gainesalexandria@example.com,(082)818-0444x067,26-08-21,"Engineer, technical sales"
5507,Cynthia,Lutz,Female,pricecaroline@example.com,389.804.4211,10/5/2017,Financial planner
5508,Damon,Mccullough,Male,gwendolynmathews@example.com,965.835.8804,12/1/2022,Psychiatric nurse
5509,Vickie,Hartman,Female,megancannon@example.net,317.796.6136x4585,3/12/2018,"Education officer, museum"
5510,Jared,Newman,Male,jorivera@example.com,243-651-8705,4/7/1999,Petroleum engineer
5511,Veronica,Bradford,Male,jorge54@example.com,9293658548,1/8/1977,Production manager
5512,Evan,Haynes,Female,morsecurtis@example.com,-3540,11/12/1953,Industrial/product designer
5513,Sharon,Terry,Female,waredarius@example.net,+1-275-929-7905x99462,22-01-25,Chartered management accountant
5514,Philip,Collins,Female,gtucker@example.com,001-275-976-6363x0893,6/9/1987,Information systems manager
5515,Latasha,Quinn,Male,gatesdonald@example.net,259.107.8238,26-03-95,Magazine journalist
5516,Dan,Stephens,Male,bergerjesus@example.net,271-515-8148x0442,27-10-59,Drilling engineer
5517,Heather,Hammond,Male,pattywolf@example.net,936.197.5510,3/5/2001,Health and safety adviser
5518,Erin,Barker,Male,madeline75@example.net,(633)196-3907x860,2/7/2033,"Programmer, multimedia"
5519,Mia,Rosales,Male,parkerchang@example.net,+1-790-999-7303x83727,10/7/1966,Quarry manager
5520,Evan,Howard,Male,staceyandersen@example.net,420.320.2951x2480,1/3/2041,Air cabin crew
5521,Guy,Sellers,Female,bmercado@example.net,001-527-935-5264,28-10-52,Rural practice surveyor
5522,Trevor,Patterson,Male,tammiescott@example.net,+1-562-807-0625x29369,6/10/1983,"Scientist, research (maths)"
5523,Molly,Yang,Male,dominic08@example.net,(480)511-2716,12/2/1952,"Programmer, multimedia"
5524,Edgar,Dodson,Female,jasmine67@example.org,(961)502-5050,11/2/1961,"Administrator, sports"
5525,Brianna,Lynch,Female,bgray@example.com,443-168-2660x33722,26-09-35,"Engineer, broadcasting (operations)"
5526,Veronica,Austin,Female,makayla14@example.net,407.669.7557,20-11-01,Dance movement psychotherapist
5527,Darius,Jimenez,Female,vbridges@example.org,7346665307,21-08-27,"Surveyor, building"
5528,Gerald,Wilkerson,Female,vickie97@example.com,+1-754-020-4205x70059,7/1/2022,Landscape architect
5529,Gail,Frank,Female,rshea@example.net,+1-265-847-7931x9383,2/5/1984,Police officer
5530,Tamara,Chan,Male,wfitzpatrick@example.org,7110582994,25-05-55,Secretary/administrator
5531,Mackenzie,Clark,Male,twoodard@example.net,+1-292-524-8583x139,1/6/2012,Arts administrator
5532,Summer,Vincent,Male,robleslouis@example.org,001-175-636-4469,28-04-04,Phytotherapist
5533,Lisa,Trevino,Female,mcphersoncarl@example.com,+1-975-339-7140x84511,9/6/1963,Conference centre manager
5534,Chad,Robles,Male,deannahouston@example.com,-9594,1/1/2024,Naval architect
5535,Dominique,Blankenship,Female,joeldavis@example.org,173.310.6719x21281,18-03-67,Transport planner
5536,Lynn,Chan,Female,castroruth@example.net,107.428.7304,15-05-94,Careers adviser
5537,Tabitha,Christian,Male,vschwartz@example.org,001-902-756-8628,10/1/2023,Senior tax professional/tax inspector
5538,Andrew,Velazquez,Female,mollysingh@example.org,517-437-3807x24671,13-08-47,"Librarian, academic"
5539,Ernest,Hunter,Male,davisjulia@example.net,264.260.2099,22-06-68,Podiatrist
5540,Walter,Spencer,Female,umadden@example.org,5900666692,9/6/1953,"Designer, graphic"
5541,Dawn,Hicks,Female,hebertmindy@example.com,753.087.5153x21133,9/5/1983,Midwife
5542,Ernest,Liu,Male,bruceboyle@example.net,449.899.8501,26-01-03,Special educational needs teacher
5543,Rachael,Atkinson,Male,derrick57@example.com,(900)608-4514,4/4/2012,"Development worker, international aid"
5544,Frederick,Morton,Female,proctorvictor@example.com,001-809-397-9632,19-01-71,Dance movement psychotherapist
5545,Rose,Best,Male,loretta74@example.com,001-049-335-0341x688,4/12/1997,Training and development officer
5546,Kathy,Berry,Female,gaineslevi@example.com,200-639-6580,21-09-25,"Engineer, agricultural"
5547,Evelyn,Cooper,Male,bmosley@example.org,(071)559-6527x08413,16-10-50,Equality and diversity officer
5548,Tara,Crosby,Male,eileenponce@example.org,(974)579-7907x98035,23-07-86,"Accountant, chartered certified"
5549,Jocelyn,Obrien,Male,phillipsmarilyn@example.org,-10044,23-07-75,"Research officer, government"
5550,Lawrence,Gibbs,Female,ochoamario@example.net,(857)133-8627,12/8/2011,Health and safety inspector
5551,Whitney,Baldwin,Male,vmeza@example.net,(181)279-0648x713,26-04-15,Merchant navy officer
5552,Mark,Mercer,Female,fernando48@example.com,171.683.8700,22-10-15,"Pilot, airline"
5553,Debra,Copeland,Male,chelseygalloway@example.org,001-037-169-4373x6553,20-11-06,"Surveyor, planning and development"
5554,Kristin,Bridges,Male,nina09@example.com,001-994-538-8208x0671,9/8/2033,Firefighter
5555,Kristine,Leonard,Female,ohobbs@example.com,-5952,20-05-49,"Engineer, maintenance"
5556,Kim,Monroe,Female,wwells@example.org,+1-654-846-2612x3497,10/11/1960,Arts development officer
5557,Randy,Bowen,Female,kochheather@example.net,740-571-0799x8752,4/5/2008,Futures trader
5558,Christopher,Cuevas,Male,scott73@example.com,(781)125-4443x3714,23-06-16,"Administrator, arts"
5559,Collin,Mcclure,Male,jacksonnoah@example.org,888.261.9162x691,10/8/1970,Nutritional therapist
5560,Jennifer,Acosta,Female,judithmeza@example.com,+1-449-423-4155x61245,14-04-76,"Engineer, broadcasting (operations)"
5561,Brandy,Pruitt,Female,longrobert@example.net,+1-661-192-0420x9248,1/10/2034,Operational researcher
5562,Isabella,Cannon,Female,hessdale@example.com,001-376-726-3687x065,1/8/2046,Higher education lecturer
5563,Ronald,Rowe,Female,brycesweeney@example.com,-4648,10/1/2010,"Lecturer, further education"
5564,Joe,Cooley,Male,eroth@example.com,(356)309-0023x43655,1/8/2037,Health promotion specialist
5565,Leonard,Hood,Female,xfuentes@example.com,861-024-9798,18-11-05,Audiological scientist
5566,Judith,Osborn,Female,cathymarshall@example.org,+1-425-588-9476x79143,5/12/1986,Marine scientist
5567,Daryl,Hodges,Female,darinmclaughlin@example.org,6133841161,13-11-30,"Engineer, maintenance (IT)"
5568,Tamara,Jordan,Male,gkline@example.com,1199168806,7/11/2029,Multimedia programmer
5569,Jack,Riggs,Female,renee11@example.net,3540270395,23-07-26,Police officer
5570,Ricardo,Boone,Male,dorisarias@example.org,698.296.5542x33948,5/10/2031,Art therapist
5571,Kirsten,Golden,Male,gabriel10@example.com,(643)427-1851,17-05-01,Games developer
5572,Penny,Malone,Male,perryhale@example.org,001-797-838-1063x69680,10/2/1990,Clinical research associate
5573,Kendra,Dillon,Female,janicebenson@example.org,+1-992-500-0682x75050,20-08-11,Trade union research officer
5574,Caitlyn,Branch,Male,kberger@example.com,000-695-0668,30-08-10,Arts administrator
5575,Steve,Shah,Male,guy44@example.net,180.503.7317x626,7/9/2011,Retail merchandiser
5576,Terri,Vaughn,Female,trujillocindy@example.com,+1-981-194-1770x344,5/11/1991,Art therapist
5577,Terrance,Mata,Male,latashabarnes@example.net,(383)092-7289,19-07-29,Exhibition designer
5578,Ann,Rivers,Female,freemanshelley@example.net,2869791052,27-06-37,Quality manager
5579,Andrea,Gonzalez,Female,leroy09@example.net,-4128,18-10-38,Operations geologist
5580,Stanley,Obrien,Female,kathy99@example.org,462.494.9160x26879,9/6/1965,Higher education lecturer
5581,Gail,Rosario,Male,gail97@example.net,365.274.0007x6735,7/8/1987,Print production planner
5582,Sergio,Gates,Male,stacy49@example.net,(169)268-2526x282,29-01-03,Charity fundraiser
5583,Clifford,Morton,Female,logancombs@example.net,785-459-7095,16-08-74,"Producer, television/film/video"
5584,Ray,Cole,Male,brodriguez@example.com,(564)933-9396,21-04-73,"Research officer, political party"
5585,Taylor,Howell,Male,gibsonbonnie@example.org,515.665.3242,13-12-34,Diplomatic Services operational officer
5586,Kerri,Hanson,Male,rebecca14@example.com,001-213-289-2000x114,15-12-60,Civil Service administrator
5587,Greg,Hartman,Female,emma21@example.com,(098)948-3637,1/5/2022,Merchant navy officer
5588,Leah,Coffey,Male,oscar74@example.net,001-083-256-1928x2064,9/2/2010,Set designer
5589,Levi,Peterson,Male,spearsalbert@example.org,+1-598-844-2031x716,20-02-09,Health and safety inspector
5590,Katherine,Parks,Female,annemorris@example.com,(864)689-1222,24-08-50,Psychiatric nurse
5591,Arthur,Adams,Female,christinakane@example.net,004.129.8981,1/9/2004,"Social research officer, government"
5592,Haley,Contreras,Female,manuel90@example.net,001-518-278-5420x7657,7/5/1976,Neurosurgeon
5593,Keith,Cordova,Male,rmora@example.org,001-999-487-8865x5517,21-02-28,Passenger transport manager
5594,Randall,Mullins,Female,rmorris@example.com,207.301.0297,8/10/2000,Best boy
5595,Elizabeth,Werner,Female,lrichmond@example.com,480.911.6495x63081,20-10-78,"Designer, blown glass/stained glass"
5596,Shari,Hurst,Female,nberg@example.org,142-876-7425x9073,20-12-53,Colour technologist
5597,Karina,Norton,Female,willisfernando@example.com,152.339.6520,8/11/2023,Educational psychologist
5598,Dakota,Romero,Female,tgallegos@example.com,001-605-996-1216x42340,11/6/2008,Mechanical engineer
5599,Wanda,Pruitt,Male,caroline51@example.com,(420)806-8527x445,3/7/2012,"Therapist, music"
5600,Jordan,Mathews,Female,sarah95@example.org,612.737.3060x64647,12/6/1994,"Psychologist, prison and probation services"
5601,Wyatt,May,Female,elittle@example.net,(266)468-2554x3749,22-10-21,Production engineer
5602,Allison,Hanna,Female,jaime15@example.net,(750)225-9842x1708,14-01-66,"Secretary, company"
5603,Kristin,Glass,Male,jasminejacobs@example.com,001-719-683-8085x75702,21-11-24,Sports development officer
5604,Mario,Pruitt,Male,nathanielmorris@example.net,7187806723,17-06-68,Information systems manager
5605,Reginald,Price,Male,lmathis@example.org,(305)884-5922x7001,30-01-17,Meteorologist
5606,Michele,Jennings,Male,twilkerson@example.net,9609571422,25-04-49,Archaeologist
5607,Kristine,Pittman,Male,rbanks@example.org,756-694-8168,13-12-16,Hydrogeologist
5608,Joanna,Schroeder,Female,xvasquez@example.org,+1-792-688-1970x102,5/7/1977,"Engineer, communications"
5609,Eileen,Hammond,Male,qturner@example.com,001-697-269-2403x02660,8/12/1999,Land
5610,Doris,Serrano,Male,osandoval@example.com,+1-162-142-4057x6946,27-03-26,Land/geomatics surveyor
5611,Terri,Henry,Female,javierbright@example.com,(536)435-7046,25-12-79,Medical laboratory scientific officer
5612,Matthew,King,Male,janewarren@example.org,(405)886-8597,23-09-42,Media planner
5613,Nancy,Welch,Female,jonathonschmidt@example.com,888.733.6598x12709,18-03-12,Fisheries officer
5614,Chris,Mora,Female,mossnathaniel@example.net,971.891.8990x703,27-11-13,Fine artist
5615,Ricky,Wells,Male,roy54@example.net,235-097-6232x0058,27-03-33,Commissioning editor
5616,Betty,Weber,Female,makayla63@example.net,436-199-7078x219,10/12/2033,"Education officer, environmental"
5617,Gregg,Orr,Male,madison12@example.org,-2001,28-11-01,Paramedic
5618,Vanessa,Harper,Male,stephensandoval@example.com,012-784-3937x8195,8/5/2030,Product manager
5619,Sandra,James,Male,tmadden@example.org,(078)202-6715x06182,19-04-86,Orthoptist
5620,Kristi,Soto,Male,rbowen@example.net,230-220-6263x651,7/8/2024,Charity officer
5621,Sara,Hubbard,Female,yhogan@example.net,(306)197-5810,18-12-70,"Civil engineer, contracting"
5622,Marvin,Fuentes,Female,wesleyharrison@example.com,276-237-5213,12/4/1991,Lexicographer
5623,Elaine,Tyler,Female,danielburke@example.com,(509)216-2619,13-06-80,Visual merchandiser
5624,Jenna,Vasquez,Male,bbenson@example.org,+1-609-569-0974x4547,28-06-19,Technical sales engineer
5625,Todd,Brock,Male,staceyperez@example.com,563-537-5969,27-10-90,Medical secretary
5626,Gloria,Irwin,Female,latoyajohnson@example.org,473.327.6199,21-10-94,Public librarian
5627,Patty,Bishop,Male,audreygibson@example.org,+1-192-701-1559x66952,27-10-81,Arts development officer
5628,Derrick,Mahoney,Female,ryanjenny@example.com,001-467-372-8270,10/2/1960,"Engineer, broadcasting (operations)"
5629,Wesley,Acosta,Male,twilkinson@example.org,378-109-3264x443,19-08-70,"Teacher, adult education"
5630,Spencer,Valencia,Male,vicki76@example.org,256-080-5231,31-07-89,Restaurant manager
5631,Katrina,Sosa,Female,vicki57@example.org,758.972.2371x124,3/4/1991,Fashion designer
5632,Robert,Davies,Male,rwhitaker@example.net,+1-672-602-5654x39347,13-04-79,Dance movement psychotherapist
5633,Ebony,Park,Female,jerryanthony@example.org,293.050.8649,18-08-02,Social researcher
5634,Sandra,Butler,Male,evanscott@example.org,-1415,8/8/2018,Film/video editor
5635,Jesse,Irwin,Male,marisaparsons@example.com,865.974.4611,10/7/2002,"Copywriter, advertising"
5636,Neil,Dougherty,Male,roachtanner@example.org,+1-407-266-3031x5175,9/5/1987,Museum/gallery exhibitions officer
5637,Calvin,Moss,Male,manuel55@example.org,204-489-0656x678,14-06-42,Soil scientist
5638,Brendan,Meyers,Female,vramsey@example.org,6008747885,22-02-48,"Designer, fashion/clothing"
5639,Destiny,Cruz,Male,montoyajenna@example.com,+1-691-158-8599x0754,16-09-99,Quality manager
5640,Karen,Cantu,Male,durhamedward@example.com,+1-932-753-1300x399,2/5/1958,Garment/textile technologist
5641,Leonard,Stout,Female,yorktheresa@example.org,837.013.7273x152,22-11-71,"Conservator, museum/gallery"
5642,James,Melendez,Female,morsemanuel@example.net,(251)018-4098x2406,22-04-53,Private music teacher
5643,Derek,Tyler,Female,roberta22@example.net,117-195-7010,18-07-53,Amenity horticulturist
5644,Joshua,Bush,Male,rachael23@example.org,206-881-2816,31-05-51,Production manager
5645,Tonya,Rojas,Male,justin79@example.net,230-741-3674x92488,22-09-18,Chief Strategy Officer
5646,Hayden,Hudson,Male,castroamanda@example.net,(545)625-2678x2149,7/10/2047,Ranger/warden
5647,Stacie,Sanchez,Male,ipierce@example.org,+1-172-894-1023x54119,12/10/1993,Dancer
5648,Carly,Jenkins,Female,dbright@example.org,001-980-197-5540x61443,20-12-54,Statistician
5649,Diana,Whitehead,Female,shellyromero@example.net,001-072-208-5643x5868,1/4/2021,Aeronautical engineer
5650,Sheryl,Simon,Male,sonya27@example.com,(420)054-5918,3/10/2015,Cartographer
5651,Ariana,Chavez,Male,marcia51@example.com,(505)158-6288x3659,19-11-49,Multimedia specialist
5652,Chelsea,Casey,Female,zyork@example.com,-8259,30-05-77,Tree surgeon
5653,Jackie,Mejia,Female,drakemartha@example.com,332-246-0671x44635,24-10-47,Accounting technician
5654,Antonio,Tate,Male,mblankenship@example.net,148.993.6896x999,11/11/2020,"Optician, dispensing"
5655,Aimee,Berry,Male,fpotts@example.com,(375)263-6285x138,23-06-21,Agricultural consultant
5656,Lynn,Wyatt,Male,darlene32@example.com,001-877-750-0954x92249,20-12-04,Medical sales representative
5657,Colin,Poole,Female,mollywoodard@example.org,+1-523-262-4414x7410,19-11-07,Passenger transport manager
5658,Ellen,Baird,Male,catherine02@example.com,001-272-238-3451x44296,22-06-67,Camera operator
5659,Willie,Cook,Male,smalltoni@example.net,(993)923-7566,24-02-52,Land/geomatics surveyor
5660,Priscilla,Madden,Female,ortizalvin@example.net,686-097-4622,15-02-26,"Nurse, adult"
5661,Molly,Hancock,Male,isaac91@example.com,(710)071-5684x7362,16-06-91,Health promotion specialist
5662,Kathy,French,Male,marcriggs@example.net,1085601966,27-03-20,Microbiologist
5663,Dorothy,Rose,Male,hodgesbrandy@example.com,(862)734-7218,6/10/2002,Tree surgeon
5664,Nina,Evans,Male,tracyortega@example.com,702.613.2625,13-03-81,Retail banker
5665,Candice,Ewing,Female,jade08@example.com,+1-907-103-3250x6569,8/1/1973,"Engineer, energy"
5666,Dominic,Melendez,Male,oliverroy@example.net,+1-499-348-1751x0620,11/11/2016,"Loss adjuster, chartered"
5667,Susan,Chapman,Female,valerie14@example.org,716992904,8/7/2013,Chartered accountant
5668,Latoya,Mcdowell,Male,ogibbs@example.com,(211)844-5484x857,2/10/1959,"Scientist, marine"
5669,Neil,Drake,Male,lukehorne@example.net,7484307978,1/3/2024,Geographical information systems officer
5670,Christian,Barr,Male,starkhailey@example.com,548-577-6801,27-04-37,Careers adviser
5671,Alyssa,Walsh,Male,virginiaaguilar@example.com,-7902,31-08-17,"Administrator, Civil Service"
5672,Rickey,Byrd,Female,schaeferkelly@example.net,206.118.2031,16-10-55,Medical sales representative
5673,April,Hill,Female,kathydouglas@example.com,(843)516-0984x190,20-05-74,Biomedical scientist
5674,Brittany,Barrera,Male,henryle@example.org,997.977.0764,24-09-31,"Surveyor, hydrographic"
5675,Stanley,Flores,Female,torressally@example.org,(112)741-2852x1125,19-10-84,Immigration officer
5676,Olivia,Walters,Male,iduke@example.org,442.940.3012,3/4/1997,"Therapist, music"
5677,Evan,Case,Female,dpeters@example.net,900-849-1703x00099,24-01-98,Commercial art gallery manager
5678,Ebony,Mcdowell,Male,xdowns@example.org,304.597.1672x0266,11/4/1984,Astronomer
5679,Stefanie,Sellers,Male,claire58@example.com,(872)868-1905x614,24-07-75,"Runner, broadcasting/film/video"
5680,Miranda,Collier,Male,psantos@example.org,001-656-479-9360x827,24-04-80,Chief Strategy Officer
5681,Adrian,Nielsen,Female,yreed@example.net,524-160-7231x9585,10/4/1956,Probation officer
5682,Brandon,Fleming,Male,odomjesus@example.net,518.620.2098x48700,21-11-17,"Civil engineer, consulting"
5683,Monique,Serrano,Female,javier49@example.com,732-750-1063x1633,13-09-64,Chief Strategy Officer
5684,Haley,Costa,Male,campbellcaitlyn@example.org,900-142-6259,7/8/2013,Probation officer
5685,Craig,Cervantes,Male,gouldjeanette@example.net,001-568-641-6667x47862,14-09-88,Communications engineer
5686,Shane,Harding,Male,ubooker@example.net,859.762.0931x6020,24-07-23,Legal executive
5687,Cynthia,Romero,Female,kimmercer@example.net,001-998-206-9824,31-01-98,"Scientist, research (life sciences)"
5688,Howard,Daniels,Female,vwatson@example.net,(248)678-4912x0386,9/9/1965,Media buyer
5689,Tammy,Blake,Female,santosmichele@example.com,+1-288-394-4769x77956,10/1/1958,Risk analyst
5690,Sandy,Joseph,Male,alvarezgeorge@example.net,(323)989-2948x76580,15-06-92,Petroleum engineer
5691,Albert,Boyd,Male,ronald48@example.net,(934)108-3662x77400,20-07-15,Occupational psychologist
5692,Tommy,Powers,Female,floydjay@example.com,397.213.1839x51275,7/2/2005,Gaffer
5693,Dana,Mendoza,Female,wyattjanet@example.com,001-804-409-3600,8/9/1986,"Therapist, speech and language"
5694,Colleen,Trevino,Male,jeanconley@example.com,(099)271-3002x60836,15-04-28,Occupational hygienist
5695,Connie,Garrison,Male,thompsonalice@example.net,001-020-710-8903x61101,23-01-50,Therapeutic radiographer
5696,Paul,Mora,Female,herreramartin@example.net,835.131.5795x445,31-08-65,"Editor, film/video"
5697,Courtney,Frank,Male,stacieklein@example.org,880.676.7359,21-07-71,"Surveyor, land/geomatics"
5698,Karen,Norman,Female,noahwang@example.com,199-879-6568x149,9/9/2017,"Lecturer, further education"
5699,Joel,Barajas,Male,devin03@example.net,001-427-296-9009,24-10-49,Insurance claims handler
5700,Douglas,Hebert,Male,kharrell@example.net,(968)247-5371x8486,25-01-27,Research scientist (physical sciences)
5701,Dalton,Reyes,Male,mcphersonanna@example.com,(905)946-2026x20073,1/5/1978,"Designer, exhibition/display"
5702,Whitney,Ho,Male,joseandrade@example.org,036.941.5887x22780,1/8/2009,Intelligence analyst
5703,Ruth,Rhodes,Female,erinallen@example.com,150-303-9853x81708,29-06-20,"Administrator, arts"
5704,Dwayne,Paul,Female,shawna37@example.net,9257193172,31-12-72,"Geologist, wellsite"
5705,Ruben,Boyd,Male,travis68@example.net,4369159010,26-10-14,"Librarian, public"
5706,Tanya,Cortez,Female,bethberry@example.net,001-425-094-2445x0104,7/1/1985,"Engineer, building services"
5707,Frank,Mcclain,Male,mandy92@example.com,001-244-221-6835,15-12-66,Actuary
5708,Darryl,Sampson,Male,dwaller@example.com,967-767-9799,29-03-15,Mechanical engineer
5709,Jean,Guerrero,Female,richardnoah@example.org,+1-112-470-3606x483,24-10-07,Water quality scientist
5710,Lacey,Gaines,Female,garrett28@example.com,618.322.1873x120,22-11-61,"Designer, multimedia"
5711,Miranda,Oconnor,Female,qwebb@example.org,(161)225-1282x549,13-12-03,Communications engineer
5712,Daisy,Henderson,Female,charlene40@example.org,574.179.1368x32620,11/6/2012,Corporate investment banker
5713,Bonnie,Flynn,Male,brianmcgrath@example.org,001-330-600-1585,10/4/1972,"Pharmacist, hospital"
5714,Dan,Harmon,Female,nancycampbell@example.net,292-781-7320x2116,8/2/2029,Nature conservation officer
5715,Joel,Padilla,Female,lindaromero@example.org,(890)150-7000,15-04-10,Agricultural consultant
5716,Audrey,Norman,Female,ellendowns@example.com,001-459-496-9530x1357,9/1/2012,"Surveyor, minerals"
5717,Miguel,Roy,Male,christinerosario@example.org,+1-671-728-3526x5793,20-08-26,Haematologist
5718,Gordon,Henson,Female,tnguyen@example.com,(152)032-7545,21-06-68,Television/film/video producer
5719,Fernando,Noble,Male,dneal@example.com,5651645601,5/10/2048,Intelligence analyst
5720,Mackenzie,Haynes,Male,heather55@example.org,4828283238,14-05-34,"Geologist, wellsite"
5721,Tristan,Mueller,Male,michaelakaiser@example.net,+1-630-025-8779x0290,23-12-83,Television/film/video producer
5722,Gabriela,Brandt,Male,fvazquez@example.net,(557)366-6329,28-08-95,Manufacturing engineer
5723,Allison,Cantrell,Female,brian63@example.net,709.514.2766,18-12-98,Radiation protection practitioner
5724,Alyssa,Waller,Male,vyates@example.com,592-246-8247x8140,13-08-61,Communications engineer
5725,Thomas,Howell,Male,charlene84@example.net,3303281443,17-03-07,"Psychologist, forensic"
5726,Kirk,Hodge,Male,umccoy@example.com,472-548-1202,25-11-70,Exhibition designer
5727,Lisa,Small,Male,townsendcharles@example.com,046.509.6066x7961,30-09-25,Dancer
5728,Melinda,Rosales,Female,jamesandrea@example.net,885-190-3034,28-03-61,Marketing executive
5729,Patty,Miller,Female,marygoodwin@example.net,(813)919-4110x443,9/9/1988,Pensions consultant
5730,Valerie,Preston,Female,tracyhickman@example.org,(026)707-2275,5/11/2021,"Surveyor, rural practice"
5731,Gilbert,Underwood,Male,veronica30@example.net,001-362-069-5538,1/3/2012,Animal technologist
5732,Chris,Haas,Male,atkinsmandy@example.com,(809)991-0563x1509,14-05-13,Tourist information centre manager
5733,Misty,Esparza,Male,april09@example.org,108.103.1216x57046,17-11-80,"Education officer, community"
5734,Patricia,Fernandez,Female,raymond66@example.net,001-704-114-3606x03472,13-06-01,Contractor
5735,Marco,Nolan,Female,ystokes@example.net,(049)187-1954x44488,9/11/2038,Horticultural therapist
5736,Holly,Maddox,Female,clayton61@example.com,605.747.7135x5279,28-02-96,"Engineer, broadcasting (operations)"
5737,Kaylee,Carter,Male,shirleymcbride@example.com,+1-837-010-3471x18521,14-01-07,Tax inspector
5738,Shelia,Miller,Male,torr@example.org,+1-355-989-0256x266,15-08-34,Financial controller
5739,Kurt,Munoz,Male,hancockvirginia@example.net,-7224,19-12-28,"Engineer, agricultural"
5740,Faith,Hoover,Male,brandifisher@example.com,(403)759-4717,30-08-78,Purchasing manager
5741,Miguel,Casey,Female,veronica55@example.org,186-035-4898x898,23-12-01,"Nurse, mental health"
5742,Cassidy,Spears,Male,barbara32@example.net,(250)570-3594,16-08-07,Training and development officer
5743,Xavier,Pham,Female,ebonyibarra@example.org,+1-425-686-0478x95340,2/8/2024,Counselling psychologist
5744,Raymond,Vaughan,Female,dustinpotts@example.net,(259)686-3256,23-12-10,Firefighter
5745,Duane,Lawson,Female,romanstacie@example.net,001-563-061-7533x58837,12/12/2007,Corporate treasurer
5746,Eugene,Park,Male,mcculloughchristina@example.org,484.023.5535,16-12-79,Clinical cytogeneticist
5747,Kelly,Glover,Female,billdeleon@example.com,1794047067,7/9/2040,Health promotion specialist
5748,Summer,Huber,Female,nparrish@example.net,(945)823-1266x7256,20-12-51,Broadcast engineer
5749,Jesse,Snyder,Female,kweiss@example.org,(821)501-0232,8/8/1990,Mining engineer
5750,Brittney,Atkinson,Male,rubenwoods@example.org,564-105-7874,20-12-29,Transport planner
5751,Cristian,Roberson,Male,barroyo@example.com,(846)198-8001,25-03-11,Architectural technologist
5752,Gabriela,Conrad,Male,eduardobarker@example.com,437-817-1001x046,29-07-80,Set designer
5753,Joy,Cortez,Female,molinajennifer@example.com,889-235-2675x4782,4/7/2042,Landscape architect
5754,Devin,Hodges,Female,nrobles@example.com,001-751-376-9739x721,8/11/2008,"Biochemist, clinical"
5755,Eddie,Porter,Male,lnorris@example.net,709.462.3875x97372,3/2/1966,"Editor, film/video"
5756,Kevin,Richard,Male,lliu@example.org,+1-474-053-1059x7545,28-05-73,"Education officer, environmental"
5757,Brittany,Chan,Male,craigjesse@example.org,(276)142-0946x300,10/3/1973,Animator
5758,Bob,Randall,Male,veaton@example.org,+1-797-341-6149x83342,13-07-74,"Engineer, manufacturing"
5759,John,Duran,Female,fzamora@example.org,199.265.7232x71174,4/3/1969,Therapeutic radiographer
5760,Elaine,Ferrell,Female,rochaxavier@example.com,8661021664,20-04-10,Health service manager
5761,Jeremiah,Woodward,Male,andres70@example.net,+1-566-198-5587x68754,17-09-50,"Radiographer, therapeutic"
5762,Chase,Jones,Female,marco11@example.org,802.099.4674x3466,9/5/2014,"Psychologist, sport and exercise"
5763,Albert,Bates,Female,staceyellis@example.com,(002)202-3095x8341,2/2/2013,"Engineer, maintenance (IT)"
5764,Juan,Nichols,Male,sandydavila@example.org,(077)075-2343x4093,29-11-60,Early years teacher
5765,Shawn,Ali,Male,kaitlyn69@example.com,(636)442-7956x1278,4/12/1960,Medical secretary
5766,Cristina,Pham,Male,fisherjasmine@example.net,(134)939-8013,21-10-44,Illustrator
5767,Devin,Moss,Male,raven58@example.com,(808)874-3530x65334,10/6/1983,"Engineer, communications"
5768,Kerri,Clements,Female,eserrano@example.org,677.461.2095x3630,23-12-52,Oncologist
5769,Alan,Swanson,Male,tannerhowe@example.com,713-103-6507x50536,29-06-55,"Therapist, occupational"
5770,Shelia,Knight,Female,deanna39@example.org,527-024-3505x690,27-10-94,Theatre stage manager
5771,Rose,Dyer,Female,mgallegos@example.com,7098813440,5/5/2015,Armed forces operational officer
5772,Robyn,Kramer,Male,lliu@example.net,001-428-669-9876x61757,4/4/2047,Electronics engineer
5773,Teresa,Fields,Female,speck@example.net,001-854-238-0562x0142,1/1/2001,"Buyer, industrial"
5774,Jim,Kline,Male,ayersadrienne@example.net,+1-489-541-4857x70626,28-12-94,"Teacher, special educational needs"
5775,Sonya,Hubbard,Male,richardsonmeredith@example.com,+1-380-658-6352x436,3/12/2000,Financial adviser
5776,Clifford,Barker,Male,harveyhailey@example.org,-3699,21-06-65,Hotel manager
5777,Melody,Shepherd,Female,jodi55@example.org,(823)296-7554,12/7/1958,Therapeutic radiographer
5778,Dennis,Vincent,Female,tmcdonald@example.net,+1-838-418-5515x493,5/10/1962,"Therapist, horticultural"
5779,Jim,Obrien,Male,nfrench@example.org,511.812.7413,6/5/2018,Midwife
5780,Louis,Cisneros,Male,colliermarilyn@example.com,838.836.1944x9178,26-08-56,Recycling officer
5781,Sheri,Wilkerson,Male,carolinewebb@example.org,815.539.9566,18-07-00,Race relations officer
5782,Sherri,Strickland,Female,jwiley@example.org,001-199-714-6130x91304,24-03-19,"Engineer, site"
5783,Shawna,Sanchez,Male,corozco@example.com,001-865-271-3624x03452,8/7/2041,Social researcher
5784,Brenda,Charles,Male,conniekerr@example.net,001-479-130-6747x0036,24-06-33,Trading standards officer
5785,Clayton,Skinner,Male,selenabarber@example.net,110-340-7373x641,26-02-12,Systems developer
5786,Rebekah,Mendoza,Female,godom@example.org,577-242-5673,9/4/1978,Trade union research officer
5787,Kiara,Vaughan,Female,garrettcandace@example.com,(608)367-1166x424,15-08-46,"Pharmacist, hospital"
5788,Bob,Montoya,Female,lynnkellie@example.org,023-958-5657x15246,6/1/2029,Financial trader
5789,William,Hill,Male,walkerkarl@example.org,(142)997-5614,3/1/1977,"Development worker, community"
5790,Carol,Lozano,Male,rick17@example.org,+1-642-918-2810x3934,7/6/1977,Building services engineer
5791,Stacy,Sheppard,Male,dunnmax@example.org,336-189-3499,17-09-82,"Production assistant, radio"
5792,Clinton,Lawson,Male,wschneider@example.com,6611403459,10/7/1970,Paediatric nurse
5793,Stacy,Chaney,Female,ggeorge@example.org,001-733-474-6061x24332,14-07-18,Product manager
5794,Earl,Mccullough,Male,pamelamartin@example.net,001-850-007-4798x032,13-05-01,"Engineer, drilling"
5795,Barry,Mann,Female,wjoyce@example.org,053-588-6220x602,8/12/1966,"Scientist, forensic"
5796,Lee,Cook,Male,nsalinas@example.com,749-869-4509,15-07-19,Medical physicist
5797,Stacy,Maxwell,Female,lydiacoffey@example.org,490.665.3909,28-07-07,"Teacher, primary school"
5798,Shaun,Boyer,Male,albert25@example.com,(442)447-3420,5/1/2014,Television/film/video producer
5799,Melissa,Cain,Female,kerryburns@example.com,061-845-8357,15-01-20,Futures trader
5800,Rebekah,Porter,Male,francisalvin@example.net,(180)652-2257x876,19-11-18,Transport planner
5801,Marissa,Sullivan,Female,carrie66@example.org,359.274.7815x4644,6/1/2021,Network engineer
5802,Chelsey,Smith,Female,crystalsellers@example.net,(988)923-8138x642,12/1/2028,Pathologist
5803,Carla,Chambers,Male,bianca17@example.com,+1-553-512-9804x8818,25-01-93,"Nurse, mental health"
5804,Cheyenne,Ferguson,Male,imichael@example.com,887.430.8434,3/9/2008,Government social research officer
5805,Warren,Maynard,Male,teresahanna@example.com,784.898.1118x1298,14-11-48,Physiological scientist
5806,Sheena,Mccarthy,Female,zstone@example.net,480-418-2516x994,8/9/1973,Advertising account planner
5807,Paula,Pitts,Male,marc78@example.com,776.821.9766x479,19-03-55,Clinical embryologist
5808,Philip,Watts,Male,amanda01@example.org,(623)959-0576,15-01-98,Public relations account executive
5809,Michelle,Hayden,Female,bmitchell@example.com,(478)213-0891x09659,10/12/1952,Arts development officer
5810,Leah,Osborn,Male,olsennathan@example.net,706-434-4664x77419,12/2/1953,Chemical engineer
5811,Erika,Hayden,Male,cdavidson@example.net,946.089.7991,10/7/2034,Customer service manager
5812,Stacy,Khan,Male,fernandezjodi@example.net,4558206646,30-05-48,Ergonomist
5813,Monica,Bauer,Female,ballfelicia@example.org,(424)484-1923x6566,8/7/2013,Make
5814,Ralph,Clarke,Female,waltontonya@example.net,1980695594,28-08-91,"Surveyor, quantity"
5815,Kristi,Patterson,Male,erika42@example.org,+1-913-133-5756x463,27-07-34,Mining engineer
5816,Kristina,Sparks,Male,joseph59@example.org,001-926-736-1798,31-01-23,Agricultural engineer
5817,Kendra,Sanford,Female,walkerbill@example.org,001-861-968-5277x21867,10/8/1959,"Chemist, analytical"
5818,Angela,Atkins,Male,kendralang@example.net,+1-589-674-6436x015,15-07-01,Patent attorney
5819,Richard,Skinner,Male,normanhughes@example.com,557.483.2428,23-05-26,"Engineer, civil (contracting)"
5820,Vanessa,Cooke,Female,vrich@example.net,+1-598-227-3171x466,5/12/1975,Financial manager
5821,Daniel,Galvan,Female,dixonjackie@example.com,(097)990-4297x0673,20-05-66,Chiropractor
5822,Becky,Anderson,Male,mercedes93@example.net,927.837.6327x4569,25-11-48,Orthoptist
5823,Kim,Stephenson,Female,nataliepowers@example.org,526.190.9392,7/10/1973,Garment/textile technologist
5824,Teresa,Bray,Female,chelsey03@example.org,+1-983-652-9484x51779,30-10-96,"Administrator, charities/voluntary organisations"
5825,Ethan,Solis,Male,gvalentine@example.com,701.291.4147x5077,2/4/2006,Pathologist
5826,Karl,Calhoun,Female,hhardy@example.org,864-227-7573x787,15-01-62,Community pharmacist
5827,Anthony,Joyce,Male,zburch@example.org,772.989.0738,19-06-49,Occupational psychologist
5828,Joann,Collins,Male,sherylatkins@example.com,052-699-0021,24-02-71,"Designer, interior/spatial"
5829,Paula,Yoder,Male,parnold@example.net,706-045-2696,7/4/2021,Chief Operating Officer
5830,Michelle,Bean,Male,vjuarez@example.net,+1-810-834-6446x933,20-04-12,Sports administrator
5831,Jessica,Lee,Male,sandersvickie@example.com,167-264-8466x577,29-04-36,Chief Operating Officer
5832,Henry,Salas,Male,nleon@example.org,370-475-9414,10/6/2041,Research scientist (maths)
5833,Victoria,Atkins,Female,brennancarmen@example.com,721-848-9560x372,4/7/2001,"Surveyor, commercial/residential"
5834,Madeline,Reyes,Male,mathewbryan@example.org,(040)095-2827,20-03-85,Video editor
5835,Elizabeth,Winters,Female,mackenziebender@example.org,500-834-0426,15-04-01,Claims inspector/assessor
5836,Gloria,Carr,Male,stacie52@example.org,001-828-164-6079x588,25-01-07,Broadcast journalist
5837,Scott,Kerr,Male,brayronnie@example.org,(322)886-0411x6558,4/1/2036,"Designer, ceramics/pottery"
5838,Martin,Blackwell,Male,arianawarren@example.org,442.187.9078x851,29-01-09,Merchant navy officer
5839,Deanna,Dean,Female,careyrebekah@example.net,(726)512-3243x41374,6/5/2026,Leisure centre manager
5840,Sherri,Ashley,Male,dicksonbrooke@example.net,989-810-8922x100,2/1/1983,Chief Technology Officer
5841,Jack,Mack,Female,diamondarcher@example.com,(012)807-3993,16-07-37,"Engineer, petroleum"
5842,Daryl,Shannon,Male,mannashlee@example.com,665-850-8872x5400,9/7/2003,Insurance risk surveyor
5843,Darrell,Kennedy,Female,froth@example.net,577588922,24-06-09,Arts administrator
5844,Isabel,Brady,Female,fbolton@example.net,(814)617-8156x279,7/7/2004,"Programmer, applications"
5845,Isaiah,Maldonado,Male,savannahwright@example.com,2552666987,17-07-33,Emergency planning/management officer
5846,Steven,Payne,Male,fred65@example.net,601-246-2239x765,11/11/2027,Public affairs consultant
5847,Katelyn,Levine,Male,montgomerylevi@example.org,-9079,16-01-81,Podiatrist
5848,Cynthia,Cordova,Male,dianabrady@example.com,590.447.5769x2170,11/2/1970,Farm manager
5849,Preston,Franklin,Female,belindamccarty@example.org,001-708-446-2925x78777,10/12/2031,"Scientist, physiological"
5850,Rodney,Ponce,Female,omar29@example.com,+1-667-999-8195x551,22-05-12,Water quality scientist
5851,Roger,Spence,Female,kellerkathy@example.org,(666)935-9481x74984,11/5/2022,Retail banker
5852,Dalton,Brown,Female,lauren67@example.net,2968585262,26-09-69,Physiological scientist
5853,Evan,Marquez,Female,kristine38@example.com,3725942197,24-10-55,"Engineer, chemical"
5854,Morgan,Villanueva,Male,ytownsend@example.org,417.649.6717x6965,6/11/2003,Civil Service fast streamer
5855,Clinton,Bender,Female,kristinboyle@example.com,840.708.3237,6/11/2021,Event organiser
5856,Marvin,Lawson,Male,cheyenne83@example.net,(326)563-9890,24-06-11,Technical author
5857,Kristin,Rangel,Male,blairalicia@example.com,+1-946-393-6803x59824,19-01-51,Regulatory affairs officer
5858,Sharon,Orozco,Male,ellismadeline@example.org,(362)273-0971x53345,23-02-10,Geographical information systems officer
5859,Clayton,Fisher,Male,carlsontanya@example.org,090.090.9700x0000,8/6/1955,"Psychologist, occupational"
5860,Earl,Burton,Female,ogonzales@example.net,+1-385-087-5675x9100,5/4/1971,Exhibition designer
5861,Maria,Reilly,Male,estesabigail@example.net,842.822.4585x9953,30-12-95,"Pilot, airline"
5862,Ariel,Keith,Female,charlotte56@example.net,(113)728-8339x377,28-12-43,Museum education officer
5863,Luke,Spencer,Female,tiffany59@example.org,001-200-209-4907x79053,9/12/2009,Museum/gallery exhibitions officer
5864,Jonathon,Knox,Female,chelsea86@example.net,853-490-2440,12/4/2008,Probation officer
5865,Candice,Newton,Male,jeanne44@example.com,(016)404-2539x3503,13-02-53,Chartered legal executive (England and Wales)
5866,Kendra,Castro,Male,mscott@example.net,304.609.5602,6/4/2013,Fisheries officer
5867,Kevin,Hickman,Male,dwayne31@example.net,(031)360-2084x62337,4/7/2007,Ergonomist
5868,Jillian,Good,Male,steveclayton@example.net,2638841475,2/7/2048,Office manager
5869,Paula,Wilkins,Female,annette40@example.com,339.960.0628x9142,30-09-83,Radiation protection practitioner
5870,Shelley,Hodge,Male,nathanclay@example.org,+1-788-993-6944x02331,26-01-02,Oceanographer
5871,Victor,Mayo,Male,foxfranklin@example.net,001-901-136-4851x4460,30-11-03,Lexicographer
5872,Daryl,Heath,Female,darrellstrong@example.com,745-925-3649x396,9/9/2012,Film/video editor
5873,Manuel,Malone,Male,erik26@example.net,374-762-6897,26-12-50,Estate manager/land agent
5874,Gabrielle,Valentine,Male,bridget13@example.org,(664)486-5390x7770,17-04-80,Engineering geologist
5875,Melissa,Hunt,Female,anne96@example.com,032-153-7047,21-06-66,Diplomatic Services operational officer
5876,Bridget,Roach,Female,pettystacy@example.com,(851)311-9841x08226,1/4/2001,Amenity horticulturist
5877,Cynthia,Petty,Female,belinda66@example.net,(948)014-8864,23-02-69,"Teacher, primary school"
5878,Malik,Wood,Male,ecosta@example.com,215-723-6596x12561,29-11-98,Forensic scientist
5879,Bailey,Williamson,Male,wilkinsonkari@example.net,001-463-268-9730,16-10-02,Haematologist
5880,Maria,Roberson,Male,shawnhubbard@example.com,(565)271-5436x485,4/12/1983,Paramedic
5881,Mike,Montgomery,Female,howeadrian@example.com,-7399,27-05-87,Futures trader
5882,Deanna,Martinez,Male,udyer@example.net,948-754-0277x5381,11/2/2013,Risk manager
5883,Candace,David,Male,qcastaneda@example.com,001-554-929-5687x5027,14-10-55,Osteopath
5884,Chris,Glover,Female,cosborne@example.net,432-166-6916x6660,24-08-32,Podiatrist
5885,Joanna,Klein,Female,wcuevas@example.net,092-527-3871x21941,26-07-95,Cabin crew
5886,Joy,Mercer,Male,kristie18@example.org,-7254,12/4/2005,Race relations officer
5887,Jerome,Huang,Male,mcompton@example.com,001-062-945-8505x1565,26-04-62,"Scientist, clinical (histocompatibility and immunogenetics)"
5888,Karen,Benson,Female,keyclifford@example.net,246.412.8112,5/1/2009,Professor Emeritus
5889,Connie,Andrews,Male,frederick15@example.org,892-879-0457x383,20-01-88,"Psychologist, forensic"
5890,Tanya,Soto,Female,autumn78@example.org,6504908651,19-03-89,Historic buildings inspector/conservation officer
5891,Angie,Boyle,Female,andreakennedy@example.net,+1-924-406-5078x7154,11/9/2012,"Investment banker, corporate"
5892,Eileen,Ayala,Male,dorothysolis@example.net,(342)863-4152x37237,30-08-56,Community pharmacist
5893,Roy,Lee,Female,parsonsronnie@example.org,594.869.4434,10/4/1975,Fisheries officer
5894,Jacqueline,Miller,Male,ljimenez@example.com,+1-140-573-3031x654,19-03-24,"Lecturer, further education"
5895,Dorothy,Roy,Male,vrodriguez@example.com,203.100.4824x36952,21-12-48,Computer games developer
5896,Bethany,Mccarthy,Male,shelly03@example.com,(855)241-1192x8428,30-05-74,Ship broker
5897,Lori,Krause,Male,xcervantes@example.net,001-692-983-0591x6181,16-10-79,"Producer, television/film/video"
5898,Michael,Townsend,Male,donnamcdaniel@example.com,878.646.3402x5147,2/9/1961,Translator
5899,Gerald,Fields,Male,xmcgrath@example.com,(293)209-4607,2/8/2023,Insurance account manager
5900,Charles,Riggs,Male,caitlin85@example.org,001-363-093-7150x72889,9/12/2034,"Conservator, museum/gallery"
5901,Marcus,Burton,Female,mkrause@example.org,+1-022-685-2709x400,10/12/2034,Quality manager
5902,Mindy,Larsen,Male,obolton@example.com,443-508-3599x00740,10/1/2019,Economist
5903,Andrea,Rubio,Male,javierlawson@example.com,001-530-485-8618,18-02-91,Event organiser
5904,Meagan,Paul,Male,biancamccullough@example.org,4585989065,18-10-91,"Librarian, public"
5905,Brendan,Casey,Male,yparsons@example.org,443-404-4360x992,13-09-08,Medical secretary
5906,Meghan,Becker,Female,erikahorton@example.org,+1-597-246-0786x0457,26-02-84,Trade mark attorney
5907,Eric,Shea,Female,collieryvette@example.org,(158)042-7946x7348,26-04-15,Dramatherapist
5908,Traci,Gentry,Female,jimgutierrez@example.com,+1-385-923-1919x7690,22-09-18,Art therapist
5909,Jason,Townsend,Female,mcmahonpaige@example.net,(216)508-1955,7/3/2034,Fine artist
5910,Sophia,Vance,Male,cristian46@example.org,+1-146-051-7160x13709,24-12-18,Counsellor
5911,Luis,Oconnell,Male,phillipsjeffery@example.org,-4582,6/3/2044,Community arts worker
5912,Lindsay,George,Female,bob80@example.com,810.327.3170,4/1/2014,Theatre manager
5913,Courtney,Mason,Female,evelyn60@example.com,(004)419-8011,11/10/1969,"Production designer, theatre/television/film"
5914,Noah,Wang,Male,iweiss@example.net,+1-997-297-6692x525,20-09-30,"Pilot, airline"
5915,Jasmine,Holden,Female,barroyo@example.net,324.486.0245,12/9/2027,Freight forwarder
5916,Suzanne,Cantu,Female,dana84@example.com,245-671-0387x1260,14-06-20,Call centre manager
5917,Heidi,Gillespie,Male,hansenmason@example.org,+1-044-027-4691x848,24-12-72,"Scientist, audiological"
5918,Theresa,Alvarado,Male,burchkevin@example.com,001-207-773-7036,15-04-53,Clinical cytogeneticist
5919,Ricky,Mcconnell,Female,moodyeduardo@example.org,945-823-8110x541,24-08-39,Materials engineer
5920,Jermaine,Reeves,Male,bianca73@example.com,581.151.5141x12280,21-02-99,"Development worker, international aid"
5921,Erik,Key,Male,joannemassey@example.org,001-762-850-8102,15-10-98,Field trials officer
5922,Julian,Rodriguez,Female,williamsphilip@example.net,(110)226-7893x117,17-02-14,Seismic interpreter
5923,Daryl,Daugherty,Female,afoley@example.com,(198)309-4385x009,27-01-67,"Engineer, chemical"
5924,Madison,Nolan,Female,vazqueztina@example.com,240.981.3396,15-09-68,Petroleum engineer
5925,Erika,Bartlett,Female,qhernandez@example.org,388-661-1300x98167,10/1/1996,Broadcast engineer
5926,Jeanne,Valentine,Male,lisa79@example.net,998.509.1922x657,14-10-40,Purchasing manager
5927,Chelsea,Cobb,Female,kingian@example.org,707.342.0348x63691,13-11-93,Nature conservation officer
5928,Gordon,Little,Male,arroyosophia@example.org,-6044,19-10-20,Research scientist (medical)
5929,Krystal,Matthews,Male,philip62@example.com,(700)705-6749x39698,28-11-19,"Production assistant, television"
5930,Zachary,Patrick,Female,hgould@example.com,+1-764-818-1348x45800,28-07-32,"Engineer, water"
5931,Erin,Frank,Female,chambersphillip@example.com,381.602.8221,10/5/2014,Clinical molecular geneticist
5932,Savannah,Warner,Male,charles31@example.org,8863615174,6/6/2015,Music tutor
5933,Riley,Villegas,Male,rhondasawyer@example.org,382.903.7923,6/7/2049,"Engineer, civil (consulting)"
5934,Kirk,Deleon,Female,douglasalicia@example.org,001-527-324-4963x72347,17-03-09,Soil scientist
5935,Preston,Lyons,Female,michael04@example.net,623.903.9670,2/6/2019,Catering manager
5936,Traci,Ingram,Female,lindsaycantu@example.org,9170836195,24-08-07,"Scientist, marine"
5937,Audrey,Peck,Female,vcasey@example.com,(874)310-3743x48860,29-09-62,Research scientist (life sciences)
5938,Lydia,Rodriguez,Male,heathershelton@example.org,658.467.7594,5/8/1978,"Psychologist, clinical"
5939,Bobby,Lopez,Female,daryllam@example.org,001-542-336-1753x2077,7/3/2022,Company secretary
5940,Colin,Roman,Female,peggy07@example.com,110.607.1196x82168,30-07-78,Personal assistant
5941,Nichole,Phillips,Male,tracihinton@example.org,(094)497-1969,30-09-26,"Research officer, political party"
5942,Marco,Peterson,Male,nathanielperry@example.net,(457)404-5642x14012,28-07-92,"Surveyor, rural practice"
5943,Francisco,Whitney,Female,sandrabecker@example.org,209-631-1415,22-06-16,Haematologist
5944,Evan,Arroyo,Female,zhoover@example.org,-3779,28-04-15,Town planner
5945,Stuart,Vincent,Female,jermaine78@example.com,001-785-123-7057,19-03-29,Government social research officer
5946,Chris,Buchanan,Male,kyleaustin@example.org,(001)689-1060,3/7/2009,"Teacher, secondary school"
5947,Eric,Conley,Male,jennifer02@example.org,258-851-4112,14-08-45,Art gallery manager
5948,Casey,Estes,Female,mason91@example.net,151-543-0446,4/8/2020,Information systems manager
5949,Joe,Robertson,Female,ricardofrederick@example.com,778.999.3844,29-05-77,"Administrator, arts"
5950,Mason,Palmer,Female,royadam@example.net,-7591,18-11-38,"Teacher, special educational needs"
5951,Angelica,Fernandez,Male,traceyhoward@example.net,898-880-6213,17-10-22,Oncologist
5952,Sandy,Moss,Male,dominic96@example.com,001-908-296-6128x76377,5/8/1989,Special effects artist
5953,Xavier,Hinton,Female,jordanhurst@example.org,887-304-0728x434,15-03-63,"Engineer, structural"
5954,Cole,Houston,Female,jermainewright@example.org,1040787932,18-10-83,Site engineer
5955,Richard,Gardner,Male,marco12@example.net,+1-664-994-9069x25671,5/3/1974,Advertising art director
5956,Tasha,Johnson,Female,lwerner@example.org,(098)530-3330,5/6/2041,Biomedical engineer
5957,Tami,Hodge,Female,burnettmeredith@example.org,591936839,13-05-13,Site engineer
5958,Lori,Rivas,Female,joel84@example.org,763-012-8355,15-01-86,Retail manager
5959,Dave,Greene,Female,hmorgan@example.net,(448)792-6152,18-02-15,Animator
5960,Karina,Durham,Male,michael83@example.org,(051)170-6691,16-03-38,Operational investment banker
5961,Franklin,Molina,Male,guzmandanielle@example.org,(918)026-1319x2749,3/7/2000,"Engineer, civil (contracting)"
5962,Terrance,Hahn,Male,dunlaprandy@example.org,001-318-139-8037,3/4/1954,Tour manager
5963,Alec,Vincent,Female,fbenjamin@example.org,(560)648-6768,22-02-33,Advertising account executive
5964,Jody,Bell,Male,kristinhendricks@example.org,+1-013-525-1410x024,31-10-47,"Conservation officer, historic buildings"
5965,Kaylee,Hodge,Male,madison46@example.com,477-189-2915,17-09-66,Learning mentor
5966,Tabitha,Chambers,Female,doriszuniga@example.com,409-178-0213x963,28-03-80,"Research officer, government"
5967,Caitlin,Lopez,Female,karla26@example.com,(654)687-5923,19-04-41,Television/film/video producer
5968,Jason,Collier,Male,candaceknox@example.org,576-399-5059x728,29-06-11,Broadcast journalist
5969,Kristen,Dorsey,Female,samantha75@example.org,(408)432-3945x20789,13-10-42,Retail buyer
5970,James,Hall,Female,stephanie01@example.net,8379806479,15-11-79,Petroleum engineer
5971,Sylvia,Silva,Male,jean05@example.com,(113)418-8405x9264,27-03-05,Systems analyst
5972,Kelsey,Grant,Male,tburke@example.net,-8491,2/6/1974,"Exhibitions officer, museum/gallery"
5973,Devin,Mcpherson,Female,gilbertricardo@example.com,593.372.4319x35376,4/6/2013,Investment analyst
5974,Kirsten,Ortega,Male,kerryfoley@example.com,001-602-724-9755x732,17-06-72,Leisure centre manager
5975,Alexander,Potts,Female,brittney44@example.org,586-775-2985,3/3/1986,"Teacher, primary school"
5976,Annette,Shannon,Female,lauren42@example.net,001-090-948-1459x7674,20-08-81,Haematologist
5977,Darrell,Wagner,Female,huntkari@example.org,001-209-038-4372x04318,17-04-33,Firefighter
5978,Brianna,Rojas,Male,wandamcclain@example.net,900-845-5121,29-06-75,"Radiographer, diagnostic"
5979,Ivan,Dickerson,Female,prestonchristine@example.org,-3308,5/12/2014,Web designer
5980,Vanessa,Sloan,Female,jdavidson@example.net,(915)986-1549x42996,28-01-30,"Nurse, learning disability"
5981,Sabrina,Wilkerson,Male,dariushoffman@example.com,-4732,22-05-51,"Accountant, chartered"
5982,Tammy,Melton,Female,jasminerogers@example.com,1919777892,20-05-83,Database administrator
5983,Gabriel,Bass,Male,daryl45@example.com,967-847-1874,10/3/1978,Civil Service fast streamer
5984,Jared,Larson,Male,jduran@example.org,665.676.2742,26-12-36,Medical secretary
5985,Bryce,Mcdowell,Female,zkoch@example.net,696-732-7894x469,1/2/1991,Chief Financial Officer
5986,Blake,Mendez,Female,ringram@example.com,+1-090-681-6071x82475,19-12-81,"Surveyor, commercial/residential"
5987,Caitlin,Burns,Female,cwest@example.net,814.250.5194,9/12/2001,"Nurse, learning disability"
5988,Sheryl,Ali,Female,nealoscar@example.com,001-336-319-0379x5634,9/7/2027,Civil Service administrator
5989,Laurie,Pruitt,Male,dave67@example.net,(065)345-5647x145,16-12-98,Careers adviser
5990,Lydia,Mueller,Female,salazarlatasha@example.net,001-648-171-5766,25-01-53,Herpetologist
5991,Gwendolyn,Mcgrath,Male,henry15@example.net,+1-175-721-5934x05537,17-09-22,Trade union research officer
5992,Kristi,Landry,Female,dianasimpson@example.net,(868)685-4055x564,24-12-00,Politician's assistant
5993,Michael,Singh,Female,angiebaxter@example.com,715.844.3452,10/11/1952,Software engineer
5994,Diamond,George,Female,pamela50@example.net,+1-454-603-8520x6331,7/1/1992,Research scientist (life sciences)
5995,Mathew,Kelley,Male,candacebird@example.org,(321)767-6137,27-11-80,Translator
5996,Collin,Wyatt,Male,hbarnes@example.com,925-983-5967,29-03-40,Colour technologist
5997,Alicia,Wilkins,Male,ukrause@example.org,224-623-0166,22-05-73,Haematologist
5998,Sheryl,Dorsey,Female,crystal15@example.net,(073)785-3985x110,7/2/2038,Immigration officer
5999,Steven,Mercer,Female,ymclean@example.net,203-308-4487x39458,20-03-90,Pension scheme manager
6000,Jaime,Andersen,Male,davewolf@example.com,(117)291-7022x862,30-01-88,Furniture designer
6001,Gwendolyn,Sutton,Female,codyryan@example.net,(174)088-5850,10/5/2013,"Therapist, drama"
6002,Gloria,Henry,Male,whitevickie@example.org,583.386.0893x437,24-05-09,Newspaper journalist
6003,Roberta,Howe,Male,carmenryan@example.org,(812)369-8313x1494,16-04-46,Nature conservation officer
6004,Alexandria,Reilly,Female,jdorsey@example.com,437-270-0493,3/5/1950,"Scientist, clinical (histocompatibility and immunogenetics)"
6005,Mary,Rhodes,Female,vhaas@example.org,(823)174-7351,2/12/1956,Charity officer
6006,Clayton,Wells,Male,kellistrong@example.com,+1-355-684-5728x6606,21-05-98,Accommodation manager
6007,Savannah,Hebert,Female,christy30@example.org,(675)275-7644,6/5/2013,Naval architect
6008,Alexandria,Wade,Female,qshah@example.com,-4392,27-06-96,Applications developer
6009,Aaron,Cordova,Female,damon60@example.net,050-486-6902x0548,20-08-97,Therapeutic radiographer
6010,Melanie,Hendrix,Male,molinasummer@example.org,731-347-0859,9/4/2024,"Therapist, drama"
6011,Richard,Paul,Male,barryrichards@example.net,9832481183,21-10-06,"Engineer, electrical"
6012,Kristopher,Hickman,Male,pdiaz@example.com,372.751.3986x811,22-10-08,"Teacher, early years/pre"
6013,Gordon,Cook,Female,traci36@example.com,001-983-406-7929x709,3/2/1974,Office manager
6014,Wendy,Rogers,Male,princeadrian@example.org,(200)260-9005x0401,6/6/2016,Physiotherapist
6015,Cassie,Ayala,Male,albert14@example.com,016-714-6588x937,9/9/1957,Software engineer
6016,Perry,Bright,Female,nmccall@example.com,387.337.7484x96757,19-10-08,Health physicist
6017,David,Robbins,Male,alec90@example.com,870-693-7197x5922,11/2/2015,Medical laboratory scientific officer
6018,Victor,King,Male,allisonbrad@example.net,+1-465-375-9248x1840,23-12-34,Fast food restaurant manager
6019,Omar,Oconnell,Male,sharpcaroline@example.com,(032)192-8646,24-07-31,"Radiographer, therapeutic"
6020,Kiara,Nunez,Female,ulogan@example.com,(657)644-8291x3826,18-03-94,Heritage manager
6021,Brandy,Shea,Male,cardenasellen@example.com,582.361.1433x58550,28-04-87,Research scientist (life sciences)
6022,Troy,Mcmahon,Male,shelleymcmillan@example.com,(648)735-7569x0257,22-12-44,"Buyer, industrial"
6023,Chelsey,Pacheco,Male,dhuynh@example.org,568.597.6032,22-01-19,"Conservation officer, nature"
6024,Elizabeth,Braun,Female,rickyhopkins@example.net,001-909-284-8375x49910,2/10/2033,Automotive engineer
6025,Kaitlin,Fuentes,Female,ritterkelly@example.org,014-231-1441x7744,18-11-93,"Surveyor, minerals"
6026,Jason,Hess,Female,mikaylameyer@example.com,114.937.9444,14-06-10,"Producer, television/film/video"
6027,Brandon,Hernandez,Male,reillyyolanda@example.net,8630650448,8/10/2009,Primary school teacher
6028,Natalie,Lucas,Male,edward03@example.net,001-721-365-4241,7/1/2015,"Editor, film/video"
6029,Philip,Huff,Female,geraldmullen@example.net,001-210-947-2031x37272,29-05-53,Dramatherapist
6030,Stephen,Stafford,Female,nshannon@example.com,001-535-751-6015x1958,24-11-11,Archivist
6031,Lee,Kennedy,Male,melissa29@example.org,374.857.2111x6416,27-11-51,Insurance broker
6032,Damon,Alexander,Female,jmorales@example.net,-3026,3/4/2036,Scientific laboratory technician
6033,Jamie,Dillon,Female,jonathonstein@example.com,(634)665-2894x033,24-02-36,Health and safety adviser
6034,Ruth,Hahn,Female,krausecassidy@example.com,969-894-1816x788,22-08-43,Early years teacher
6035,Julian,Haney,Female,phillipsbrian@example.org,799-356-6301x53569,11/6/1960,Dentist
6036,Denise,Barker,Female,logan83@example.org,001-277-971-6133x1058,29-12-17,Art gallery manager
6037,Jeremiah,Paul,Male,darinroberts@example.com,084.930.5952x8118,24-02-61,"Designer, blown glass/stained glass"
6038,Christopher,Johnson,Male,hollymartinez@example.net,+1-201-386-1289x0885,19-01-17,"Teacher, music"
6039,Glen,Warner,Female,hardingterry@example.com,001-561-333-0271x229,3/9/2018,Art therapist
6040,Juan,Kirby,Male,hubergarrett@example.com,925.743.1719,11/6/1989,Educational psychologist
6041,Michaela,Crawford,Male,huffdorothy@example.com,(446)545-8253x5275,23-08-59,"Pharmacist, community"
6042,Tyler,Riley,Female,srush@example.net,109-626-3176x484,4/6/2019,"Engineer, drilling"
6043,Gabrielle,Jacobs,Male,jeffmarks@example.org,415-960-4569x840,5/6/1970,Professor Emeritus
6044,Wendy,Nielsen,Female,gwendolynbryan@example.net,289.028.9027,23-06-16,Recycling officer
6045,Krystal,Cook,Male,coryashley@example.com,113.487.3619,29-11-70,Broadcast journalist
6046,Dwayne,Hooper,Female,norrislawrence@example.org,680-708-7507,19-08-11,Pensions consultant
6047,Clarence,Lara,Male,luispayne@example.com,6502803864,17-05-12,"Scientist, product/process development"
6048,Glen,Jordan,Male,benderfrances@example.org,(576)552-2459x4880,17-10-70,Police officer
6049,Vicki,Trujillo,Female,stoutdaisy@example.com,(359)416-4508x717,28-03-74,"Nurse, adult"
6050,Lee,Lin,Male,levitaylor@example.net,166.542.1217,6/8/2001,Planning and development surveyor
6051,Omar,Dominguez,Male,zstrickland@example.com,001-909-097-7830,8/2/2018,Textile designer
6052,Austin,Parker,Female,daltonrickey@example.com,274-719-8872x71643,17-01-82,"Nurse, learning disability"
6053,Isabella,Mack,Female,paulanixon@example.com,001-283-875-4256x818,5/9/1993,"Nurse, children's"
6054,Claudia,York,Male,bentleyluke@example.org,+1-348-440-9212x13160,12/2/2028,Agricultural consultant
6055,Gilbert,Kidd,Male,bobbypotter@example.org,681-364-3585,12/12/1999,"Engineer, materials"
6056,Chris,Parks,Male,sergiocarroll@example.org,(737)718-1416x6578,22-12-05,Artist
6057,Rhonda,Stein,Female,judy19@example.org,-6681,22-10-89,Occupational hygienist
6058,Renee,Atkins,Male,ehurley@example.com,001-542-969-5881x526,25-11-30,"Psychologist, counselling"
6059,Ethan,Khan,Male,katelynbenitez@example.net,001-407-507-8505x59045,30-01-65,Trade mark attorney
6060,Jeremy,Bautista,Male,bradfordsummer@example.com,001-298-219-2285x31963,25-01-17,Broadcast engineer
6061,Erica,Ponce,Male,haleyedward@example.org,(679)648-4134,27-08-76,Gaffer
6062,Sheena,Walters,Female,bridgesryan@example.com,+1-545-134-6086x755,17-10-57,"Nurse, mental health"
6063,Harry,Brady,Female,kaitlinstephenson@example.net,369-597-0312,17-11-33,Risk manager
6064,Brandi,Bautista,Male,ehorton@example.com,685.163.0529,31-12-37,Race relations officer
6065,Jerome,Hayden,Male,klinemarco@example.net,001-247-673-8240x629,11/10/1976,Veterinary surgeon
6066,Ashley,Casey,Male,colton32@example.net,(803)827-6480,28-01-97,Materials engineer
6067,Michele,Orozco,Male,hsparks@example.com,267.992.5880x0734,17-11-47,Community pharmacist
6068,Brett,Murillo,Male,patrick38@example.com,+1-111-605-4141x323,10/2/1965,"Engineer, manufacturing systems"
6069,Beth,Simon,Female,nramsey@example.net,830-056-2066x074,28-08-42,Health and safety inspector
6070,Nicholas,Roach,Male,sara00@example.org,896.793.7595,30-11-71,Operational investment banker
6071,Brad,Weiss,Female,hullsylvia@example.com,189-876-8193,24-12-21,"Programmer, systems"
6072,Katherine,Hanson,Female,kristavaldez@example.com,445.648.9611x848,17-01-07,Chartered management accountant
6073,Mike,Herrera,Female,darylabbott@example.com,001-798-737-8439x7294,4/10/2002,Counsellor
6074,Angie,Curtis,Female,ericksongary@example.net,839-146-4571,17-04-81,Advertising account executive
6075,Marisa,Bailey,Female,rhumphrey@example.com,677-833-6599x916,28-02-35,Illustrator
6076,Sonia,Webb,Male,laratami@example.org,001-343-366-6848x4900,28-01-03,"Clinical scientist, histocompatibility and immunogenetics"
6077,Yvonne,Ray,Male,boltonbelinda@example.com,830.600.6861,19-05-82,Surgeon
6078,Darlene,Archer,Female,mindy93@example.net,891.101.4090x174,9/2/2045,Financial controller
6079,Francis,Fitzgerald,Male,lindareeves@example.org,+1-383-488-9587x98202,17-07-46,Clinical psychologist
6080,Darlene,Maxwell,Male,blanchardivan@example.org,+1-177-110-4515x7850,9/11/1967,Editorial assistant
6081,Jimmy,Barber,Female,jcamacho@example.com,-9499,29-03-31,Lexicographer
6082,Brandy,Wall,Male,randyhahn@example.com,764-596-8229x1114,6/9/2037,Tax adviser
6083,Laura,Fitzgerald,Male,john38@example.com,535-622-8829x98011,4/1/2027,Historic buildings inspector/conservation officer
6084,Derrick,Duarte,Male,zgentry@example.com,844-269-1882x74433,5/5/1958,Clinical molecular geneticist
6085,Joshua,Nunez,Female,wmccarthy@example.org,483-057-8404x26761,30-04-49,Hotel manager
6086,Leroy,Lucero,Male,devin65@example.com,307.905.0609x4977,17-04-73,"Designer, exhibition/display"
6087,Dana,Larson,Male,carl41@example.org,+1-739-606-1305x3971,13-07-07,Tax inspector
6088,April,Sloan,Male,marissaharris@example.org,(078)234-6423x7126,9/2/2014,Occupational psychologist
6089,Evelyn,Dillon,Male,phillipescobar@example.org,001-870-461-1673x113,7/2/1959,Retail buyer
6090,Tonya,Burch,Male,travisterrence@example.org,001-101-448-2314x099,3/8/1996,Games developer
6091,Sherri,Horton,Male,kurt25@example.org,001-828-274-8852x0320,1/10/1978,Hydrographic surveyor
6092,Seth,Hester,Female,omar26@example.org,471.211.2567x1581,16-01-19,Learning mentor
6093,Katelyn,Gonzalez,Male,zreid@example.org,300-812-9668x4929,19-06-64,Pension scheme manager
6094,Renee,Stephenson,Female,daisykramer@example.net,287-282-6842,18-10-61,Waste management officer
6095,Joanna,Riley,Male,pkeith@example.com,429-023-2933,9/5/2025,Secondary school teacher
6096,Tammy,Rosario,Male,mauriceheath@example.net,346-965-1087,31-01-43,Probation officer
6097,Ruth,Roman,Male,waterskatelyn@example.com,611-191-3966,23-02-88,Legal secretary
6098,Erin,Ballard,Male,ofowler@example.net,(694)850-5710,4/10/1996,Armed forces operational officer
6099,Heidi,Goodman,Female,perkinskerri@example.com,333-659-2128x032,17-07-10,"Teacher, adult education"
6100,Hayden,Levine,Female,omar50@example.com,253.349.5089,5/2/2031,Pathologist
6101,Colin,Liu,Male,kreynolds@example.org,001-241-745-6693x1496,11/9/2008,Special educational needs teacher
6102,Darryl,Villarreal,Male,dkrause@example.org,001-396-402-7046x756,3/7/2005,Visual merchandiser
6103,Karen,House,Female,yalvarez@example.net,001-804-813-4505x96968,4/12/2003,Podiatrist
6104,Joy,Allen,Female,edwin48@example.com,(040)568-2699x29633,20-11-53,Video editor
6105,Bill,Soto,Male,zknox@example.net,001-818-251-8112,25-12-29,Copy
6106,Bill,Stephens,Male,dawn55@example.net,001-490-868-2977x88609,7/11/1952,Recycling officer
6107,Cheyenne,Sampson,Female,haydenphyllis@example.net,080-279-9822x43155,3/4/1973,Animator
6108,Kendra,Andersen,Male,dalemacias@example.net,001-860-899-6088x07601,22-03-58,"Engineer, control and instrumentation"
6109,Roger,Bennett,Female,rileyavila@example.com,+1-458-939-9343x652,4/5/2008,Retail buyer
6110,Emily,Waters,Female,zavalaalec@example.net,722-127-2356,30-04-96,Translator
6111,Bridget,Dickerson,Male,austinbaird@example.net,628.335.5236,3/12/1984,Housing manager/officer
6112,Jorge,Merritt,Male,sylvia45@example.com,+1-439-212-3530x659,26-04-14,"Librarian, academic"
6113,Kristin,Chapman,Female,vernondavies@example.net,(548)588-6793x1629,20-06-09,Data scientist
6114,Bernard,Good,Male,seanbush@example.com,408-040-5531x30633,4/7/2012,Public house manager
6115,Douglas,Peters,Male,janice46@example.net,001-801-026-7029x3962,22-01-13,Financial manager
6116,Joann,Howard,Female,calvinrojas@example.com,(968)712-3092x6019,8/9/1983,Police officer
6117,Cassie,Morrow,Male,lorettaochoa@example.org,767.387.9097x54581,31-07-82,Ergonomist
6118,Leslie,Brock,Female,hunttanya@example.com,001-391-592-0118x876,12/12/2015,Clinical cytogeneticist
6119,Brendan,Figueroa,Female,buckguy@example.com,+1-491-974-3413x733,28-11-04,"Sound technician, broadcasting/film/video"
6120,Matthew,Shea,Female,donald97@example.com,802-097-4599,18-07-13,Radiation protection practitioner
6121,Veronica,Ward,Female,mcknightdana@example.org,284-104-7045,22-11-93,Nutritional therapist
6122,Luis,Fritz,Female,boylekurt@example.net,796.999.9821x403,16-06-59,Wellsite geologist
6123,Maxwell,Randolph,Male,tannerkent@example.com,208.759.8901x09315,1/9/2011,"Engineer, biomedical"
6124,Alvin,Goodwin,Male,bethanycalhoun@example.net,886-453-3402x7115,6/2/2003,Neurosurgeon
6125,Heather,Mata,Female,jessicajoseph@example.org,237-660-7759x11926,4/11/2042,Cytogeneticist
6126,Ronnie,Lloyd,Male,latoyachoi@example.com,001-981-372-3716,20-08-77,"Radiographer, diagnostic"
6127,Jeremiah,Li,Male,trevor99@example.org,001-150-331-7624,11/9/2021,English as a foreign language teacher
6128,Ryan,Edwards,Female,kmcclure@example.net,001-732-539-0624,17-08-10,Geophysical data processor
6129,Shelby,Hart,Male,bryanflowers@example.org,+1-342-029-4728x55062,9/2/1962,Race relations officer
6130,Jonathon,David,Female,christiearmstrong@example.com,001-535-976-2655x211,10/10/2012,Radio broadcast assistant
6131,Bryce,Francis,Female,ocantrell@example.com,526-847-8199x27987,26-03-67,IT consultant
6132,George,Simon,Female,cortezchristie@example.net,094.193.7212x121,4/10/2001,"Sales professional, IT"
6133,Kristopher,Pitts,Female,harry75@example.net,723-488-4237x7668,9/12/2039,Chief Executive Officer
6134,Kiara,Ross,Male,francoleon@example.org,3066828331,9/2/1996,"Pilot, airline"
6135,Evelyn,Holmes,Female,strongclinton@example.org,(094)050-4791,27-09-78,"Surveyor, minerals"
6136,Sally,Wang,Male,kquinn@example.net,327.850.6026,14-11-29,"Designer, interior/spatial"
6137,Tricia,Delgado,Male,kathryn14@example.com,4623970985,8/1/1966,Optometrist
6138,Patrick,Pugh,Male,candicekaiser@example.org,(138)157-8179x47751,17-03-75,Educational psychologist
6139,Erin,Charles,Female,shanson@example.org,260-820-9873x7089,23-08-90,Adult guidance worker
6140,Caitlyn,Cox,Male,clifford89@example.com,025.772.0356,22-01-56,Professor Emeritus
6141,Jeffery,Macdonald,Female,sandy05@example.org,165.664.3415x5148,3/1/1952,Visual merchandiser
6142,Dalton,Dennis,Female,dsolomon@example.org,001-970-746-5467x54530,31-12-41,Community pharmacist
6143,Priscilla,Douglas,Female,lmartinez@example.net,552-569-8495x721,12/9/1980,Financial manager
6144,Mariah,Hatfield,Male,tinaharrison@example.com,-6263,6/2/2022,"Sales professional, IT"
6145,Zachary,Copeland,Male,daniellefarley@example.org,453-188-0584x33457,2/8/1954,Wellsite geologist
6146,Guy,Schwartz,Female,janeyu@example.org,109.354.9531x08943,25-01-20,"Designer, furniture"
6147,Brandi,Jimenez,Male,uarnold@example.org,+1-427-804-3186x054,31-05-18,Television production assistant
6148,Cindy,Riddle,Female,mayerbrandon@example.com,001-023-489-6101x880,30-03-30,Tax inspector
6149,Dwayne,Singleton,Male,smithalbert@example.org,(182)030-7538,1/12/2029,Merchant navy officer
6150,Zachary,Odonnell,Male,emoore@example.net,(577)240-2741x339,18-08-50,Health physicist
6151,Riley,Hoffman,Male,yeseniamills@example.com,646.495.2616x039,26-12-29,Hydrogeologist
6152,Peter,Gibbs,Male,buckleykristi@example.org,001-979-337-6964x427,5/1/1991,Chartered accountant
6153,Danny,Choi,Male,duanewebster@example.com,+1-611-031-7186x3611,10/4/2005,Corporate treasurer
6154,Abigail,Kelley,Female,romanlindsay@example.net,001-794-547-0538x44080,12/6/1968,Materials engineer
6155,Kelsey,Mcmillan,Female,annarodriguez@example.com,254.279.6993x56118,6/5/1953,Merchant navy officer
6156,Selena,Shepherd,Male,areyes@example.com,-2219,30-07-90,Data scientist
6157,Kari,Christensen,Female,fholmes@example.org,+1-367-230-2757x548,10/12/2016,Advertising art director
6158,Lydia,Fisher,Female,kim55@example.com,+1-713-395-2038x6090,29-09-55,Horticultural consultant
6159,Gilbert,Fowler,Male,towens@example.org,(054)717-4315x7966,28-08-68,Tree surgeon
6160,Kenneth,Rhodes,Male,amanda04@example.net,+1-844-144-0484x82016,22-11-12,Operational investment banker
6161,Norman,Blackwell,Male,bergerriley@example.com,2247059148,17-10-36,"Education officer, museum"
6162,Mia,Hardin,Female,jasoncervantes@example.net,068.734.2648,19-03-52,Conference centre manager
6163,Chase,Mayer,Male,martha76@example.org,001-228-519-4280x78452,1/6/2001,Production manager
6164,Kirk,Stevenson,Female,deanroman@example.org,875382605,2/4/2035,Chartered loss adjuster
6165,Carly,Hooper,Female,klawson@example.com,309-489-8671,19-12-43,Insurance broker
6166,Erik,Cameron,Female,stuart44@example.org,1774010711,29-03-74,"Administrator, Civil Service"
6167,Makayla,Arroyo,Male,lawrencecantrell@example.net,4621658146,23-12-15,"Buyer, retail"
6168,Wayne,Casey,Male,phester@example.org,863-629-9456,28-06-14,"Engineer, drilling"
6169,Lauren,Lindsey,Male,jeremy96@example.net,001-061-127-9047x05323,17-07-05,Race relations officer
6170,Rickey,Kelly,Female,parrishadrian@example.org,553.210.4347x806,7/4/1954,Careers adviser
6171,Gabriela,Rice,Female,kramerpatrick@example.net,959.583.6365x7723,24-09-20,Telecommunications researcher
6172,Taylor,Stephens,Female,montoyatanya@example.com,001-972-672-0330x584,8/4/1994,Clinical biochemist
6173,Doris,Gordon,Female,hammondgabrielle@example.net,(874)502-3161x457,30-03-12,"Teacher, English as a foreign language"
6174,Jenny,Alvarado,Male,jamesdaniels@example.com,249.434.5949,1/1/2028,Water quality scientist
6175,Terri,Livingston,Male,nathanielwarner@example.com,990-524-4349x677,27-10-84,"Engineer, agricultural"
6176,Regina,Vance,Female,iowen@example.org,6408213,6/3/1995,Public house manager
6177,Jaime,Castro,Male,osteele@example.org,(092)446-2430x7781,9/9/1983,Aid worker
6178,Martha,Morse,Female,alexandramichael@example.org,001-381-709-1054x6002,19-11-91,Museum/gallery curator
6179,Aaron,Hensley,Male,wademarvin@example.com,(864)277-5508x22568,20-09-82,Meteorologist
6180,Janice,Hatfield,Male,cabreradebbie@example.com,(647)902-9714x9080,28-05-21,Museum/gallery conservator
6181,Shirley,Vang,Male,adrian93@example.com,001-740-216-1405,14-07-94,Chartered certified accountant
6182,Charlene,Acosta,Female,gardneranna@example.org,741988952,27-06-16,Quarry manager
6183,Rodney,Gross,Male,melanie90@example.com,343-468-2585x559,22-02-45,Insurance account manager
6184,Raymond,Kline,Female,wgilmore@example.com,001-683-885-7376x8478,9/4/2012,Bonds trader
6185,Marie,Glenn,Female,mcclurestacie@example.org,(530)583-1338x87946,13-07-23,Best boy
6186,Anita,Stanton,Male,natashalivingston@example.net,+1-452-123-0977x40598,21-05-93,Community pharmacist
6187,Shannon,Bullock,Female,martin87@example.net,(983)085-9006x6982,25-07-59,Armed forces training and education officer
6188,Roy,Crane,Male,lorrainerichard@example.org,+1-530-027-2586x25692,2/11/1967,Music therapist
6189,Marisa,Herrera,Male,arthur72@example.net,(534)684-3794x14063,24-11-98,Midwife
6190,Andres,Vargas,Male,jessewong@example.org,+1-178-362-8415x546,28-04-40,Police officer
6191,Noah,Hawkins,Male,kristie69@example.com,(094)895-1652x245,26-08-86,Manufacturing engineer
6192,Tracie,Blackburn,Female,gwalton@example.net,001-786-949-2270x214,31-07-59,Restaurant manager
6193,Albert,Eaton,Female,gvillegas@example.com,722736605,13-08-35,Systems developer
6194,Denise,Warren,Male,lisacastro@example.net,336.852.8927x3589,25-12-41,"Production assistant, television"
6195,Debbie,Bridges,Female,floydcollin@example.net,+1-098-874-1464x0887,30-04-80,Curator
6196,Yolanda,Odonnell,Male,sextonbradley@example.net,331-360-2150x57677,15-07-19,Exhibition designer
6197,Darrell,Graves,Male,yvette43@example.com,-3676,27-05-09,Geochemist
6198,Kristie,Stevens,Female,qmcdowell@example.com,154-848-5336x03162,10/12/2008,"Engineer, control and instrumentation"
6199,Shawna,Davidson,Female,robyn13@example.org,001-284-049-0433x5401,25-03-01,"Surveyor, insurance"
6200,Samantha,Suarez,Female,tabithamontoya@example.net,4198425123,27-04-64,"Scientist, research (medical)"
6201,Brian,Arroyo,Male,odaniel@example.net,5341909579,12/2/2011,Television camera operator
6202,Zoe,Johnson,Female,ryannorman@example.net,001-995-170-3070,20-07-61,Systems analyst
6203,Phyllis,Dorsey,Male,mackenzie22@example.org,001-686-275-1113x2843,9/4/1952,Nutritional therapist
6204,Joanne,Glass,Male,bethany81@example.org,3089791176,5/9/1956,Management consultant
6205,Linda,Blankenship,Female,alfred58@example.org,(343)968-0166x658,1/8/2021,Wellsite geologist
6206,Jose,Sosa,Female,lance19@example.net,+1-412-339-3767x8045,22-12-67,Further education lecturer
6207,Isabel,Leblanc,Male,casebeverly@example.org,-1784,14-02-26,Occupational hygienist
6208,Joseph,Sellers,Female,nicholspamela@example.com,+1-097-729-8315x158,8/12/2033,"Designer, blown glass/stained glass"
6209,Doris,Poole,Male,hshepherd@example.com,3336635782,28-07-93,Leisure centre manager
6210,Corey,Ferrell,Male,combsbrandon@example.com,469-703-7502x10599,14-12-29,Analytical chemist
6211,Debra,Mcclure,Male,ithornton@example.net,143.153.5281x57459,6/8/2035,Commissioning editor
6212,Bianca,Stone,Female,luisstephenson@example.com,+1-075-809-6189x3895,3/10/1974,Theatre manager
6213,Leon,Buck,Female,kmendoza@example.org,-6145,8/3/1985,Interpreter
6214,Laura,Bailey,Female,espencer@example.net,262.693.2204x3548,26-08-68,Accommodation manager
6215,Elijah,Hinton,Female,wvargas@example.org,044.426.3759x74517,7/6/2048,Psychiatric nurse
6216,Loretta,Andersen,Male,cgreene@example.net,001-418-781-8834,19-07-20,Legal executive
6217,Collin,Steele,Female,troy72@example.net,031-644-7603,12/10/1996,Dance movement psychotherapist
6218,Brent,Kennedy,Male,mhouse@example.com,+1-740-682-5922x942,19-10-32,Intelligence analyst
6219,Tiffany,Barker,Male,lanechristopher@example.com,435.977.6658,22-10-44,"Engineer, electronics"
6220,Thomas,Espinoza,Female,anne32@example.com,(058)411-6419x536,12/3/2003,Artist
6221,Latoya,Mays,Female,duane81@example.com,001-427-698-3196,3/1/1951,Games developer
6222,Jason,Fritz,Male,crosstheresa@example.org,001-247-786-4743,30-01-64,Dentist
6223,Chloe,Wallace,Male,karl91@example.org,471.169.2065x708,29-08-90,Telecommunications researcher
6224,Miguel,Moyer,Female,rochadave@example.org,941-196-3840,19-09-81,"Designer, furniture"
6225,Cesar,Yang,Male,dwaynemcclure@example.net,(888)913-7042,7/10/2006,IT consultant
6226,Anna,Shields,Male,spope@example.org,319.505.2117x43509,25-04-86,Chief Technology Officer
6227,Reginald,Powers,Female,enash@example.net,(142)877-7996,9/6/2018,Personnel officer
6228,Jason,Pugh,Male,roachlance@example.org,001-586-328-0105x576,4/2/2037,Field trials officer
6229,Andrea,Frye,Male,stuartnixon@example.org,573.633.6131x1834,18-01-26,"Engineer, petroleum"
6230,Lacey,Bright,Female,brian93@example.net,+1-199-047-0434x1763,27-05-00,"Civil engineer, consulting"
6231,Alexander,Haynes,Male,tabithadunn@example.com,6531875381,25-10-06,"Engineer, chemical"
6232,Lance,Travis,Male,neilprince@example.net,144-301-7989,17-07-28,Psychiatrist
6233,Mitchell,Hinton,Female,cknox@example.org,-7612,22-05-89,Legal executive
6234,Gilbert,Berger,Male,moniquegay@example.com,3823296575,30-11-44,Hydrogeologist
6235,Manuel,Walton,Female,zburton@example.com,899.435.1730x737,2/12/2017,Travel agency manager
6236,Bonnie,Sweeney,Female,murrayashlee@example.net,001-490-999-6620x21383,3/7/2043,"Engineer, communications"
6237,Jeanette,Fry,Male,troymora@example.net,391.694.9344x36971,10/8/1997,Occupational psychologist
6238,Derrick,Maddox,Male,moyersamuel@example.com,952-042-8266,4/9/1980,Cartographer
6239,Marcia,Christensen,Female,yvonneyork@example.org,248-059-6191,17-12-49,Sub
6240,Susan,Pham,Male,bernard12@example.com,754-563-7574,4/4/2001,"Engineer, control and instrumentation"
6241,Corey,Guerrero,Male,ricky21@example.org,237-835-5125,31-03-72,Civil Service fast streamer
6242,Craig,Werner,Female,ybruce@example.org,328-645-4114,5/11/1976,"Psychologist, prison and probation services"
6243,Gary,Byrd,Female,tamara88@example.org,+1-564-134-3885x1851,1/3/1975,Analytical chemist
6244,Dylan,Gates,Female,christopher38@example.com,(496)834-7229x003,5/10/2013,Warden/ranger
6245,Shirley,Dennis,Male,krystalstone@example.net,696-895-9681x879,6/10/2029,Financial adviser
6246,Richard,Fields,Male,ufuentes@example.net,880.263.2562x80290,3/6/2034,"Civil engineer, consulting"
6247,Arthur,Gray,Female,traciliu@example.com,269-848-9067x304,19-02-82,Financial trader
6248,Alison,Holland,Male,brandon39@example.org,304-781-5029x313,9/9/2005,Sports therapist
6249,Herbert,Colon,Male,vanceshawn@example.org,727-636-9036,22-07-41,"Pharmacist, community"
6250,Linda,Wright,Female,shirley44@example.com,123-731-0685,9/5/1970,"Designer, industrial/product"
6251,Shane,Vance,Female,ecase@example.net,-6647,11/7/2005,"Administrator, sports"
6252,Dominic,Briggs,Female,fhogan@example.org,(339)859-8721x228,24-05-19,"Engineer, structural"
6253,Herbert,Roberts,Female,leblancruth@example.com,620-008-0123x90979,28-06-01,Art gallery manager
6254,Jamie,Fields,Male,clairecalhoun@example.com,8182197526,17-06-70,Plant breeder/geneticist
6255,Sharon,Mcconnell,Male,vchavez@example.com,043-454-3428x578,22-08-41,Air broker
6256,Nancy,Mathews,Female,sophia82@example.com,236.957.0259x049,17-02-98,Clinical research associate
6257,Oscar,Ramos,Female,angiesuarez@example.org,001-626-800-8921x0457,11/10/2038,Field trials officer
6258,Lori,Tucker,Male,tammie25@example.net,604.627.5790x91053,27-08-95,Forest/woodland manager
6259,Mary,Gamble,Female,matthewsgarrett@example.net,(116)864-0089,12/11/1961,Investment analyst
6260,Leroy,Mullen,Female,ymorrison@example.com,673.264.9391,14-11-10,Personal assistant
6261,Jacqueline,Reeves,Male,myerssherry@example.net,285.361.5564x40701,16-12-03,Trade mark attorney
6262,Lorraine,Small,Male,rodneyscott@example.net,(307)012-3935x123,3/3/2044,Telecommunications researcher
6263,Christopher,Lara,Female,arocha@example.com,239.563.0657x41672,29-03-20,Arboriculturist
6264,Albert,Blake,Female,xavier37@example.org,001-162-267-7716,23-08-21,"Engineer, electronics"
6265,Annette,Huber,Female,ashlee58@example.org,(089)109-8920x673,17-02-39,"Engineer, mining"
6266,Katie,Chung,Male,ujones@example.com,+1-190-527-7601x519,5/11/2000,"Runner, broadcasting/film/video"
6267,Andrea,Morales,Male,noah14@example.org,029-525-6243x64651,31-03-50,"Psychologist, counselling"
6268,Joanna,Maddox,Female,treid@example.com,001-465-418-5378x60509,15-07-06,Magazine journalist
6269,Johnathan,Villa,Female,andersenjeffrey@example.net,145.286.1060x9024,11/7/2013,Physiotherapist
6270,Loretta,Duffy,Male,jessecharles@example.org,(805)098-2259,12/8/1960,Airline pilot
6271,Brittney,Jacobson,Male,margaretmontoya@example.org,001-686-592-9484x015,27-11-19,"Engineer, land"
6272,Holly,Skinner,Female,higginsdan@example.com,(704)977-0684,6/6/1970,Forensic psychologist
6273,Elijah,Bentley,Female,qcooke@example.org,-3463,25-10-71,Air broker
6274,Paula,Wilcox,Female,lonnie75@example.org,(459)266-2053x30526,16-08-73,Recycling officer
6275,Ariel,Velez,Female,hensleybrittney@example.com,001-165-023-8236x838,10/6/1958,Charity fundraiser
6276,Kelsey,Leon,Female,dominicgarza@example.com,428-397-7129x53900,8/7/1986,Forensic psychologist
6277,Terrence,Schmidt,Female,traceyfischer@example.org,(878)731-8098,3/10/1954,Architectural technologist
6278,Cheyenne,Banks,Male,newtonkatrina@example.com,+1-230-047-8142x51187,28-03-43,Advertising account executive
6279,Holly,Jefferson,Male,gordon77@example.com,001-757-135-1803,5/12/1950,Sports development officer
6280,Jennifer,Chavez,Male,griffithshelby@example.org,001-989-948-5938,4/5/2029,Chief Marketing Officer
6281,Craig,Conway,Male,arianaduran@example.org,583-628-3012,15-11-34,"Chemist, analytical"
6282,George,Maxwell,Male,grosscarol@example.org,001-018-785-3810x91913,19-05-71,"Engineer, water"
6283,Kristine,Kim,Female,bsanders@example.net,514.748.1414,28-01-38,Environmental education officer
6284,Morgan,Dunn,Female,dakotabarry@example.com,062-365-4460,17-11-09,"Psychotherapist, dance movement"
6285,Alan,Briggs,Male,joannewiley@example.org,+1-368-726-3048x400,11/12/2006,Brewing technologist
6286,Devon,Gray,Male,ekane@example.com,6299824931,6/9/1986,"Engineer, water"
6287,Dorothy,Hodge,Male,leonard50@example.com,951.567.6872,5/8/2008,Event organiser
6288,Connie,Roberts,Female,tarcher@example.net,001-322-776-5430x858,25-10-86,Research scientist (life sciences)
6289,Kaylee,Raymond,Female,joycedustin@example.net,593-453-8989,21-10-86,"Engineer, civil (consulting)"
6290,Melody,Rojas,Female,holderkylie@example.org,262-589-9425,14-12-56,Probation officer
6291,Richard,Doyle,Male,tyronekhan@example.net,3073541404,2/9/2020,Further education lecturer
6292,Thomas,Melton,Male,michele05@example.com,+1-617-563-4967x7052,25-12-11,Medical technical officer
6293,Margaret,Winters,Female,huntertonya@example.com,(598)620-3474,10/7/2008,"Journalist, broadcasting"
6294,Alexis,Francis,Female,johnathanbarajas@example.org,240-644-4400x66949,21-02-20,Recycling officer
6295,Lance,Eaton,Male,shelia40@example.org,+1-033-215-4183x8682,27-11-52,Video editor
6296,Chris,Duke,Female,patty72@example.net,558.352.2514x067,1/12/2041,Secretary/administrator
6297,Claudia,Edwards,Female,normanhooper@example.net,001-577-737-3907x5052,17-03-32,Health visitor
6298,Shane,Mcgrath,Female,ycrane@example.org,001-615-244-0532x507,27-08-49,Illustrator
6299,Brenda,Greene,Female,vhuff@example.com,+1-856-276-3371x4635,6/4/1969,"Producer, radio"
6300,Robin,Nelson,Female,rickeycalderon@example.org,(357)656-0938x82102,21-11-84,Ship broker
6301,Dawn,Winters,Male,robert46@example.net,001-486-059-1970x478,7/11/2019,Information officer
6302,Jose,Fuentes,Male,mgentry@example.net,001-937-452-0426x9055,5/2/2019,Chartered accountant
6303,Ruben,Stafford,Female,jeremiahrowe@example.net,002-031-8543x661,20-12-57,Science writer
6304,Wyatt,Erickson,Female,marshnina@example.net,942-634-4320,24-10-11,Heritage manager
6305,Caitlyn,Dudley,Male,ohull@example.com,351-447-0671,26-10-59,"Production assistant, radio"
6306,Alvin,Glover,Male,omar30@example.org,580.622.8471x962,18-10-37,Early years teacher
6307,Suzanne,Blevins,Female,bsnyder@example.net,(335)314-4955,7/3/2002,"Loss adjuster, chartered"
6308,Spencer,Williams,Female,russopaul@example.com,209-396-3453,21-07-11,Armed forces training and education officer
6309,Randall,Clayton,Female,hatkinson@example.com,001-113-641-1102x40223,15-04-09,Chief Technology Officer
6310,Candice,Stout,Female,avilajustin@example.com,001-759-109-0275x1018,4/2/1973,"Therapist, nutritional"
6311,Joe,Keller,Female,earl58@example.com,(378)276-3307x876,9/3/2017,Museum/gallery conservator
6312,Tracey,Dunlap,Male,colingordon@example.net,270-363-9902x11671,20-03-85,Nature conservation officer
6313,Lisa,Chung,Male,usolis@example.com,503-800-9815,20-01-59,"Teacher, English as a foreign language"
6314,Chris,Werner,Female,mauricehopkins@example.org,001-719-393-9747x531,26-05-87,Operational investment banker
6315,Daniel,Aguirre,Female,gabriella07@example.com,085.760.6310x3900,2/1/1972,"Nurse, learning disability"
6316,Veronica,King,Female,kent88@example.com,047.909.8001,21-07-02,Insurance underwriter
6317,Tracie,Wilkins,Male,andremullins@example.org,+1-763-099-7947x816,10/8/1989,Theatre stage manager
6318,Kirk,Duarte,Male,veronicamolina@example.net,001-699-889-0302x79557,19-07-53,"Therapist, sports"
6319,Clifford,Saunders,Female,andrewsmatthew@example.com,089-058-7830,4/10/2018,Graphic designer
6320,Helen,Shah,Female,zandrews@example.com,001-614-594-1279x8337,8/12/2020,Medical sales representative
6321,Sally,Andrade,Female,bondsuzanne@example.net,+1-291-728-6338x92594,16-10-68,"Production designer, theatre/television/film"
6322,Martin,Dawson,Male,jodysosa@example.com,332-607-4219x770,13-02-89,"Surveyor, building control"
6323,Miguel,Barajas,Female,kentphillip@example.org,-3692,27-02-12,Software engineer
6324,Rachel,Olsen,Female,cristina49@example.org,(419)962-3742,14-01-53,Human resources officer
6325,Denise,Cardenas,Female,rburgess@example.com,520-943-5212,19-07-75,"Buyer, retail"
6326,Jaime,Macias,Male,pnewman@example.com,527-199-3061x966,15-08-20,"Psychologist, counselling"
6327,Gregg,Underwood,Female,kkaiser@example.com,738711400,1/11/1981,Hospital pharmacist
6328,Bridget,Sheppard,Female,mendezmanuel@example.org,594-681-9525,24-07-17,Higher education lecturer
6329,Christopher,Sanford,Female,fisherjim@example.org,(493)492-5477x30920,3/6/1987,"Engineer, site"
6330,Anna,Charles,Female,qtanner@example.org,+1-720-485-3435x04350,13-11-29,"Nurse, learning disability"
6331,Brady,Mata,Male,ufitzpatrick@example.net,(567)408-5172,20-09-51,Licensed conveyancer
6332,Justin,Nixon,Male,psnyder@example.com,+1-715-615-4169x15630,27-04-16,Advertising account executive
6333,Meagan,Benjamin,Female,sjoseph@example.com,001-068-912-9306,27-09-06,"Surveyor, insurance"
6334,Cassidy,Landry,Male,mathewschelsea@example.net,(776)363-3872x7553,21-07-83,Academic librarian
6335,Lisa,Donovan,Male,erin72@example.org,155.484.1333,30-11-03,Personnel officer
6336,Kristy,Kerr,Female,xstark@example.org,001-055-813-8578x06684,20-07-75,Occupational hygienist
6337,Kayla,Webb,Female,gboyle@example.org,001-481-374-3960,30-05-27,Community development worker
6338,Mary,Rogers,Female,herringedwin@example.net,-2452,22-09-88,"Research officer, political party"
6339,Dustin,Burnett,Male,qwise@example.com,001-365-025-8177,4/9/1969,"Solicitor, Scotland"
6340,David,Riddle,Male,houstonhailey@example.com,(647)974-2933x82457,15-04-22,Community pharmacist
6341,Fernando,Delacruz,Male,huffchristian@example.org,9363385233,20-11-12,Publishing copy
6342,Darrell,Bright,Male,brollins@example.org,859.928.5600,1/9/1968,"Programme researcher, broadcasting/film/video"
6343,Nathaniel,Grant,Male,betty11@example.com,8390959959,4/10/2018,Stage manager
6344,Ian,Holder,Male,pamela90@example.net,(477)248-1373,30-03-83,"Investment banker, operational"
6345,Glenda,Armstrong,Male,miguel12@example.org,535.746.8834x12262,7/2/2013,Telecommunications researcher
6346,Shane,Hawkins,Female,graywesley@example.org,415-818-7722,29-09-53,Museum education officer
6347,Tom,Curry,Male,nina93@example.net,762-015-8605,4/4/2022,Legal executive
6348,Andrew,Horton,Male,martinezbrady@example.com,594-757-4339x29418,31-07-61,"Librarian, academic"
6349,Edgar,Gibbs,Male,qarmstrong@example.com,001-284-672-8355x3772,15-03-23,Chartered legal executive (England and Wales)
6350,Evan,Nelson,Male,mccallhector@example.org,709.543.8231x936,2/3/1973,"Designer, textile"
6351,Jonathan,Nielsen,Female,dominique67@example.org,304.644.0551x4864,5/9/2039,"Teacher, special educational needs"
6352,Dylan,Knox,Male,bwhite@example.net,(485)007-6763,20-04-82,Mechanical engineer
6353,Lacey,Sparks,Male,vegagregory@example.com,+1-799-559-5917x1548,9/10/1967,Astronomer
6354,Philip,Garrett,Male,clarkerussell@example.net,355-621-4301,25-04-73,Pensions consultant
6355,Eugene,Pineda,Male,bradybrian@example.com,193-526-5068x68263,14-03-61,IT sales professional
6356,Roberta,Sexton,Male,tanner57@example.org,(529)993-5030,24-09-15,Neurosurgeon
6357,Bonnie,Rivera,Female,jrubio@example.net,(738)320-8813x578,28-04-38,"Engineer, electronics"
6358,Tyrone,Mcclure,Female,juliaromero@example.com,444.942.7984x05847,3/3/1953,Technical brewer
6359,Craig,Holt,Female,austintami@example.org,064.624.4581,24-12-93,Market researcher
6360,Terri,Jimenez,Male,tannersalas@example.net,(937)650-2031,1/5/2046,Consulting civil engineer
6361,Steve,Rosales,Male,beverlyellis@example.org,711.051.4889x086,3/8/2005,Horticultural therapist
6362,Tracy,Watts,Male,tracyfrench@example.org,562394036,4/6/1954,Homeopath
6363,Gina,Hayden,Female,janiceschultz@example.org,858-468-6583x098,28-10-70,Commercial horticulturist
6364,Darin,Evans,Female,kendra79@example.net,(626)359-4236,16-04-90,"Engineer, broadcasting (operations)"
6365,Mary,Frazier,Male,comptonmicheal@example.org,+1-282-938-1752x03129,23-06-33,Physiotherapist
6366,Cathy,Dalton,Female,randy18@example.com,-9258,14-07-89,Sports coach
6367,Dominic,Roberson,Male,jenna57@example.com,722-920-8091,30-04-24,Secondary school teacher
6368,Helen,Matthews,Female,hancockmalik@example.org,+1-190-706-3026x7536,26-01-62,"Administrator, arts"
6369,Colton,Lindsey,Male,sbowen@example.org,6221411885,22-01-09,Clinical psychologist
6370,Earl,Cowan,Female,crystal13@example.org,789.730.4706x2300,13-05-43,"Designer, exhibition/display"
6371,Mitchell,Quinn,Female,jacobwoods@example.net,001-184-554-5134x3006,1/11/1950,Information systems manager
6372,Howard,Reeves,Male,heidisnyder@example.org,8305245173,7/1/1968,"Horticulturist, amenity"
6373,Robyn,Vega,Male,clinegarrett@example.org,635-282-8506,2/6/1977,Telecommunications researcher
6374,Darlene,Nielsen,Female,treese@example.com,811-181-1260,24-02-10,Network engineer
6375,Richard,Avery,Female,robert09@example.net,5799642817,17-01-95,Special educational needs teacher
6376,Stacey,Bolton,Female,xperez@example.org,+1-292-960-1333x6892,20-11-08,Network engineer
6377,Jaime,Burgess,Female,eibarra@example.org,(023)961-2557x84093,24-09-17,"Pilot, airline"
6378,Gordon,Prince,Male,hicksdana@example.org,341.404.4459x8640,5/1/1966,Writer
6379,Oscar,Strong,Female,chaveztraci@example.org,775.324.0466x26017,16-12-18,Building surveyor
6380,Megan,Estrada,Male,jessica96@example.org,507.368.5959,9/2/1962,Leisure centre manager
6381,Aaron,Delacruz,Female,pattersonalexander@example.net,(514)693-8212x80631,6/2/1962,Call centre manager
6382,Brady,Briggs,Female,oyates@example.org,001-033-497-6424x5316,22-12-96,Broadcast engineer
6383,Rita,Hickman,Female,georgehowell@example.net,+1-024-340-2832x5787,18-02-04,Technical author
6384,Angel,Holt,Male,patricktroy@example.net,307-871-1861x13230,20-02-49,Travel agency manager
6385,Chloe,Gilmore,Male,carmen79@example.com,645.975.3672x175,6/5/2024,"Lecturer, further education"
6386,Natasha,Yates,Female,stacy67@example.com,(644)661-9363x90486,3/6/1977,"Engineer, structural"
6387,Gary,Houston,Male,autumnross@example.net,092-824-9049x370,16-08-07,Professor Emeritus
6388,Bethany,Wolf,Male,umontgomery@example.org,936.857.0634x856,27-07-08,"Therapist, speech and language"
6389,Laura,Rodgers,Male,grossabigail@example.org,+1-980-561-5651x844,20-11-17,"Surveyor, land/geomatics"
6390,Connor,James,Female,dakota11@example.com,173.646.6437x79070,28-12-93,Aid worker
6391,Jean,Richmond,Male,kristyluna@example.com,001-065-123-1720x514,10/7/2027,Financial manager
6392,Miguel,Hays,Female,lonnie90@example.com,476.910.5837,22-12-76,Video editor
6393,Shari,Mcdonald,Female,npotter@example.com,817-512-5530,6/7/1956,"Administrator, local government"
6394,Jackie,Hahn,Female,qvaughn@example.org,001-554-564-6283,31-10-26,Plant breeder/geneticist
6395,Teresa,Moyer,Female,edwardterry@example.com,826-766-1564x920,13-01-19,Building surveyor
6396,Sean,Mejia,Male,pdominguez@example.org,8494796323,6/10/2009,Intelligence analyst
6397,Mercedes,Cline,Female,alexa87@example.net,-2353,26-08-81,Sports therapist
6398,Audrey,Mckay,Male,janecobb@example.net,(181)449-6815,12/2/2021,Location manager
6399,Valerie,Bradley,Male,sonyadavid@example.net,(988)259-6508x6828,28-10-06,Public relations officer
6400,Terrance,Williams,Female,dunlapbridget@example.org,373.122.7937,21-03-08,Nutritional therapist
6401,Penny,Moon,Female,bryce52@example.com,(321)516-9022,15-11-10,Barrister
6402,Eileen,Cooper,Male,cassidy33@example.com,(451)711-5948x90458,9/8/2006,Associate Professor
6403,Vincent,Moore,Male,lritter@example.com,380.452.1910x525,13-01-42,Colour technologist
6404,Terri,Robertson,Female,mckenzieharvey@example.net,2643716041,12/3/2041,"Pharmacist, hospital"
6405,Phillip,Gross,Female,huertajason@example.com,001-325-374-6348x77972,20-06-90,"Education officer, environmental"
6406,Mariah,Combs,Female,vincentburton@example.org,-6874,25-01-30,Customer service manager
6407,Adriana,Herring,Female,james76@example.net,001-616-766-9845,8/5/2027,"Runner, broadcasting/film/video"
6408,Alec,Lowery,Female,sandyrosario@example.net,966-200-2924x2209,9/10/1959,Television production assistant
6409,Charlene,Vargas,Male,osborneallen@example.net,001-663-672-4827,9/7/1997,Electrical engineer
6410,Dillon,Key,Male,beaton@example.com,3895377638,28-06-74,Charity officer
6411,Desiree,Snow,Female,loretta68@example.com,329.970.8765x158,21-05-32,Medical technical officer
6412,Heidi,Mercer,Male,martineztammie@example.org,003.848.7355x7360,16-07-10,"Social research officer, government"
6413,Ricardo,Ewing,Male,buckleylaurie@example.com,588-919-1225x54195,21-11-97,Database administrator
6414,Marco,Mcmahon,Male,boothlinda@example.org,7302032778,28-02-23,Editorial assistant
6415,Dan,Lindsey,Male,hallison@example.org,(510)523-3658x3864,5/6/2018,Firefighter
6416,Danny,Boyer,Male,valentinejohnathan@example.net,001-831-619-2720x0466,25-01-98,"Scientist, forensic"
6417,Scott,Maxwell,Male,genesmall@example.org,001-248-619-3608x168,22-05-22,Radio producer
6418,Haley,Carrillo,Female,xibarra@example.net,312.348.5284,8/2/2014,Estate agent
6419,Vernon,Livingston,Female,jonathan77@example.com,001-641-863-9367x3853,7/5/1967,Environmental consultant
6420,Natalie,Berry,Male,ccarey@example.com,300-603-7067x0554,8/1/2021,Airline pilot
6421,Fernando,Choi,Male,zrogers@example.org,001-864-254-4626x44523,25-12-01,Arboriculturist
6422,Max,Cantu,Female,alexandriahale@example.com,+1-106-242-3689x602,5/3/2006,Transport planner
6423,Maria,Reese,Male,jefferydecker@example.com,001-247-960-6127,7/4/2043,Newspaper journalist
6424,Anna,Bush,Female,fhopkins@example.net,(350)264-5959x49395,4/8/1969,Local government officer
6425,Kent,Branch,Female,feliciastone@example.org,606.200.2596,14-11-20,Immigration officer
6426,Andrea,Soto,Male,carlos65@example.net,001-987-691-1023x480,1/12/2009,Financial controller
6427,Stephen,Cowan,Male,russell44@example.net,036.818.9654,14-11-34,Financial adviser
6428,Penny,Singh,Male,omar33@example.org,(917)251-9418x545,1/11/1996,"Pharmacist, community"
6429,Alexis,Anderson,Female,kaylee82@example.org,+1-289-136-6858x0729,16-09-93,Quality manager
6430,Darryl,Patel,Male,cshaw@example.com,8151545957,18-10-16,Health physicist
6431,Kaitlyn,Rogers,Male,andrea60@example.org,817-316-5469,7/11/2015,"Teacher, adult education"
6432,Kelly,Conner,Male,cmorrison@example.org,-5104,8/10/2006,Electronics engineer
6433,Willie,Huber,Female,smassey@example.net,627.379.0087x948,20-09-18,Radiation protection practitioner
6434,Jonathan,Silva,Female,henrybutler@example.net,772.510.2784x42185,17-02-72,Television camera operator
6435,Karen,Horn,Male,rebekahgolden@example.net,905.032.3226x833,24-05-04,Commercial horticulturist
6436,Scott,Osborn,Male,warren34@example.net,881-112-1561,31-05-17,Community pharmacist
6437,Cheryl,Butler,Female,rickyhunt@example.org,374.111.1871,20-07-02,Multimedia specialist
6438,Bianca,Beltran,Male,matthewsray@example.net,(755)744-9740x0631,21-01-72,Land
6439,Lauren,Jacobson,Female,lholt@example.org,269-178-2141x89354,22-10-47,Physiological scientist
6440,Jordan,Booker,Male,jenningsedgar@example.net,+1-811-014-6208x75291,20-07-36,Adult guidance worker
6441,Jim,Evans,Female,jbeck@example.net,+1-185-310-7499x069,7/11/2007,"Librarian, public"
6442,Sylvia,Flores,Female,rholt@example.net,001-058-147-5592x53058,27-11-08,Operational researcher
6443,Anne,Dunn,Male,khahn@example.org,236.996.2535,14-09-65,"Therapist, nutritional"
6444,Erik,Woodard,Female,leroyriddle@example.org,001-800-549-1603,22-06-69,Ship broker
6445,Ebony,Schroeder,Female,avalentine@example.com,698-586-1584x6631,24-07-19,Magazine features editor
6446,Steve,Stevenson,Female,joyceclinton@example.org,163.112.7400,21-10-03,"Programme researcher, broadcasting/film/video"
6447,Tim,Black,Female,whitakergreg@example.com,+1-866-858-1246x6508,15-12-26,"Administrator, Civil Service"
6448,Haley,Carlson,Female,mezajasmine@example.org,001-908-712-4917x13105,4/12/1954,Orthoptist
6449,Cindy,Lam,Male,adrienne21@example.net,(369)407-6689,14-08-37,Exhibition designer
6450,Peter,Bolton,Male,johnathangriffin@example.com,(805)755-4774,22-10-94,"Lighting technician, broadcasting/film/video"
6451,Tonya,Barron,Male,cory19@example.org,7767256016,8/4/2020,Adult guidance worker
6452,Tammy,Stuart,Male,jody47@example.net,805-751-9962x640,3/9/2014,Primary school teacher
6453,Lindsey,Vazquez,Female,gblankenship@example.com,058.625.9447x65575,18-01-78,"Teacher, primary school"
6454,Cathy,Ochoa,Female,craig09@example.com,(383)412-6458,3/2/1991,"Education officer, museum"
6455,Tristan,Osborne,Male,katie45@example.org,001-129-421-1593x9292,27-10-36,"Designer, blown glass/stained glass"
6456,Gabriel,Fischer,Male,danny88@example.com,(738)666-8559,23-06-48,Financial manager
6457,Guy,Willis,Female,olivia34@example.net,+1-264-242-1540x5866,14-07-54,"Editor, magazine features"
6458,Hector,Mckinney,Male,glenglenn@example.com,001-459-391-8371x02133,1/11/1971,Public relations officer
6459,Emily,Conway,Male,ycrawford@example.com,+1-127-544-4204x2335,23-05-15,Speech and language therapist
6460,Rebecca,Braun,Female,annepeck@example.com,+1-797-163-5860x055,13-06-71,Network engineer
6461,Brendan,Savage,Male,roblestyrone@example.com,(547)087-9084x335,13-10-17,Armed forces training and education officer
6462,Luis,Newman,Female,gosborn@example.net,2467864764,28-01-52,Web designer
6463,Perry,Long,Male,kellytyler@example.org,(106)057-1540x74318,11/6/2004,Historic buildings inspector/conservation officer
6464,Paige,Stevenson,Male,williamsvicki@example.com,598.410.3669,13-09-57,Learning mentor
6465,Haley,Bridges,Male,deniseyork@example.org,001-353-920-5639x96628,2/11/2012,Aeronautical engineer
6466,Ruben,Arellano,Female,brent24@example.com,-10092,27-10-28,Research scientist (medical)
6467,Olivia,Rivas,Female,vickie10@example.net,174-958-7045x48320,30-09-59,Public house manager
6468,Dylan,Aguilar,Female,fernandezaudrey@example.net,040-961-4065x10781,20-08-47,Electrical engineer
6469,Yesenia,Ortega,Female,zlester@example.com,+1-081-273-1743x789,7/9/2049,Aeronautical engineer
6470,Ronald,Sellers,Female,barnesmason@example.com,+1-371-919-0631x54638,16-03-35,Seismic interpreter
6471,Leroy,Potts,Male,brianasanchez@example.com,001-628-432-9027x7474,14-08-18,Psychiatrist
6472,Beverly,Long,Female,marissatownsend@example.net,551-523-1076,27-07-10,Stage manager
6473,Lynn,Stevenson,Female,jacksonbooker@example.net,(322)426-4050x1564,7/7/2023,Administrator
6474,Harry,Rubio,Female,dorothy94@example.com,-6162,8/8/2037,Textile designer
6475,Bernard,Pittman,Female,erikadouglas@example.net,001-097-906-0013x893,5/8/2018,Osteopath
6476,Shirley,Garza,Male,kristine15@example.net,001-885-711-6150,12/9/2020,"Engineer, agricultural"
6477,Caitlyn,Buchanan,Male,biancaflores@example.net,7227651623,19-09-84,Occupational hygienist
6478,Meredith,Ferguson,Female,horoberta@example.org,938-523-1987,10/2/1994,"Loss adjuster, chartered"
6479,Tracie,Davila,Female,mario83@example.org,(431)655-0190x457,2/12/2008,Network engineer
6480,Karen,Chavez,Female,zoconnell@example.net,+1-388-037-3063x786,29-07-55,Television/film/video producer
6481,Jeffrey,Duncan,Male,tyler81@example.org,(070)637-4214x3588,7/8/2015,Estate manager/land agent
6482,Angela,Hester,Female,tabithafields@example.org,(975)555-4981x0019,21-02-26,Arboriculturist
6483,Mindy,Knapp,Male,tmyers@example.net,(217)608-1051x195,12/7/1977,Corporate treasurer
6484,Rickey,Velazquez,Female,heather27@example.com,001-428-652-1515x492,25-04-23,"Producer, radio"
6485,Marc,Simon,Male,xmurray@example.org,(613)831-5630x0671,20-03-22,Cytogeneticist
6486,Luke,Brock,Male,savagevirginia@example.com,023.867.6332,23-09-76,"Psychotherapist, child"
6487,Denise,Moran,Male,max15@example.com,273-971-7087x01579,20-07-78,Trade union research officer
6488,Judy,Wilkerson,Female,rioschase@example.org,(905)636-0037x043,22-04-76,Adult guidance worker
6489,Duane,Pratt,Female,blake86@example.net,(416)346-4610x9317,21-07-11,Air cabin crew
6490,Erik,Day,Male,derrick80@example.org,182.441.8124,12/1/1982,Warden/ranger
6491,Dominique,Buchanan,Male,jaclynhuffman@example.org,001-416-332-4858x7917,21-01-26,Trade mark attorney
6492,Tami,Guerrero,Male,wburch@example.com,2740877256,11/6/2043,Passenger transport manager
6493,Nathaniel,Nicholson,Male,yjefferson@example.org,975.244.1674,11/7/1983,Recycling officer
6494,Roberto,Johnson,Female,marvinchang@example.org,786-259-5152x8452,18-08-11,"Optician, dispensing"
6495,Danny,Chandler,Female,tiffany95@example.org,091-933-1351x9757,14-02-15,Microbiologist
6496,Phillip,Sweeney,Male,castanedamarc@example.net,(425)724-7432x4970,18-03-98,Biomedical scientist
6497,Zoe,Vargas,Female,vpugh@example.org,(999)250-6126x4173,25-05-28,"Producer, radio"
6498,Caitlin,Bruce,Male,beckybrooks@example.org,001-447-956-7826,26-08-32,Agricultural engineer
6499,Tyrone,Rangel,Female,vwalton@example.org,-11016,5/3/2010,Museum/gallery exhibitions officer
6500,Marissa,Travis,Male,cameron19@example.net,001-016-528-4620x337,12/9/2012,"Nurse, adult"
6501,Bianca,Sutton,Female,dakota31@example.org,+1-679-221-8116x887,23-01-22,Call centre manager
6502,Suzanne,Decker,Female,waderalph@example.net,722-593-5297,19-01-16,Museum education officer
6503,Trevor,Morgan,Male,turnererik@example.com,(897)089-4286x19162,6/11/2039,Investment analyst
6504,Darius,Spears,Male,morgan74@example.com,2239509407,14-01-79,Corporate investment banker
6505,Bianca,Rivera,Female,andres03@example.com,171.887.0388x5908,3/1/1969,Customer service manager
6506,Krystal,Singleton,Female,garrettdowns@example.com,-5285,31-12-04,Broadcast engineer
6507,Melody,Velazquez,Male,uholland@example.net,901965104,18-07-11,Art therapist
6508,Elaine,Walter,Male,hodgesautumn@example.org,531.182.6431,11/12/1961,"Designer, television/film set"
6509,Gabriel,Snyder,Male,mariah04@example.com,001-263-384-0305x48500,6/12/2024,Minerals surveyor
6510,Alejandra,Molina,Female,michaela60@example.com,648-505-5013x293,27-01-40,Translator
6511,Billy,King,Female,georgebrandon@example.org,001-494-394-8158x40577,6/10/1962,Estate agent
6512,Craig,Baxter,Female,jennacoleman@example.com,234.701.6854x2574,27-07-90,Estate manager/land agent
6513,Lydia,Daniels,Female,mccallfrederick@example.org,438-571-9812,25-07-34,Retail banker
6514,Damon,Raymond,Female,mathisfrancis@example.net,001-633-962-6646x766,9/4/2016,Medical secretary
6515,Austin,Yoder,Male,evanchavez@example.com,+1-218-378-6733x067,9/1/2035,"Buyer, retail"
6516,Jo,Franklin,Female,shawnlogan@example.org,655-116-6683,21-04-08,Publishing copy
6517,Natalie,Ali,Female,everettsean@example.org,001-764-674-0348x44848,13-06-42,Maintenance engineer
6518,Jenna,Montoya,Female,snyderkylie@example.com,215.918.1765,31-12-15,Electronics engineer
6519,Eileen,Shepherd,Female,ghendrix@example.com,001-039-943-7326x775,21-07-97,Animal nutritionist
6520,Glen,Patterson,Female,chungkatelyn@example.com,4775538574,19-05-18,Electronics engineer
6521,Marilyn,Boyle,Male,sarahbaker@example.com,+1-931-442-3905x4095,28-12-31,Advertising account executive
6522,Dominic,Vance,Female,rodriguezdale@example.com,710-300-2900x023,12/12/1992,Agricultural engineer
6523,Jill,Lynch,Male,kristine81@example.net,001-850-596-9256x39458,26-10-41,Writer
6524,William,Walton,Male,elijahrivers@example.net,001-847-842-0608x6745,2/6/1973,Television camera operator
6525,Sandra,Leach,Male,uschroeder@example.com,939.363.1627x2673,20-05-19,Oceanographer
6526,Lauren,Eaton,Female,ifernandez@example.net,001-856-425-2325x180,6/7/2017,Learning disability nurse
6527,Tiffany,Murray,Male,kristyfrancis@example.com,+1-317-634-8717x83746,13-10-03,"Scientist, biomedical"
6528,Heidi,Larsen,Male,velasqueztanya@example.com,689.034.1044x162,5/3/2044,Records manager
6529,Thomas,Hayden,Male,michaelrodgers@example.com,(778)589-7137,19-11-84,Museum education officer
6530,Howard,Chung,Male,edwardsbrittney@example.net,(825)840-9346x47267,26-03-22,"Conservation officer, historic buildings"
6531,Gabriella,Saunders,Male,snowpam@example.net,572-861-1316x535,7/8/1968,"Engineer, building services"
6532,Tyler,Dyer,Female,bentleysylvia@example.org,(032)011-7213,3/11/1957,Structural engineer
6533,Angie,Mccullough,Female,dholden@example.net,(621)578-1394,13-05-93,Furniture conservator/restorer
6534,Martha,Mccann,Female,uyu@example.com,8346276693,25-12-43,Commercial horticulturist
6535,Bonnie,Golden,Female,moranchristian@example.org,697-581-5763x18235,26-08-36,Paramedic
6536,Russell,Humphrey,Male,evan22@example.com,(090)074-3494,3/11/1956,Biomedical engineer
6537,Beverly,Krause,Female,keith62@example.org,001-253-591-2778x4709,27-07-09,Television floor manager
6538,Brad,Farley,Female,gilbertneal@example.org,5896323740,16-03-45,"Psychologist, prison and probation services"
6539,Angie,Hodge,Male,boyerrachel@example.org,810.503.3477x8214,4/8/1966,"Engineer, agricultural"
6540,Roy,Mullen,Female,lmckay@example.com,(109)615-5963x08612,6/8/2016,Local government officer
6541,Darius,Cline,Male,jstafford@example.org,6916788895,2/2/1967,Medical secretary
6542,Tyrone,Mullen,Male,jstafford@example.org,(812)434-5831x4284,21-11-78,Leisure centre manager
6543,Gilbert,Little,Female,lindsey79@example.net,(420)542-0949x7577,30-10-84,Dance movement psychotherapist
6544,Oscar,Wood,Female,stoneerik@example.com,(163)076-5010x303,17-06-12,Investment analyst
6545,Andre,Braun,Male,bonnie38@example.net,001-942-055-9754x881,30-05-93,Energy engineer
6546,Vickie,Buckley,Male,andrewesparza@example.com,201-232-3022,3/10/2004,Personnel officer
6547,Katherine,Lester,Male,boothalan@example.org,625.669.2947x5756,30-11-43,Metallurgist
6548,Bill,Solis,Female,virginia18@example.net,001-771-883-2733x42007,3/7/2017,Further education lecturer
6549,Yvette,Goodwin,Male,shelleyware@example.org,+1-341-300-7724x5823,7/3/2045,Photographer
6550,Cory,Reyes,Female,kaitlin78@example.com,001-869-627-5966x7751,22-03-68,Sales promotion account executive
6551,Elizabeth,Glenn,Male,donald78@example.com,001-972-841-4087x3860,22-09-26,"Scientist, marine"
6552,Dawn,Ryan,Female,kari71@example.org,577.586.8995,1/4/1968,Therapeutic radiographer
6553,Carla,Barr,Female,mikayla38@example.com,001-934-466-1222x4815,22-03-25,Dietitian
6554,Susan,Boyer,Female,tayloranthony@example.org,3788257673,7/11/2012,Lexicographer
6555,Chris,Little,Female,conradbenjamin@example.org,+1-662-916-9235x28675,15-03-30,Geographical information systems officer
6556,Kaylee,Church,Female,burnettshirley@example.org,273-383-0153,1/10/1988,Health service manager
6557,Alec,Blevins,Male,ross32@example.com,907.949.4901x177,30-11-15,Broadcast journalist
6558,Briana,Tapia,Male,john52@example.org,(968)242-0583x5876,23-09-69,"Surveyor, insurance"
6559,Steve,Johns,Male,christie66@example.org,930-812-1357,30-12-66,Operations geologist
6560,Crystal,Potts,Male,tammiebishop@example.net,001-940-716-7031x67873,4/2/2034,Toxicologist
6561,Vernon,Cummings,Male,ashlee05@example.com,(998)410-2729,6/9/2013,"Engineer, site"
6562,Preston,Wolf,Female,kim56@example.com,334-890-3563x1238,12/5/2016,Ranger/warden
6563,Bethany,Whitaker,Female,vanessakeith@example.org,514-976-9568x5525,14-03-13,Actuary
6564,Nina,Fritz,Male,ernestwest@example.net,(339)216-5600,9/9/2015,Wellsite geologist
6565,Pam,Trevino,Male,maystephen@example.net,-5258,11/12/2005,Information systems manager
6566,Jeremy,Holmes,Female,thomas77@example.com,(290)642-4466x948,20-12-69,"Psychologist, clinical"
6567,Brendan,Hardin,Male,oholmes@example.net,255-110-3806x138,2/7/2033,Armed forces logistics/support/administrative officer
6568,Desiree,Mahoney,Male,tconley@example.net,(174)364-0342,7/7/1980,Information officer
6569,Jesse,Palmer,Female,walkerbrady@example.org,-8134,18-12-65,Energy manager
6570,Mariah,Branch,Male,rhondagregory@example.net,-7779,9/4/2003,Information officer
6571,Heather,Franklin,Male,kristy63@example.com,+1-866-418-3602x26240,6/9/1962,"Production assistant, radio"
6572,Norman,Wu,Female,craigmarcia@example.com,187-347-4707,1/5/2014,Arts administrator
6573,Gerald,Long,Male,ftapia@example.com,001-286-920-9570x91291,9/2/1990,"Engineer, aeronautical"
6574,Chelsea,Mendoza,Female,theresavelazquez@example.com,001-255-455-1767x39956,12/7/2015,"Engineer, energy"
6575,Franklin,Mccullough,Male,isabella13@example.org,(515)606-4911x87997,24-03-71,Community development worker
6576,Jerry,Simmons,Male,fitzpatrickterrence@example.org,001-038-483-0216x1238,3/5/1970,Neurosurgeon
6577,Cheryl,Schmitt,Male,clarencebowen@example.com,(855)360-3004,17-02-83,Passenger transport manager
6578,Stacey,Jacobs,Male,jillianmills@example.net,+1-324-483-7237x265,21-07-63,Museum/gallery curator
6579,Tim,Delgado,Male,paula95@example.org,442-704-3359x05161,2/11/2008,Geophysical data processor
6580,Annette,Hansen,Female,mhoover@example.com,(234)429-3079,21-04-25,Trade union research officer
6581,Chloe,Holland,Male,sgrimes@example.com,+1-484-774-9547x126,14-01-27,Learning mentor
6582,Angel,Greene,Female,evelyn86@example.com,082-830-9422x394,9/9/2008,Child psychotherapist
6583,Xavier,Frye,Female,mgill@example.com,(972)138-5327x948,7/6/1975,Research scientist (life sciences)
6584,Breanna,Dickerson,Female,mollyweiss@example.com,001-579-977-8560x595,28-08-80,"Development worker, international aid"
6585,Jesus,Lynch,Female,virginiazavala@example.net,001-911-839-9480x4310,17-12-68,Furniture designer
6586,Erica,Sims,Female,johnny43@example.org,(575)683-9264x670,27-11-01,Arts development officer
6587,Sandra,Sweeney,Male,tsanders@example.net,753-958-3853x620,22-04-27,Travel agency manager
6588,Mitchell,Manning,Male,collierlance@example.net,+1-942-242-5423x039,28-12-27,Materials engineer
6589,Bailey,Atkinson,Male,walter67@example.org,550-848-6567,13-01-96,"Optician, dispensing"
6590,Paige,Vargas,Male,sdickerson@example.com,039.488.2138x6463,21-10-35,"Engineer, chemical"
6591,Alison,Gilmore,Male,cknapp@example.org,952-991-1916x041,17-05-85,Merchant navy officer
6592,Dale,Shannon,Female,odonnellgreg@example.org,001-840-698-5153,11/5/2002,Broadcast engineer
6593,Brenda,Goodman,Male,kristymcneil@example.com,998.729.0077,6/4/1998,Health visitor
6594,Kenneth,Tran,Male,whitney74@example.org,(993)980-4982,17-10-82,Herpetologist
6595,Corey,Black,Female,karla77@example.org,+1-994-240-5592x44580,1/1/1996,Pathologist
6596,Nichole,Waller,Male,hnewman@example.org,001-488-194-9823,14-06-83,"Runner, broadcasting/film/video"
6597,Laura,Shelton,Female,nolantrevor@example.net,(161)256-7968x1387,5/6/2010,Personnel officer
6598,Rita,Salazar,Male,monroebrian@example.org,597-055-7644,17-11-15,"Teacher, special educational needs"
6599,Vincent,Huynh,Male,cholmes@example.org,(439)314-2285,29-01-58,Local government officer
6600,Sherri,Pope,Female,elliottdesiree@example.com,001-111-456-4219x236,16-02-91,Financial planner
6601,Penny,Newton,Male,morankevin@example.com,-2299,11/1/1966,Energy engineer
6602,Jo,Armstrong,Female,bryanfrancis@example.org,(415)593-9033,8/12/1969,Electrical engineer
6603,Brendan,Knox,Female,hintondonna@example.net,-3264,14-12-12,Television camera operator
6604,Chris,Arnold,Male,teresa59@example.com,243-210-8324x1142,16-10-07,Interior and spatial designer
6605,Malik,Pope,Male,selenaodonnell@example.org,001-326-174-4700,14-03-92,Audiological scientist
6606,Malik,Garner,Female,harry84@example.com,(819)659-1081,26-08-10,"Merchandiser, retail"
6607,Stephanie,Zuniga,Female,zyoung@example.com,+1-918-107-3235x92345,29-03-37,Public librarian
6608,Edwin,Brock,Female,nathanpowers@example.org,001-805-072-0655x96259,26-02-20,Occupational hygienist
6609,Brenda,Gilbert,Female,perry15@example.com,001-539-670-9298x758,19-06-13,Illustrator
6610,Jade,Wade,Female,julialivingston@example.org,+1-962-652-6806x07556,8/5/1966,"Radiographer, therapeutic"
6611,Warren,Maldonado,Female,sfrank@example.org,+1-232-157-6572x88711,7/9/2002,Printmaker
6612,Gabrielle,Ellison,Female,ashleyisaac@example.org,111-157-7461,25-09-12,Sports administrator
6613,Clarence,Khan,Female,stefaniewolf@example.com,001-999-002-7081,14-09-10,Arts administrator
6614,Jim,Berg,Female,david58@example.com,397-720-9918x68681,7/8/2038,"Surveyor, commercial/residential"
6615,Heidi,Woodward,Male,ryan97@example.net,+1-349-402-1536x126,8/2/2035,Research scientist (maths)
6616,Sierra,Pearson,Female,adrianrice@example.com,(665)026-1609x273,22-01-83,Chiropodist
6617,Kelsey,Hart,Female,fcarroll@example.com,001-721-190-7351x696,21-08-12,Medical technical officer
6618,Natalie,Myers,Female,herberthenderson@example.net,7460081689,23-07-40,Armed forces technical officer
6619,Martha,Randall,Male,manningmakayla@example.net,304-510-4838,23-03-92,Armed forces technical officer
6620,Christian,Melendez,Male,henrynavarro@example.com,(669)731-6152x1606,2/9/1956,Marketing executive
6621,Ruth,Stout,Male,vickiecortez@example.com,(004)433-3427x627,28-03-98,Publishing rights manager
6622,Kathryn,Chambers,Male,suehorn@example.net,(747)547-4937x5820,10/8/2020,Pension scheme manager
6623,Bonnie,Cummings,Male,vernon26@example.net,+1-683-181-4846x320,8/1/2043,Sports development officer
6624,Anthony,Lopez,Male,tanner44@example.com,-9994,26-07-06,"Designer, fashion/clothing"
6625,Tanner,Moore,Male,gallagherchristie@example.org,757-682-0156x5018,9/11/2009,Research scientist (maths)
6626,Toni,Mccall,Female,kent44@example.net,+1-442-074-6092x08646,21-10-19,"Engineer, land"
6627,Kirsten,Duncan,Female,christie37@example.org,001-634-771-2565,11/11/2017,Engineering geologist
6628,Cassidy,Farley,Female,llarson@example.com,061.057.0008,19-12-40,Private music teacher
6629,Kathleen,Hensley,Female,norriswesley@example.org,(095)164-1947,3/9/1980,Telecommunications researcher
6630,Kristy,Frank,Male,terrance46@example.org,259-737-6712,14-02-89,Land/geomatics surveyor
6631,Martin,Andrews,Female,jfigueroa@example.net,-5639,21-01-53,"Surveyor, planning and development"
6632,Leslie,Lang,Female,mario19@example.net,001-997-346-0294x487,12/8/1958,International aid/development worker
6633,Derrick,Richards,Female,zbarajas@example.org,(591)411-9622,25-08-21,Lexicographer
6634,John,Mclean,Male,tlong@example.com,116.388.8840,9/10/2006,Marine scientist
6635,Logan,Chen,Female,aaronsanford@example.com,001-308-099-6094x8985,18-05-97,Special educational needs teacher
6636,Theresa,Salas,Male,douglasfranklin@example.net,(852)105-9557x74206,15-05-93,"Designer, jewellery"
6637,Gwendolyn,Strong,Female,grant90@example.net,4907153538,26-11-46,"Surveyor, land/geomatics"
6638,Micheal,Higgins,Male,leah06@example.net,(044)430-7990,1/6/1999,"Engineer, manufacturing systems"
6639,Casey,Mcneil,Male,diamondhampton@example.com,687.242.7850x264,20-09-24,Leisure centre manager
6640,Brenda,Cuevas,Female,mccarthypatricia@example.org,+1-499-944-2402x940,14-08-51,"Teacher, adult education"
6641,Alexander,Davenport,Male,brandi73@example.org,923-393-7530,31-07-08,"Psychologist, occupational"
6642,Kaylee,Russell,Female,spencer82@example.org,713.911.3156x45221,24-02-06,Health physicist
6643,Mackenzie,Middleton,Male,luis76@example.net,+1-721-597-5972x47889,18-12-11,"Accountant, chartered management"
6644,Christie,Maldonado,Female,sheri62@example.com,+1-991-043-2403x0920,24-08-77,Charity fundraiser
6645,Ellen,Rojas,Male,xavierflynn@example.com,001-034-294-6936x71028,15-03-22,Web designer
6646,Kevin,Hubbard,Female,ucannon@example.org,499.558.1107x22951,12/6/2014,Chiropractor
6647,Jeremy,Mcgee,Female,bryce61@example.org,176.810.4916x694,4/6/2011,Industrial buyer
6648,Cheyenne,Morrison,Female,serranoshawna@example.com,(226)967-4362,30-09-83,"Designer, interior/spatial"
6649,Keith,Keller,Female,collinssydney@example.org,196-282-6906,28-05-89,Fitness centre manager
6650,Darryl,Gamble,Male,natashaleach@example.com,-8037,9/6/2020,"Pharmacist, hospital"
6651,Arthur,Horn,Female,barnesariel@example.org,9077797107,7/8/1958,Industrial buyer
6652,Rickey,Jennings,Female,gardnergeorge@example.net,(805)760-1287x41977,22-11-33,Secretary/administrator
6653,Jake,Strickland,Male,jesus22@example.org,001-968-749-6409x8025,25-10-15,Field seismologist
6654,Trevor,Chung,Male,reidgarrett@example.net,237-053-4114,19-06-66,"Surveyor, quantity"
6655,Tony,Mitchell,Female,santanarichard@example.net,+1-373-006-8226x614,14-02-31,"Investment banker, corporate"
6656,Nicholas,Gillespie,Male,astout@example.com,167-251-3391x5691,2/5/1953,Dietitian
6657,Gina,Woods,Male,kpace@example.com,-11255,14-04-91,Information officer
6658,Leon,Ho,Female,hubertim@example.net,+1-271-706-7406x622,28-07-12,Information officer
6659,Ariel,Ashley,Male,wheelermark@example.org,006-150-5809x5190,2/8/1986,Planning and development surveyor
6660,Harold,Harrell,Female,nicholas07@example.net,001-515-672-1628x192,2/7/2028,Merchant navy officer
6661,Janet,Bird,Male,ellissara@example.net,130-412-3382x9773,29-09-80,Make
6662,Kerri,Vega,Male,lukefrancis@example.org,001-623-403-3795x944,7/11/1951,"Lecturer, further education"
6663,Nathaniel,Hutchinson,Male,dillonpeter@example.com,+1-499-572-4263x40840,29-03-16,Water engineer
6664,Karl,Hammond,Male,atorres@example.org,676-604-1364,27-05-18,Barista
6665,Mitchell,Cline,Female,barrerabrittney@example.org,+1-407-415-1087x262,21-11-43,Counselling psychologist
6666,Bradley,Summers,Female,desireemaddox@example.org,001-334-972-0832x449,17-10-20,"Accountant, chartered"
6667,Carly,Deleon,Female,bonniemayo@example.com,680-042-8832x1393,6/10/2013,Historic buildings inspector/conservation officer
6668,Amanda,Aguilar,Male,johnathan62@example.org,7523592625,6/12/1969,Surgeon
6669,Warren,Little,Male,kerrimorse@example.org,596-569-3134x93871,14-11-19,Energy manager
6670,Tammy,Humphrey,Male,daviddonald@example.com,-5563,16-10-80,Haematologist
6671,Debra,Campbell,Female,milesdana@example.net,316.242.4701x931,14-04-12,Tax inspector
6672,Ernest,Dixon,Female,wdouglas@example.org,7759840825,20-01-17,Economist
6673,Dakota,Hendrix,Male,rabbott@example.com,+1-176-814-2449x12095,22-03-66,Counsellor
6674,Bethany,Casey,Female,fieldsjennifer@example.net,(986)273-4638x2504,28-03-89,Ship broker
6675,Shelly,Mclean,Male,dwaynewang@example.net,001-295-302-7616,19-09-24,Media buyer
6676,Helen,Dyer,Female,alishaburton@example.net,(502)636-6324x397,15-01-27,Gaffer
6677,Diamond,Ball,Female,dudleyanita@example.com,+1-685-396-3785x4131,5/1/1964,Toxicologist
6678,Isaiah,Olsen,Female,troygiles@example.net,707.031.6794x991,16-03-23,Counselling psychologist
6679,Todd,Sherman,Female,maytraci@example.com,(261)243-6710,9/2/2009,Jewellery designer
6680,Johnny,Petty,Female,andreahamilton@example.net,671-856-4295,24-08-47,Wellsite geologist
6681,Becky,Landry,Male,dylan67@example.com,(580)758-5794,4/12/1983,Public librarian
6682,Meredith,Adkins,Male,roger16@example.net,+1-972-719-8094x908,6/6/1981,Armed forces training and education officer
6683,Vernon,Ochoa,Male,briggshunter@example.net,-3321,21-09-43,Commercial art gallery manager
6684,Cristian,Mullen,Female,despinoza@example.net,944-146-4970x7320,15-03-97,Warden/ranger
6685,Darius,Roberts,Female,garrettgrant@example.com,573-045-7383x4831,11/6/2016,"Engineer, technical sales"
6686,Carla,Crosby,Female,lorisandoval@example.com,498.072.7339,21-08-67,"Surveyor, building"
6687,Olivia,Doyle,Male,isaiahtate@example.com,+1-397-766-2950x2361,10/3/1986,"Radiographer, diagnostic"
6688,Gregory,Cantu,Female,userrano@example.net,395-271-5105,17-11-43,"Chemist, analytical"
6689,Sierra,Moreno,Female,tstewart@example.org,267.226.7996,31-05-02,Further education lecturer
6690,Melvin,Harrington,Male,marcia45@example.net,(076)323-7141,23-06-96,Call centre manager
6691,Lonnie,Garrison,Male,normaneal@example.net,3333691068,14-10-37,Commercial art gallery manager
6692,Nathaniel,Martinez,Male,billythompson@example.com,565-476-6959x76034,8/4/1967,Best boy
6693,Sheena,Castro,Female,christianharry@example.net,524.368.9477x775,5/7/1992,"Nurse, learning disability"
6694,Holly,Ortega,Female,lance48@example.org,001-166-203-0288x65777,15-02-43,Cytogeneticist
6695,Jo,Ayala,Male,xcohen@example.com,(537)598-3918x53143,23-02-54,Health and safety adviser
6696,Jane,Farley,Female,castanedadaniel@example.com,+1-461-911-9049x517,24-02-02,Rural practice surveyor
6697,Jackie,Watts,Male,houselindsey@example.org,(539)401-6018x87945,24-09-26,Customer service manager
6698,Greg,Stewart,Male,penadarren@example.org,-4189,19-09-75,"Sales professional, IT"
6699,Kristi,Perkins,Female,darcher@example.net,502.992.1616x812,12/11/2020,Meteorologist
6700,Melvin,Vaughn,Female,miguel69@example.com,528-531-3645x1129,13-06-41,Race relations officer
6701,Fernando,Webb,Male,albertoconnell@example.com,001-027-756-2933,3/4/2018,Merchant navy officer
6702,Mandy,Lawrence,Male,lutzjeremy@example.com,985.610.0240,13-06-27,Purchasing manager
6703,Noah,Horn,Male,plevine@example.org,394.785.1324,29-11-01,Print production planner
6704,Amanda,Escobar,Male,uyates@example.org,(168)656-9727,19-01-99,Interior and spatial designer
6705,Melanie,Walton,Female,kristastein@example.org,499.562.9470x0940,5/1/1982,Telecommunications researcher
6706,Regina,Cook,Male,sbray@example.com,001-533-054-7302x13361,3/2/1966,Recycling officer
6707,Kiara,Townsend,Female,vford@example.com,(218)299-7929,18-02-51,Barrister
6708,Bob,Powers,Male,lindseyjefferson@example.org,001-217-200-0871x050,19-01-17,"Accountant, chartered public finance"
6709,Tyrone,Phelps,Female,jamie40@example.org,(164)405-0168x1660,15-10-61,"Surveyor, planning and development"
6710,Monica,Horne,Male,schmittmichele@example.com,(441)791-6545x5658,19-05-90,Set designer
6711,Marilyn,Harrell,Male,barreraalicia@example.net,(959)684-4122x358,15-12-17,"Psychotherapist, dance movement"
6712,Billy,Odonnell,Male,pfields@example.com,8582426542,6/6/2014,Building services engineer
6713,Blake,Humphrey,Male,johnhuang@example.org,066.343.8028x1266,24-04-91,Advertising copywriter
6714,Cole,Martin,Male,pedrostewart@example.net,001-030-695-0179,27-02-06,Analytical chemist
6715,Ann,Mooney,Male,gutierrezvincent@example.com,775-508-5988x67788,7/12/1987,Brewing technologist
6716,Sherri,Chang,Female,ghaney@example.com,781.543.4078,4/2/1977,"Conservator, furniture"
6717,Faith,Reynolds,Female,katrina22@example.net,452.192.0555x73827,4/6/2018,"Engineer, communications"
6718,Yesenia,Lara,Female,georgeibarra@example.net,9675637257,27-06-11,Trading standards officer
6719,Kristin,Romero,Male,kbuchanan@example.net,001-760-949-8212,8/7/2019,"Engineer, water"
6720,Shelley,Green,Female,jeanetteshea@example.org,572-608-8133x5624,8/8/2044,Information officer
6721,Sean,Montoya,Male,apadilla@example.org,949-593-1491x0992,4/12/1967,Ecologist
6722,Brenda,Thompson,Male,gonzalezregina@example.net,803.199.1127x50857,22-08-80,Dietitian
6723,Belinda,Schroeder,Female,melindafarmer@example.org,(851)952-7641x8284,22-12-06,Biomedical scientist
6724,Cesar,Patrick,Female,woodsandre@example.net,839-625-5836,8/11/2020,Interpreter
6725,Kerri,House,Male,jayriddle@example.net,495.370.3104x1760,25-08-06,Advertising account planner
6726,Traci,Collins,Male,brooke56@example.net,651.563.1238x3139,3/1/2015,Toxicologist
6727,Michele,Cain,Female,icrane@example.net,7774880148,26-06-08,"Nurse, mental health"
6728,Alicia,Bryan,Male,nowen@example.net,(212)007-3933x237,27-04-90,"Solicitor, Scotland"
6729,Jeremy,Mullen,Female,angela28@example.com,9532162206,15-10-57,Cytogeneticist
6730,Jasmine,Finley,Female,robinwhitney@example.org,(488)895-7555x480,27-08-14,"Editor, film/video"
6731,Erik,Terrell,Female,summerblack@example.com,127-282-1411,18-10-97,Building surveyor
6732,Scott,Hampton,Male,marcobryant@example.com,692.488.5855x23297,6/6/1979,Retail banker
6733,Kaitlin,Livingston,Male,epadilla@example.org,870.684.9828,8/8/2036,Patent examiner
6734,Summer,Werner,Female,wendyfrye@example.com,-4490,30-10-07,Printmaker
6735,Diana,Chambers,Female,madams@example.org,191-631-4888x91935,5/6/2034,Curator
6736,Roger,Mercer,Female,cesar93@example.net,(199)210-5704x52235,1/12/1979,"Psychologist, forensic"
6737,Tabitha,Cole,Male,steelegabrielle@example.com,4464795594,9/1/1960,"Teacher, early years/pre"
6738,Chelsea,Tate,Male,selena79@example.org,001-738-475-7755,3/6/1996,Multimedia specialist
6739,Claire,Preston,Male,vpotts@example.com,654.052.8932x120,7/6/1964,Media buyer
6740,Tamara,Kim,Male,brett02@example.org,(420)680-0833x469,26-01-05,Health and safety inspector
6741,Desiree,Malone,Female,harrydelacruz@example.com,001-079-350-5321x6567,25-11-00,Market researcher
6742,Fernando,Barker,Male,yesenia02@example.com,001-620-757-0342x387,14-10-12,"Therapist, drama"
6743,Angelica,Bridges,Female,fishergloria@example.net,3095569003,20-12-26,Location manager
6744,Monica,Serrano,Male,drew64@example.net,(800)405-8399x6300,28-04-09,Ambulance person
6745,Rodney,Mckenzie,Male,charleserickson@example.net,223-556-5317x67758,7/5/2017,Publishing copy
6746,Jonathon,Donaldson,Male,wcain@example.net,(968)638-2930,19-04-11,Television/film/video producer
6747,Seth,Jefferson,Male,davidsonloretta@example.org,833.847.5777x5174,26-12-54,"Editor, commissioning"
6748,Patrick,Beard,Female,douglasfisher@example.org,187.100.3706,5/2/2030,Product designer
6749,Stuart,Long,Female,jackdillon@example.com,(891)916-6210x46108,12/12/2014,Paramedic
6750,David,Solis,Female,nford@example.net,546-791-0199x54531,16-11-25,Immunologist
6751,Jody,Riddle,Male,candicecarson@example.org,315-827-3102,12/9/2021,Housing manager/officer
6752,Gavin,Downs,Female,luis83@example.org,598.038.4356,26-07-69,Contractor
6753,Parker,Bentley,Male,igray@example.net,-1794,22-03-05,Police officer
6754,Peggy,Skinner,Male,catherine60@example.org,001-267-872-3845x209,4/8/2015,Tax inspector
6755,Herbert,Mckay,Male,benjaminedward@example.com,570-640-6145x7849,11/11/2016,"Exhibitions officer, museum/gallery"
6756,Don,Barrett,Male,jeffrandall@example.net,001-100-524-4037x206,11/8/2002,Prison officer
6757,Kristina,Schmidt,Male,sandravang@example.org,077.506.1291x5174,7/3/2015,Event organiser
6758,Mario,Barber,Female,howard02@example.net,490-041-6762,24-05-87,Technical brewer
6759,Shari,Flowers,Male,ccamacho@example.org,001-471-547-8741x48264,7/6/2007,Conference centre manager
6760,Kaitlin,Padilla,Female,lynchrobin@example.com,+1-188-566-2437x733,6/2/2006,Careers information officer
6761,Manuel,Skinner,Female,gayneil@example.org,001-091-414-6346x82839,17-01-45,Dispensing optician
6762,Tiffany,Francis,Male,marshjermaine@example.net,835.329.0229x93578,14-01-24,Environmental consultant
6763,Jasmine,Lin,Female,qbernard@example.com,+1-056-551-2121x9772,22-04-44,Patent attorney
6764,Hunter,Flynn,Female,juan76@example.com,428.584.6896x33714,20-06-93,Chartered public finance accountant
6765,Dylan,Larson,Female,kgreen@example.com,392.779.5652x8262,5/1/2013,Wellsite geologist
6766,Dylan,Rich,Male,max08@example.org,001-020-927-8756x5140,16-03-28,Public relations officer
6767,Erica,Crawford,Female,gordon24@example.net,397-853-4464x3764,14-09-95,Diagnostic radiographer
6768,Jorge,Watson,Male,manuelhull@example.net,001-086-877-5037,9/8/2040,Medical sales representative
6769,Erik,Douglas,Male,sydney18@example.com,(416)251-8668x169,19-06-96,Naval architect
6770,Dylan,Macdonald,Male,nicholas44@example.com,4735334125,28-05-69,"Runner, broadcasting/film/video"
6771,Gabriel,Gamble,Female,randyhenson@example.com,+1-629-541-6038x5014,22-12-10,Ship broker
6772,Leon,Atkins,Male,christinasawyer@example.net,550-837-6484x73607,10/6/1965,Manufacturing systems engineer
6773,Debbie,Ho,Female,clifford56@example.net,1907044893,14-05-54,Ceramics designer
6774,Gordon,Cervantes,Female,mindygiles@example.org,001-335-264-8182x50638,23-10-75,Actor
6775,Brenda,Curtis,Female,maloneisaac@example.org,+1-488-821-0929x72789,9/1/1978,Tax inspector
6776,Shawn,Hardin,Female,xandersen@example.net,001-924-040-3542x32567,2/3/2047,Financial manager
6777,Fred,Frye,Female,kerri66@example.com,649.912.8793x882,19-01-53,Jewellery designer
6778,Derrick,Smith,Male,charlesmoran@example.org,8111560382,10/4/1980,Research scientist (medical)
6779,Raymond,Beck,Male,pittmandan@example.net,359.915.8856,1/12/2040,Logistics and distribution manager
6780,Jerome,Shepard,Male,houstonlucas@example.com,(378)500-6883x40573,6/2/1952,Landscape architect
6781,Toni,Jimenez,Male,glen58@example.org,(979)455-6308x6108,7/7/1959,"Producer, television/film/video"
6782,Mariah,Ball,Male,eugene38@example.net,284-894-3854,27-02-19,"Designer, industrial/product"
6783,Joanne,Cameron,Male,rhurst@example.com,833-484-2342,26-04-25,Sub
6784,Gina,Hampton,Female,reneebartlett@example.org,(638)495-3245x404,2/11/2017,"Administrator, arts"
6785,Cathy,Buckley,Male,savannahrubio@example.com,001-249-857-1553,26-07-07,Charity fundraiser
6786,April,Shaffer,Male,davidhudson@example.org,001-894-569-3432x7171,10/6/2045,Catering manager
6787,Marilyn,Gibbs,Male,francolance@example.com,+1-230-370-8717x896,17-02-88,Medical sales representative
6788,Martha,Dickson,Female,jarvisjodi@example.net,(940)113-1433x2645,10/11/2015,"Teacher, adult education"
6789,Juan,Cantu,Male,deannakent@example.org,875.353.3983,17-06-00,TEFL teacher
6790,Hailey,Klein,Female,erocha@example.com,(736)033-0339x67987,23-11-94,Retail banker
6791,Marie,Ramos,Male,vbeasley@example.com,(225)248-5763,23-07-41,Chartered loss adjuster
6792,Carl,Huerta,Male,rodneydawson@example.net,627.098.5090x3835,11/4/1997,Banker
6793,Isaac,Fletcher,Male,shirley56@example.com,001-097-279-4945x159,6/5/2010,Child psychotherapist
6794,Kristin,Burch,Female,chelsey93@example.com,915.523.2905x38088,23-11-03,"Teacher, secondary school"
6795,Cole,Long,Female,hendrixjoan@example.org,807.865.0240,11/11/1998,"Designer, fashion/clothing"
6796,Leah,Guerra,Male,diamond87@example.org,447.248.4997x41393,21-07-17,"Engineer, energy"
6797,Cristian,Huff,Female,lzimmerman@example.org,001-621-234-4879,10/6/1998,Biomedical scientist
6798,Austin,Marshall,Female,schwartznatasha@example.net,(891)088-4905x2521,11/7/2001,Architect
6799,Tyler,Rangel,Male,parker38@example.net,001-589-782-6259,7/3/1991,Dramatherapist
6800,Ruben,Davenport,Male,pittmanloretta@example.com,+1-696-912-9195x305,19-05-11,Equality and diversity officer
6801,Sharon,Knapp,Female,steve19@example.net,397.683.3527,2/12/2006,Television camera operator
6802,Alvin,Hale,Male,andrea67@example.org,698.089.3800,6/9/2009,Advertising account executive
6803,James,Knox,Male,ncortez@example.com,497-067-1273x8985,10/6/2012,"Engineer, land"
6804,Vanessa,Sampson,Male,deborah21@example.net,001-688-462-1922x81880,1/10/2039,"Psychologist, sport and exercise"
6805,Catherine,Small,Female,allensweeney@example.com,(537)093-1826,2/4/1989,Volunteer coordinator
6806,William,Vargas,Female,kimfry@example.com,(731)524-3797x20464,9/1/1995,Armed forces operational officer
6807,Brian,Turner,Female,lukeespinoza@example.net,280.702.0139,13-10-55,Transport planner
6808,Vincent,Cooke,Female,trevor61@example.net,9246919625,16-12-83,"Surveyor, building control"
6809,Maria,Powell,Male,duncanjackson@example.com,(322)595-3340x45044,11/12/2019,Insurance underwriter
6810,Alice,Bryan,Male,dianetravis@example.org,479-139-5514,30-01-09,"Editor, film/video"
6811,Terri,Riggs,Male,elijah37@example.org,7812923280,6/9/2005,Race relations officer
6812,Craig,Butler,Female,fweiss@example.net,(580)078-8081,2/2/2000,Animator
6813,Carmen,Galloway,Male,billbennett@example.net,043-284-5449,27-06-20,Licensed conveyancer
6814,Fred,Ayala,Male,megan58@example.net,229-084-8980x05481,4/5/2022,Video editor
6815,Colin,Evans,Male,ilucero@example.com,6906910341,13-11-83,Advertising account planner
6816,Christian,Bowen,Female,comptoncarol@example.net,945-747-5805x8518,16-12-90,Secondary school teacher
6817,Franklin,Haynes,Male,dorisandrews@example.org,074-394-1189,5/5/2036,Garment/textile technologist
6818,Aimee,Stephenson,Male,julianmoss@example.org,(508)207-4155,12/2/2008,Editorial assistant
6819,Toni,Morgan,Male,qortiz@example.com,643.082.2990x593,29-12-31,Restaurant manager
6820,Belinda,Ibarra,Male,garywalter@example.net,343.023.1624x0023,19-02-19,Financial controller
6821,Dana,Frey,Male,lfigueroa@example.net,960.735.4200x2892,29-07-46,Tourist information centre manager
6822,Misty,Roach,Male,suzannecordova@example.com,+1-748-376-2674x315,27-09-68,"Administrator, sports"
6823,Carmen,Rose,Male,yrasmussen@example.net,030.594.7598,10/5/2045,"Psychologist, educational"
6824,Gina,Nolan,Male,lsalinas@example.net,613-256-8021x445,2/9/1970,Community arts worker
6825,Brent,Henson,Female,andrewpeters@example.org,977.291.7524,19-12-70,Licensed conveyancer
6826,Riley,Shields,Male,lrojas@example.net,754-786-2187x94407,7/7/2000,Lawyer
6827,Jodi,Charles,Female,hmcneil@example.com,294.842.2699x69369,1/10/2014,Commercial horticulturist
6828,Aimee,Hooper,Female,cconley@example.org,126-604-8525,4/10/2014,"Pharmacist, hospital"
6829,Lydia,Stone,Male,chloeesparza@example.com,+1-111-997-4990x69233,24-08-67,"Engineer, petroleum"
6830,Mike,Cross,Male,maureensanford@example.net,554-176-4210x6496,31-05-32,"Scientist, research (maths)"
6831,Kristy,Moses,Male,bruce22@example.org,442-749-0569,21-07-15,Horticultural consultant
6832,Erin,Day,Female,victor38@example.com,598-697-6148,3/2/2027,Media planner
6833,Catherine,Freeman,Male,lukearnold@example.net,301-000-9303,1/10/2042,Soil scientist
6834,Katherine,Knight,Male,mckeedan@example.net,(712)992-8211,7/5/2022,Chemical engineer
6835,Cheyenne,Wolf,Female,shannonwall@example.net,+1-841-014-6298x923,4/9/1997,Therapeutic radiographer
6836,Micheal,Pollard,Female,dylan32@example.com,001-138-593-8514x10433,2/7/1995,Chief Executive Officer
6837,Lisa,Grimes,Male,oscarhutchinson@example.net,257-704-2104,2/1/2015,Environmental consultant
6838,Cheyenne,Stephens,Female,christinewalsh@example.net,(897)165-5378x18526,12/9/1963,Exhibition designer
6839,Olivia,Martin,Female,abigailmcgrath@example.org,(846)909-7364x55580,8/11/2044,Acupuncturist
6840,Earl,Williams,Female,rrobles@example.com,(788)759-5634x10966,6/9/1988,IT technical support officer
6841,Ernest,Lopez,Female,eileen57@example.org,842.019.1425x82880,7/6/2012,Sports administrator
6842,Shawn,Hernandez,Female,fbond@example.com,(028)798-6418x56429,27-03-81,Garment/textile technologist
6843,Marisa,Burns,Female,jeffery64@example.com,190.985.4170,6/5/2022,"Horticulturist, commercial"
6844,Michelle,Kelley,Male,kthompson@example.org,(789)686-7531x707,30-08-38,Educational psychologist
6845,Lee,Kennedy,Female,mcleanteresa@example.net,942.109.0353x98387,4/4/2048,Herbalist
6846,Troy,Arias,Male,ufarrell@example.org,220-569-2360x4706,7/12/1965,Television floor manager
6847,Dave,Ramos,Male,damonfletcher@example.org,635-174-6624x04059,7/5/1962,Petroleum engineer
6848,Tommy,Carr,Female,susansmall@example.com,001-193-417-3654x92577,25-05-53,Town planner
6849,Raymond,Simon,Male,sheribuck@example.com,232.342.7031,5/2/1997,"Research officer, government"
6850,Andre,Hebert,Male,perry52@example.org,053-936-7188x7264,15-02-98,Homeopath
6851,Bill,Chen,Male,houstonlawrence@example.com,916-058-8091x28279,5/11/2010,Television floor manager
6852,Jennifer,Compton,Female,danacook@example.org,(144)715-9163x3357,14-03-61,Civil Service fast streamer
6853,Angelica,Cameron,Male,greertrevor@example.com,589.637.0647x22855,15-06-41,Copy
6854,Jeanette,Cruz,Male,darrenmorton@example.com,1605771215,25-09-98,Theatre manager
6855,Alejandra,Clark,Male,shelby04@example.org,371-577-4526x63739,31-08-37,Location manager
6856,Ray,Mcclure,Male,parkersnow@example.com,(834)741-1529x0058,23-09-67,Public relations officer
6857,Jared,Lara,Male,fuentesdominique@example.com,200.521.8975x2632,7/9/2015,Fast food restaurant manager
6858,Vincent,Stephenson,Female,carrollmelissa@example.org,413.498.6313x55640,6/7/2014,Insurance underwriter
6859,Elizabeth,Boyle,Male,ufernandez@example.org,208.749.2744,8/5/1977,Cytogeneticist
6860,Jeanette,Fowler,Female,alisteve@example.net,(186)459-7454x9781,23-07-59,"Psychologist, sport and exercise"
6861,Misty,Cherry,Male,gbolton@example.org,(661)893-5419x313,17-06-49,Immigration officer
6862,Chris,Olsen,Female,iwheeler@example.org,001-194-179-0022x21964,2/3/1963,Accommodation manager
6863,Damon,Leonard,Male,rebekah50@example.org,001-626-268-1037,16-07-31,Sub
6864,Bryce,Nunez,Male,mcbridelorraine@example.org,(124)269-9187x8290,20-03-87,"Scientist, forensic"
6865,Yolanda,Schmidt,Female,yortega@example.org,1674748892,2/1/2005,Educational psychologist
6866,Angelica,Cummings,Female,peggy64@example.org,001-713-714-4946x6888,28-02-69,Chiropractor
6867,Mathew,Dodson,Female,vdurham@example.org,(955)267-2155x9236,2/8/1992,Secretary/administrator
6868,Tami,Perry,Male,kimmorrison@example.com,001-730-549-9710x1663,25-05-78,"Radiographer, therapeutic"
6869,Vincent,Lane,Female,audreymurray@example.net,(098)417-7976x02148,9/7/2046,"Horticulturist, amenity"
6870,Peggy,Briggs,Female,tonya42@example.net,(489)110-1791x096,13-07-00,"Journalist, newspaper"
6871,Walter,Cherry,Male,kaitlynriddle@example.net,870.022.0201,6/5/1953,Games developer
6872,Justin,Grant,Male,romerodana@example.org,(196)578-5409,15-04-56,Multimedia specialist
6873,Holly,Lozano,Female,clara@example.net,919.012.8550x0087,8/1/2036,"Engineer, mining"
6874,Allison,Benjamin,Female,hutchinsonrandall@example.org,444-331-0556x8900,2/5/1960,Regulatory affairs officer
6875,Jackie,Copeland,Female,mmejia@example.org,001-934-555-9479x75774,15-03-00,Manufacturing engineer
6876,Allison,Macias,Female,bmartinez@example.com,393-987-5291,22-09-10,"Engineer, civil (contracting)"
6877,Autumn,Baldwin,Male,leelucero@example.net,+1-320-839-8020x5915,15-04-87,Armed forces operational officer
6878,Alexandra,Thornton,Male,yrubio@example.org,717.505.6654x525,1/6/2037,Radio producer
6879,Carol,Stewart,Female,wilkinsadriana@example.com,+1-948-914-0888x5824,1/9/1993,"Engineer, electrical"
6880,Emma,Pitts,Male,herringbonnie@example.net,851-816-1983x0390,4/3/2046,Location manager
6881,Kelly,Shepherd,Female,stuart16@example.com,147-379-8036x5458,23-09-53,"Therapist, music"
6882,Janet,Wade,Female,terrydouglas@example.net,001-526-388-8594x51160,19-03-56,Insurance account manager
6883,Carla,Willis,Female,kelly78@example.com,-11030,12/6/1985,Trade mark attorney
6884,Peggy,Richardson,Female,erin86@example.com,6282058689,5/7/2004,Curator
6885,Kathryn,Montgomery,Male,lauren43@example.net,694.550.9550x1138,24-06-43,Estate manager/land agent
6886,Alexandra,Cooper,Female,cstevens@example.com,+1-764-675-5788x210,17-06-07,Wellsite geologist
6887,Robert,Dyer,Female,marcowatkins@example.com,+1-393-827-8286x8376,17-08-10,"Engineer, maintenance"
6888,Brandy,Schultz,Female,yeseniamerritt@example.org,586-483-9819x71247,2/3/2011,Teaching laboratory technician
6889,Tasha,Madden,Female,howardlandry@example.com,1980728487,13-12-16,Industrial/product designer
6890,Charlotte,Mathews,Female,mitchellxavier@example.org,(050)462-0863x73698,9/7/2048,Hydrographic surveyor
6891,Renee,Sims,Female,alvarezleroy@example.org,(869)214-3486x34596,11/11/2030,"Programmer, systems"
6892,Devon,Barnes,Female,kjefferson@example.com,574-942-6007x118,11/4/2021,Systems analyst
6893,Autumn,Reynolds,Female,warnerdevin@example.net,528-553-1027x7261,12/10/1999,Chiropodist
6894,Jacqueline,Conner,Male,nbrady@example.net,677-534-7034x6469,28-10-11,"Psychologist, educational"
6895,Harry,Harris,Male,autumn16@example.net,981889892,8/10/2026,Writer
6896,Gordon,Cochran,Female,twhitaker@example.com,913-470-4772x81564,18-06-19,Chartered management accountant
6897,Ian,Mendez,Male,antonio64@example.com,715-972-1834,11/4/2010,Consulting civil engineer
6898,Wendy,Chan,Male,pollardjerry@example.com,001-393-769-0266x9585,17-06-65,Marine scientist
6899,Madeline,Galloway,Male,ybruce@example.net,(507)857-2076x6008,16-03-51,Ergonomist
6900,Eileen,Hamilton,Male,tannerbob@example.com,001-441-957-6410x71103,12/3/1950,Proofreader
6901,Veronica,Rose,Male,brettrivas@example.com,230-761-2651,21-04-95,Special effects artist
6902,Jay,Mercer,Male,kmalone@example.com,675-699-3922,24-11-33,Field seismologist
6903,Tanner,Sanchez,Male,melissariley@example.net,001-381-336-1173x65521,2/11/2006,Water quality scientist
6904,Sheryl,Espinoza,Female,cindyvance@example.net,133-270-6221,30-09-99,Medical physicist
6905,Steve,Romero,Male,vcoffey@example.com,3417944615,14-01-19,Haematologist
6906,Tyrone,Stevenson,Female,mcleanjohnny@example.net,8886150519,18-09-65,Make
6907,Kirsten,Carlson,Female,shahpreston@example.org,413.305.0683x825,8/2/1979,Herbalist
6908,Hannah,Harris,Male,nabbott@example.org,585.144.3496x63411,28-03-33,Meteorologist
6909,Ricardo,Hudson,Male,pdominguez@example.net,267-461-0059,15-05-27,Tourist information centre manager
6910,Logan,Key,Female,daltonrobert@example.net,+1-344-949-1107x6856,22-02-28,Museum/gallery conservator
6911,Cathy,Woodard,Male,stokesjohn@example.com,+1-580-711-1566x1568,31-01-03,Careers information officer
6912,Christina,Patton,Female,zoeortiz@example.org,860.382.5715x57776,1/8/2017,Soil scientist
6913,Marco,Ramirez,Male,bleblanc@example.net,001-238-657-6374,27-02-51,"Therapist, horticultural"
6914,Sonia,Lewis,Female,tomcruz@example.net,374.380.3283,3/5/2017,Manufacturing systems engineer
6915,Marcus,Montoya,Female,gallagherdestiny@example.com,(583)871-5029,7/8/1985,Volunteer coordinator
6916,Stacey,Wu,Female,triciapowers@example.com,(386)328-7951x158,18-02-11,Retail banker
6917,Tabitha,Wyatt,Male,sallyallen@example.org,136317374,25-03-98,Charity fundraiser
6918,Kiara,Vaughan,Male,gerald48@example.net,+1-386-722-7601x432,20-09-74,"Research officer, trade union"
6919,Isaiah,Newman,Male,bwoods@example.org,388.256.3328x7806,20-04-23,Manufacturing systems engineer
6920,Wesley,Woods,Female,larry21@example.net,(487)532-4679x02007,30-07-15,Games developer
6921,Suzanne,Donovan,Male,lancenguyen@example.org,142-100-7953x5481,27-10-18,Adult guidance worker
6922,Katherine,Arellano,Male,autumncortez@example.com,931-533-0759,28-06-13,Agricultural consultant
6923,Billy,Hodges,Female,fitzpatrickcynthia@example.com,1386977266,13-03-14,"Horticulturist, commercial"
6924,Marcia,Sparks,Male,steinpaul@example.com,693-832-5091,2/9/1954,English as a second language teacher
6925,Hannah,Meyers,Female,calebfowler@example.net,603619100,5/8/2016,Armed forces technical officer
6926,Jasmine,Glenn,Male,isabelhunt@example.net,2489330877,16-09-73,Art therapist
6927,Maxwell,Gutierrez,Male,gallaghercheryl@example.org,+1-316-747-3550x026,5/11/1958,Energy manager
6928,Clifford,Wiley,Female,ritteraaron@example.com,7324423510,30-04-43,Musician
6929,Darrell,Ochoa,Male,cnichols@example.org,(748)146-9955x0177,29-01-04,Medical laboratory scientific officer
6930,Harold,Roach,Female,leroy96@example.com,767.530.5899,11/11/2032,"Editor, film/video"
6931,Dalton,Bauer,Male,gracekim@example.com,+1-369-540-1529x61050,9/10/1974,Site engineer
6932,Juan,Carter,Female,pam05@example.org,044-078-9104x644,18-02-33,Dispensing optician
6933,Bryan,Mccormick,Male,miapowers@example.org,+1-624-109-7771x839,21-02-14,Astronomer
6934,Yolanda,Bowen,Male,sharon14@example.org,3735053076,15-05-20,Applications developer
6935,Sydney,English,Male,tscott@example.org,+1-223-707-7933x5125,6/11/2003,Chartered certified accountant
6936,Preston,Wolfe,Male,morriswilliam@example.net,2881358752,10/8/1993,Architectural technologist
6937,Priscilla,Key,Female,barrjanice@example.com,(367)170-8675x36470,15-06-49,Newspaper journalist
6938,Abigail,Cooke,Male,cpearson@example.org,(387)321-2136x547,25-03-66,Research scientist (physical sciences)
6939,Kellie,Cortez,Male,wintersbecky@example.net,659-980-0468x2216,22-06-20,"Production designer, theatre/television/film"
6940,Richard,Riggs,Male,shirley61@example.com,092.153.1000x428,5/9/1989,Geophysicist/field seismologist
6941,Barbara,Abbott,Male,kdean@example.com,001-141-769-0158x66163,23-09-99,"Surveyor, minerals"
6942,Zoe,Berry,Female,hayden67@example.net,567-605-8314x83220,15-02-26,Magazine features editor
6943,Michaela,Mendoza,Female,francisco64@example.org,(246)855-1639,13-01-29,Land/geomatics surveyor
6944,Bill,Mckee,Male,villaedwin@example.net,988.302.7569,15-03-49,Dentist
6945,Julia,Flores,Female,elizabeth45@example.com,(672)251-2307,25-08-98,Advertising account planner
6946,Terri,Whitaker,Female,madison24@example.net,209-722-9084x868,20-01-82,Solicitor
6947,Colleen,Herrera,Male,tammiesweeney@example.org,009-970-4791x19273,10/5/2043,Patent attorney
6948,Rebekah,Cordova,Female,cassandraboyer@example.org,5047841848,15-08-65,Clinical cytogeneticist
6949,Krista,Mayo,Male,garrettramos@example.org,-5520,3/12/2003,"Accountant, chartered certified"
6950,Tyler,Chang,Female,bingram@example.net,126.030.8664,9/9/2042,"Administrator, education"
6951,Chase,Andersen,Female,traci02@example.org,(359)278-3061x6178,29-03-69,"Surveyor, minerals"
6952,Holly,Davenport,Male,wroach@example.net,545.499.3337x9057,7/9/1976,Neurosurgeon
6953,Kaylee,Good,Female,qbarker@example.com,817.295.1728x9515,15-06-00,Building control surveyor
6954,Bruce,Huynh,Female,ljarvis@example.org,375-054-0453,30-12-18,Cartographer
6955,Sheila,Velasquez,Female,kimcruz@example.org,906-546-2784,25-07-47,Insurance claims handler
6956,Valerie,Copeland,Female,lhuerta@example.com,(879)979-9228,28-09-96,Video editor
6957,Ashley,Trevino,Male,jeremy30@example.org,511-371-9907x908,10/9/2006,Geochemist
6958,Norman,Galloway,Female,charleslittle@example.org,750-361-8302,24-08-06,Air cabin crew
6959,Lance,Krueger,Male,aerickson@example.org,367-835-9936x08657,18-06-37,Paediatric nurse
6960,Ruben,Meza,Female,mcampbell@example.org,+1-498-487-9117x161,18-09-96,"Surveyor, minerals"
6961,Gabriella,Bridges,Female,bensonsabrina@example.org,647.480.6688,18-04-35,"Psychologist, forensic"
6962,Brianna,Alvarez,Female,christie85@example.net,+1-583-996-5694x4501,4/12/1998,"Scientist, research (life sciences)"
6963,Don,Stark,Female,fosterthomas@example.net,001-402-439-7872,14-12-15,Counsellor
6964,Alan,Harmon,Female,glenn64@example.org,001-951-056-7209x0931,14-02-52,Horticultural consultant
6965,Breanna,Crosby,Male,bowencatherine@example.net,300-358-7114,9/1/2025,Broadcast presenter
6966,Teresa,Leblanc,Female,mindyroach@example.com,875.187.5191x0523,30-12-19,Trade union research officer
6967,Ariel,Erickson,Female,barajaskatherine@example.org,7661804787,3/2/2001,Advertising art director
6968,Haley,Carter,Female,robinmccann@example.net,001-842-904-2898x430,13-11-92,"Nurse, children's"
6969,Isaac,Mooney,Male,sheppardmarcus@example.net,355-580-3939x86783,5/9/2017,"Scientist, marine"
6970,Martin,George,Male,zpugh@example.com,877.847.3931x204,4/10/2018,"Scientist, clinical (histocompatibility and immunogenetics)"
6971,Reginald,Cantu,Male,zoliver@example.com,+1-817-060-4393x8918,31-07-75,Insurance claims handler
6972,Kenneth,Harris,Male,lawrence20@example.net,-1629,5/2/2004,Network engineer
6973,Ruth,Newton,Female,harrellshawn@example.org,3323961350,8/1/1967,Associate Professor
6974,Sandy,Yang,Female,hriley@example.org,973-608-2758x088,1/10/1956,Actor
6975,Desiree,Malone,Male,kylie94@example.org,306.047.7632x325,15-12-75,"Engineer, electrical"
6976,Zoe,Mccall,Male,mosskristin@example.org,778-468-4822x5357,22-05-45,Volunteer coordinator
6977,Caitlyn,Sampson,Female,kaylamurray@example.net,(329)397-4133x762,8/7/1972,"Geologist, engineering"
6978,Edward,Barron,Male,charlene99@example.com,+1-017-458-9387x8312,4/9/2016,Fashion designer
6979,Raymond,Quinn,Female,gayalexandra@example.com,(377)879-0220,23-09-73,"Producer, television/film/video"
6980,Jessica,Villa,Male,hintonsummer@example.net,+1-529-836-0740x4403,2/12/1960,Animator
6981,Cesar,Adams,Female,breanna34@example.com,931.664.6709x89779,6/9/2025,Podiatrist
6982,Marcus,Haney,Female,george37@example.com,094-714-8366x0237,12/3/1969,Photographer
6983,Brooke,Giles,Female,gmahoney@example.org,+1-930-179-7909x55021,18-07-21,Trade union research officer
6984,Molly,Strong,Male,hailey43@example.com,3164849874,19-01-93,"Surveyor, rural practice"
6985,Heidi,Ortiz,Female,marvinpayne@example.net,986.890.3122x9944,19-09-47,TEFL teacher
6986,Angela,Howard,Female,tinaconner@example.org,001-894-363-4293x71046,25-09-01,Horticultural therapist
6987,Noah,Doyle,Male,sbyrd@example.com,026.653.6652x8575,6/12/1994,Art therapist
6988,Damon,Hamilton,Male,steve27@example.net,+1-351-512-1289x11710,23-11-70,"Conservation officer, historic buildings"
6989,Andre,Lucero,Female,glennowens@example.net,(829)211-4691x41012,25-07-47,Operational investment banker
6990,Connie,Roberts,Female,rli@example.com,4667576604,28-07-13,"Engineer, communications"
6991,Alyssa,Hooper,Female,sherylcastaneda@example.org,455-386-8362x528,30-11-16,Archaeologist
6992,Kelsey,Turner,Male,shaun23@example.org,(482)927-2357x1100,23-08-37,"Accountant, chartered"
6993,Haley,Navarro,Male,kaitlin09@example.org,974.092.7645x2936,16-09-67,Petroleum engineer
6994,Becky,Kidd,Male,burnscristina@example.net,437-656-8922,1/1/1997,Counsellor
6995,Maria,Sims,Female,bullockgwendolyn@example.net,+1-776-265-2054x2717,12/9/2003,Professor Emeritus
6996,Justin,Evans,Male,chenwyatt@example.org,034.573.0347,7/3/1986,Academic librarian
6997,Colleen,Henry,Female,bsilva@example.com,103-765-2142x492,10/1/2038,Geoscientist
6998,Edwin,Beck,Female,foneill@example.org,1573351931,30-09-99,Psychotherapist
6999,Erin,Patton,Female,gateslarry@example.org,+1-325-777-5961x0096,16-10-21,Dentist
7000,Nicolas,Ross,Male,bill99@example.net,799.136.0985x346,29-11-28,Animator
7001,Malik,Navarro,Male,damon72@example.net,550.409.5454x2588,9/7/1979,Research scientist (medical)
7002,Carlos,Martin,Male,russellhancock@example.com,355-334-6390,25-09-33,Energy manager
7003,Kaylee,Clarke,Female,dherman@example.org,+1-182-867-9697x62562,1/10/2025,"Copywriter, advertising"
7004,Mckenzie,Estrada,Female,xcraig@example.org,018-705-9403x70684,29-08-19,"Editor, commissioning"
7005,Abigail,Avila,Female,bassricky@example.org,5525228893,24-01-81,"Teacher, primary school"
7006,Haley,Butler,Male,colton19@example.org,-6134,11/1/2006,Film/video editor
7007,Calvin,Boyer,Male,merrittzachary@example.org,-2307,10/11/2040,"Engineer, water"
7008,Karen,Golden,Male,qrobertson@example.org,086-120-7829x57114,30-03-54,"Scientist, research (life sciences)"
7009,Jaclyn,Mcintosh,Female,genemccarthy@example.net,001-385-264-4310x284,3/10/1950,Manufacturing engineer
7010,Donald,Molina,Male,alisongolden@example.net,464.501.6687,22-02-82,Herbalist
7011,Kirk,Hickman,Male,cathylandry@example.net,418-199-1616,26-07-13,Landscape architect
7012,Jacqueline,Hutchinson,Female,hellison@example.net,8954264203,11/12/1959,Clinical molecular geneticist
7013,Ricky,Baxter,Female,bobby48@example.com,(586)673-1351x8806,6/11/2048,Historic buildings inspector/conservation officer
7014,Christie,Cruz,Female,suttonjanet@example.org,018.810.6447x6292,24-10-98,Newspaper journalist
7015,Anna,Maldonado,Male,efritz@example.net,558-860-2123x940,23-01-58,"Scientist, forensic"
7016,Krista,Duran,Female,petersenspencer@example.org,096-893-5131,28-10-08,Company secretary
7017,Cristian,Andrews,Female,deckertammy@example.net,326-575-4480x78438,6/3/2002,Architectural technologist
7018,Isaiah,Glenn,Male,luke40@example.net,(662)578-5834x67498,16-09-16,Magazine features editor
7019,Miguel,Butler,Male,kbaxter@example.org,(003)774-6789x5971,19-09-16,"Lecturer, higher education"
7020,Alyssa,Dillon,Female,hollanddaniel@example.org,965.115.8556,10/9/2012,Chief Operating Officer
7021,Leah,Bowen,Male,chrisdurham@example.net,(240)506-8874x9904,20-10-70,Applications developer
7022,Caitlin,Weber,Female,alexander40@example.com,771-260-0415,6/7/2036,"Psychologist, sport and exercise"
7023,Bridget,Hammond,Male,randy66@example.org,-6634,8/10/1959,Technical brewer
7024,Brandon,Dean,Male,fisherkerri@example.org,932.413.4316x58596,8/10/1992,Medical sales representative
7025,Evan,Burnett,Male,vaughanmiranda@example.net,772.883.9404x2254,8/11/2035,Contracting civil engineer
7026,Kimberly,Medina,Male,careylonnie@example.net,5682590715,22-11-12,Careers information officer
7027,Malik,Walters,Male,tanya26@example.net,241.359.6607,27-10-96,Insurance account manager
7028,Clarence,Larsen,Male,judy89@example.net,109-225-3077x239,20-10-62,Automotive engineer
7029,Tanner,Cross,Female,daltonrobertson@example.net,(602)292-5791x8617,4/5/1956,"Radiographer, therapeutic"
7030,Kaitlyn,Knox,Male,shelley98@example.com,5307729637,19-05-67,Games developer
7031,Margaret,Paul,Male,chelsey24@example.org,+1-890-801-1289x001,8/4/1995,Tourist information centre manager
7032,Timothy,Stanley,Female,heather57@example.com,001-091-452-8705x47068,18-10-75,Wellsite geologist
7033,Keith,Carlson,Female,miguellee@example.com,592-835-9631x413,22-03-34,Estate agent
7034,Pamela,Yang,Male,geaton@example.net,(116)708-5048,19-01-46,"Designer, furniture"
7035,Jake,Davila,Male,calderonstacie@example.org,+1-944-863-5870x63600,31-10-84,Quality manager
7036,Brett,Massey,Female,nathan61@example.com,6985423788,18-10-76,"Engineer, technical sales"
7037,Norman,Krause,Male,tcochran@example.org,(032)015-1394x67204,10/11/2008,"Engineer, structural"
7038,Christine,Montgomery,Female,kellyvanessa@example.org,894.554.2646,5/1/2026,Engineering geologist
7039,Benjamin,Hansen,Male,roger72@example.com,109-819-8763x1347,10/9/1956,Trade union research officer
7040,Janice,Roberts,Male,wileykevin@example.com,724-590-9730,1/3/1983,"Teacher, music"
7041,Marc,Santana,Female,mortonbryce@example.org,467-399-7455,8/3/1980,Contracting civil engineer
7042,Kristy,Hansen,Female,nielsenshari@example.org,001-699-275-9496x90992,22-01-55,"Lighting technician, broadcasting/film/video"
7043,Caitlin,Gray,Female,marquezsherri@example.net,+1-236-120-9468x697,9/8/1973,Corporate treasurer
7044,Rhonda,Schwartz,Female,burtonkristen@example.com,098.640.3168x806,4/1/2012,"Programmer, multimedia"
7045,Xavier,Proctor,Male,taylorgilmore@example.net,(181)239-8920x5917,13-07-92,Trade union research officer
7046,Robin,Cantu,Male,petersenemily@example.com,058.157.6260x35847,18-05-41,Investment analyst
7047,Mike,Wolf,Male,toddpham@example.com,421-365-2985,14-04-14,Museum/gallery exhibitions officer
7048,Earl,Pacheco,Female,brandonsharp@example.net,391-862-1111,9/7/2007,Manufacturing engineer
7049,Laurie,Merritt,Male,mabbott@example.net,-9841,9/6/1971,"Surveyor, insurance"
7050,Penny,Stephenson,Female,shortrebecca@example.org,859-584-8322x5984,5/1/2029,Telecommunications researcher
7051,Bethany,Barrera,Female,aguirregabrielle@example.com,225.647.0136x3041,28-10-11,Outdoor activities/education manager
7052,Lonnie,Stuart,Male,davenportheidi@example.org,(330)466-0027x044,2/11/1959,Mining engineer
7053,Alexander,Hendrix,Female,judymcdaniel@example.com,(378)510-1868,7/5/1956,Environmental manager
7054,Benjamin,Tran,Female,patricktammy@example.com,204-684-4559,17-05-14,Restaurant manager
7055,Devon,Franco,Male,sandraayers@example.net,564.413.3249x81782,18-11-85,Insurance underwriter
7056,Deanna,Koch,Male,fspears@example.com,350.106.9560x8090,30-04-49,Police officer
7057,Dorothy,Shea,Female,kenneth17@example.org,404.892.0698x92180,14-08-61,Economist
7058,Angela,Landry,Female,ralph52@example.com,559-872-3331x79420,9/8/1971,Sports therapist
7059,Cory,Suarez,Male,zbarrett@example.com,001-003-552-9697x1501,17-05-60,Visual merchandiser
7060,Bryan,Suarez,Male,kmendoza@example.org,8810639690,2/3/2016,Soil scientist
7061,Abigail,Campbell,Male,andresmcneil@example.net,(475)941-4548,20-06-94,"Doctor, hospital"
7062,Alan,Wilkerson,Female,deniseferguson@example.com,001-218-810-4123,23-02-05,Chemical engineer
7063,Stacey,Fletcher,Female,nicolas69@example.net,001-682-353-6930,14-07-13,Industrial buyer
7064,Marissa,Pena,Male,christensenderek@example.net,(582)998-9585x2630,1/9/2041,Sports development officer
7065,Jasmin,Bryan,Male,stephensonrick@example.com,(379)255-8230x7455,27-08-30,Proofreader
7066,Bill,Matthews,Male,lesliekirby@example.net,+1-456-611-3343x2038,24-11-49,Interior and spatial designer
7067,Donna,Francis,Female,claireherring@example.com,001-653-929-7283,22-11-68,Retail buyer
7068,Alejandro,Silva,Female,rpena@example.org,(398)359-1986,5/2/1998,Travel agency manager
7069,Dawn,Cantrell,Male,jenniferhouse@example.com,7819418932,30-04-10,Building control surveyor
7070,Ruben,Cuevas,Male,debbiemoore@example.org,+1-558-188-9020x387,22-10-19,Environmental health practitioner
7071,Geoffrey,Cantu,Male,gene10@example.com,109-225-3629x112,21-10-32,"Doctor, general practice"
7072,Lawrence,Howell,Female,johnsscott@example.com,764.694.2784x865,4/4/1995,Professor Emeritus
7073,Dakota,Mccullough,Male,tanyalozano@example.com,914.958.1973x5289,12/5/2011,Software engineer
7074,Beverly,Barron,Female,eweaver@example.com,+1-857-015-6491x525,17-10-79,Learning disability nurse
7075,Brenda,Townsend,Male,pbush@example.org,796-595-7711x2556,7/3/2011,"Civil engineer, contracting"
7076,Nichole,Randall,Female,sally38@example.com,945.530.8521x174,20-02-40,Fashion designer
7077,Shelia,Davies,Male,ernest50@example.org,492.355.8994x93109,17-01-76,Petroleum engineer
7078,Edgar,Chen,Male,schmittbonnie@example.org,425-240-1390x22814,14-03-36,Systems developer
7079,Alexander,Hatfield,Female,castillokimberly@example.com,940.632.3664,18-07-17,Printmaker
7080,Alec,Shields,Male,normawade@example.org,(580)959-3043x20627,13-07-28,"Conservation officer, historic buildings"
7081,Kendra,Yang,Male,jeremiah69@example.net,5723468231,16-11-25,Medical physicist
7082,Tracey,Fisher,Female,tim83@example.net,997-303-7801x6755,12/7/2015,Microbiologist
7083,Alexa,Lucero,Female,aaronharper@example.com,+1-813-421-8445x88393,17-01-86,Animator
7084,Jane,Tucker,Female,rileydiamond@example.net,(208)219-0433,17-10-19,Herpetologist
7085,Peggy,Harrington,Male,destinyball@example.net,(104)984-6520,14-11-17,Furniture designer
7086,Collin,Haynes,Male,duane72@example.com,794-281-1330x6088,17-08-11,Economist
7087,Marvin,Callahan,Female,zunderwood@example.org,001-853-546-9850x210,5/9/1959,"Surveyor, minerals"
7088,Clifford,Mueller,Female,dorseydana@example.net,(025)011-0772x9183,20-01-70,"Scientist, marine"
7089,Brady,Estrada,Female,dillon02@example.com,861.169.8664,1/12/2041,Writer
7090,Anna,Horn,Female,nancy58@example.com,-5442,5/11/1959,Patent examiner
7091,Alyssa,Robbins,Female,riversmartin@example.net,4382351089,15-10-19,Educational psychologist
7092,Shelia,Pope,Female,clarencekim@example.net,998-389-5419,24-04-35,Chartered loss adjuster
7093,Kristopher,Harvey,Male,glennchristopher@example.com,(885)862-0337x809,24-06-28,"Psychologist, forensic"
7094,Dale,Farrell,Male,voconnell@example.com,(653)297-1386,29-05-38,Geochemist
7095,Tami,Travis,Female,dalevelez@example.org,822-432-6419,20-05-23,Colour technologist
7096,Andrea,Patton,Female,gilbertcompton@example.com,054.379.6865,28-12-07,Insurance risk surveyor
7097,Nichole,Conner,Male,nstevens@example.com,083-377-9414x08978,8/5/1950,Medical illustrator
7098,Roberta,Pratt,Male,bhess@example.com,(631)524-8559,20-04-10,Exercise physiologist
7099,Stanley,Rodgers,Female,richardkarl@example.com,453.979.7019x8577,28-09-87,Education administrator
7100,Matthew,Mcdonald,Male,mistyarias@example.com,(381)773-6841x310,3/3/1978,Equality and diversity officer
7101,Maxwell,Mckee,Female,wilkinsonmelody@example.net,001-208-459-8081x8015,26-04-20,Music therapist
7102,Leroy,Riley,Female,brandihurst@example.net,521-806-9683,26-03-33,Lobbyist
7103,Colton,Phillips,Male,amanda78@example.net,(969)917-5395x4596,15-12-99,Communications engineer
7104,Becky,Harding,Male,tricia89@example.net,213-964-2508x49495,5/3/1976,Emergency planning/management officer
7105,Erik,Leonard,Male,jocelyn44@example.org,697.940.4765,3/1/1953,Retail buyer
7106,Janice,Velazquez,Female,rodonnell@example.net,3566528177,13-11-50,Horticultural consultant
7107,Haley,Stephens,Female,megan73@example.net,206-802-6850x688,2/8/2020,Civil Service fast streamer
7108,Andres,Patel,Female,kurt64@example.org,+1-465-948-4900x7187,14-06-13,Special effects artist
7109,Alyssa,Faulkner,Female,jimmybecker@example.org,-8423,13-04-96,Passenger transport manager
7110,Timothy,Harmon,Female,kristinewang@example.com,(104)534-3344,2/9/2015,Analytical chemist
7111,Bryce,Macias,Male,wwolfe@example.net,001-215-211-0015x2113,5/1/1998,Horticultural consultant
7112,Pam,Montoya,Male,gmeyer@example.com,(278)534-4342x579,25-03-92,Public house manager
7113,Terri,May,Male,cshah@example.com,3012252555,9/1/2039,"Designer, textile"
7114,Ariel,Wise,Female,nielsenralph@example.org,690.222.0828x3396,27-08-71,Museum/gallery exhibitions officer
7115,Justin,Marks,Female,valdezjesse@example.org,001-348-135-5790,7/10/1995,Archivist
7116,Jody,Brock,Female,phouse@example.com,103-333-3981x70501,6/6/2015,Corporate investment banker
7117,Mikayla,Knight,Male,sotowhitney@example.org,8569015595,5/7/2012,Aeronautical engineer
7118,Helen,Berry,Female,mauriceabbott@example.com,330-581-6171x38160,28-07-80,"Teacher, early years/pre"
7119,Paige,Everett,Male,xsingh@example.com,+1-402-438-3219x8125,17-06-20,"Engineer, maintenance"
7120,Walter,Trevino,Female,joancruz@example.com,(386)557-1944x63235,19-09-12,"Therapist, horticultural"
7121,Tasha,Mcknight,Male,gayala@example.org,5497558207,14-07-67,"Presenter, broadcasting"
7122,Stacie,Pugh,Female,kristina35@example.net,825-980-1683,20-11-06,"Civil engineer, contracting"
7123,Pedro,Ball,Male,stuartcandace@example.net,(723)426-4994x2543,23-07-51,Mudlogger
7124,Marilyn,Golden,Female,cheyenne60@example.net,365.635.7797x8073,15-02-22,Environmental education officer
7125,Howard,Fowler,Female,carrollmia@example.org,(045)249-5618x48512,14-06-31,Clinical molecular geneticist
7126,Leroy,Jackson,Female,lcampbell@example.net,001-719-532-7494x27253,30-11-51,Bookseller
7127,Misty,Santana,Male,tonya54@example.net,843.828.1806,18-12-83,Professor Emeritus
7128,Darryl,Hart,Female,aclark@example.org,001-159-963-5339x164,5/5/2000,Radiation protection practitioner
7129,Samantha,Lopez,Male,marcia96@example.com,118-081-6292,28-10-32,"Civil engineer, consulting"
7130,Phillip,Carson,Female,joycepatrick@example.net,113780267,1/9/2019,Planning and development surveyor
7131,Marvin,Ware,Female,kevin84@example.com,453.440.0688x1259,11/9/1964,"Engineer, chemical"
7132,Ashlee,Callahan,Female,carlsonheather@example.com,001-284-814-0128x7898,14-09-64,Chief of Staff
7133,Jesus,Adkins,Male,kquinn@example.com,810.078.2452,20-03-77,Control and instrumentation engineer
7134,Sean,Cherry,Female,fbowman@example.org,893-908-3986x0747,24-11-91,Community arts worker
7135,Annette,Mcgrath,Female,gcortez@example.net,349-910-0667x5175,17-02-31,"Psychologist, educational"
7136,Linda,Bruce,Male,abarton@example.org,534.216.8483,12/5/1987,"Geologist, wellsite"
7137,Harry,Kemp,Male,dan03@example.org,7045902399,29-04-46,Medical secretary
7138,Melissa,Cuevas,Female,gwendolynrandolph@example.net,317-789-8198,30-11-98,Clinical cytogeneticist
7139,Jonathon,Spencer,Male,bcortez@example.com,687.400.4628x2058,16-11-04,Operational researcher
7140,Sara,Wagner,Female,jeffwest@example.com,+1-682-149-5912x170,19-07-12,"Engineer, control and instrumentation"
7141,Eddie,Sutton,Male,ybradley@example.org,735.395.0080,24-07-17,"Surveyor, minerals"
7142,Jean,Olsen,Female,marisa35@example.org,931.311.7740,26-11-20,Consulting civil engineer
7143,Jonathan,Cooke,Female,zavalatroy@example.com,309.050.8620,4/1/1967,Network engineer
7144,Yvonne,Payne,Female,whiteheadlatasha@example.com,001-607-573-3940,22-10-19,Clinical embryologist
7145,Jenna,Padilla,Male,awalter@example.org,057.331.5646x312,4/7/1959,"Embryologist, clinical"
7146,Lynn,Vega,Female,zavalakatrina@example.com,-3512,2/3/1981,Logistics and distribution manager
7147,Mindy,Lynch,Male,georgehull@example.org,037-141-7298x580,2/10/2007,Leisure centre manager
7148,Nicholas,Guzman,Female,yolanda20@example.com,001-753-528-4946x125,18-06-47,"Surveyor, commercial/residential"
7149,Terri,Trujillo,Female,mike72@example.com,965.471.2054x4103,1/4/1963,"Clinical scientist, histocompatibility and immunogenetics"
7150,Nina,Vazquez,Female,sonya15@example.org,001-273-934-5675x5443,26-03-78,Youth worker
7151,Ian,Sims,Female,caldwellmckenzie@example.org,001-307-302-3470x95135,15-04-35,Comptroller
7152,Victoria,Terrell,Male,shelbycosta@example.com,2201562748,24-10-00,Games developer
7153,Steve,Holt,Male,christy74@example.org,096.180.9654x416,10/2/2020,Horticultural consultant
7154,Joel,Jensen,Female,uburns@example.com,1498799665,4/7/2018,Water quality scientist
7155,Penny,Buck,Male,barrerajoseph@example.com,+1-434-558-9478x433,8/1/1986,Child psychotherapist
7156,Kayla,Wall,Female,yodonnell@example.org,(206)839-7342x07666,9/5/2018,Interior and spatial designer
7157,Mason,Clark,Male,danahubbard@example.org,271-193-2782x309,28-08-75,Software engineer
7158,Kaitlin,Stout,Male,smcfarland@example.com,(569)003-0541,1/9/1993,Site engineer
7159,Kristopher,Mckenzie,Male,mollygreer@example.com,(442)924-3442x21733,13-07-14,"Scientist, physiological"
7160,Peter,Stanley,Female,deanna20@example.net,+1-344-058-8196x909,5/12/2011,"Radiographer, diagnostic"
7161,Roy,James,Male,tammykelly@example.net,(604)261-8967x8249,13-05-26,Editorial assistant
7162,Charles,Black,Male,mstone@example.org,(979)680-2053,16-08-96,"Librarian, public"
7163,Guy,Newton,Female,mdrake@example.com,002.635.2676x86430,3/4/1960,Marine scientist
7164,Edward,Wilkins,Female,tjones@example.net,+1-330-153-9209x700,23-09-42,Heritage manager
7165,Evelyn,Willis,Female,jonathansnow@example.com,598-160-6669,29-07-86,Education administrator
7166,Pedro,Mercer,Male,toddtom@example.net,(486)550-3226x510,20-09-60,Quarry manager
7167,Luis,Villa,Female,jchase@example.net,2250613091,20-04-87,Insurance account manager
7168,Kerri,Martinez,Male,derrick58@example.net,(216)235-5657x756,22-06-77,"Engineer, chemical"
7169,Darlene,Mercado,Female,april36@example.org,(525)273-9731x899,29-04-16,"Engineer, energy"
7170,Norman,English,Female,stuartshelley@example.net,044.724.1022,2/4/1966,Magazine journalist
7171,Eric,Benton,Female,bbooth@example.com,-10701,26-12-27,IT technical support officer
7172,Dana,Anderson,Male,slambert@example.net,114.269.7161x424,17-05-66,Health service manager
7173,Arthur,Gutierrez,Male,lauratravis@example.net,650.866.9767x46784,25-12-99,Arboriculturist
7174,Kenneth,Merritt,Female,danny80@example.net,939-471-8998x2669,21-07-13,Medical technical officer
7175,Nathan,Johns,Male,bobbean@example.com,429-412-1047x42838,11/6/2031,Lawyer
7176,Monica,Gutierrez,Female,darren59@example.org,(159)042-2056,22-08-57,Pension scheme manager
7177,Dominique,Cain,Male,yvette55@example.com,150.858.2706x9487,17-10-28,"Engineer, mining"
7178,Kerry,Cooley,Female,melvin64@example.net,(541)467-2079x73370,17-08-61,Pensions consultant
7179,Charles,Moore,Female,rochahunter@example.com,(095)395-5089,22-06-02,Clinical molecular geneticist
7180,Andre,Fischer,Female,herbert60@example.net,(526)828-4370x73207,25-03-07,Financial trader
7181,Monica,Burch,Female,fjuarez@example.com,683.685.2816x75532,25-06-92,Occupational psychologist
7182,Dominic,Montgomery,Female,icurtis@example.org,+1-963-816-6981x901,15-06-87,Ergonomist
7183,Chelsea,Lynch,Female,qstrickland@example.net,001-467-859-0770x3570,27-12-26,"Psychologist, occupational"
7184,Bianca,Johnston,Male,karinacollier@example.com,-4450,29-10-80,"Teacher, music"
7185,Philip,Foley,Male,jonesshawna@example.org,001-442-081-3191x390,26-04-08,Animal technologist
7186,Kirk,Hines,Female,cathy39@example.com,9900433125,9/10/1996,Higher education careers adviser
7187,Katrina,Walton,Male,sylvia37@example.net,530.549.1572x2027,15-07-41,"Engineer, aeronautical"
7188,Rodney,Cuevas,Male,lydia84@example.org,(132)839-4031,26-01-14,Chief Marketing Officer
7189,Sabrina,Hebert,Male,cassidy96@example.com,001-996-650-9620x98786,10/8/2009,"Development worker, international aid"
7190,Debbie,Soto,Male,danieltiffany@example.net,985-791-0170,8/3/1953,Systems analyst
7191,Allen,Byrd,Male,qmyers@example.net,+1-762-742-1324x5168,12/9/2014,Market researcher
7192,Haley,Powell,Female,patty75@example.com,+1-820-227-1225x513,9/1/1975,Child psychotherapist
7193,Eric,Bond,Male,xray@example.org,793.444.0595,9/11/1995,"Scientist, forensic"
7194,Judy,Collier,Male,kristipark@example.org,+1-261-550-1925x0626,12/9/2003,Speech and language therapist
7195,John,Roberts,Female,xmalone@example.net,(377)412-6025x5054,26-01-20,Merchant navy officer
7196,Omar,Reeves,Male,brettbond@example.com,(888)750-4021x8840,6/7/2025,Human resources officer
7197,Tina,Davies,Female,kaitlyn47@example.org,1753193671,5/4/1987,Clinical research associate
7198,Dave,Burke,Female,joel78@example.com,001-942-327-3454x1893,19-05-54,Accounting technician
7199,Stephanie,Monroe,Female,barkerdaniel@example.net,+1-730-816-6330x2455,14-09-49,Broadcast presenter
7200,Kayla,Weiss,Female,joycedale@example.net,424-692-8328,1/3/1973,Purchasing manager
7201,Fernando,Mcfarland,Male,leroymccarthy@example.com,689-242-5057,4/4/2007,"Therapist, speech and language"
7202,Darrell,Hurley,Male,dbeck@example.org,090-508-4758x1356,7/10/2013,Data processing manager
7203,Gene,Pace,Male,dennismata@example.com,001-084-919-9378,19-07-02,"Accountant, chartered certified"
7204,Terrance,Mcdonald,Male,zgibbs@example.org,5685843577,19-12-73,Theme park manager
7205,Jeff,Gentry,Female,gonzalezeduardo@example.org,3899517688,19-06-57,Hydrogeologist
7206,Heidi,Hinton,Male,wrasmussen@example.org,(487)193-6938,27-01-39,"Programmer, multimedia"
7207,Philip,Henderson,Male,ballardpaige@example.com,001-182-482-2344,27-11-76,Writer
7208,Andre,Mora,Male,cassidyburton@example.net,104.744.5596x50856,11/5/1990,Mental health nurse
7209,Nicolas,Simmons,Female,benitezkatherine@example.org,243-874-5646x271,29-11-99,"Editor, commissioning"
7210,Sabrina,Hood,Female,travisnixon@example.net,719-596-9974,17-11-36,Health and safety inspector
7211,Annette,French,Male,paulacarr@example.com,344.396.3279x66199,8/12/2028,Colour technologist
7212,Nicolas,Zuniga,Male,donaldvaldez@example.net,001-156-034-2132x177,13-08-50,Textile designer
7213,Caleb,Beard,Male,isabeltran@example.net,1442132733,2/9/1975,Event organiser
7214,Sonia,Estrada,Male,rickeygibson@example.net,001-529-987-5733,19-03-30,"Psychologist, prison and probation services"
7215,Kylie,Mckinney,Female,anthonycarrie@example.org,3404221271,5/4/1969,Structural engineer
7216,Mitchell,James,Male,bradysergio@example.net,240.869.1556x77723,23-08-20,"Surveyor, minerals"
7217,Matthew,Lynn,Male,ericabeard@example.net,001-171-198-0035x844,31-05-15,"Scientist, research (physical sciences)"
7218,Jane,Trevino,Female,wsalas@example.net,+1-473-107-8284x75735,6/9/2007,"Engineer, biomedical"
7219,Caroline,Clay,Male,wberry@example.com,395.782.1950x0210,4/1/2046,Broadcast presenter
7220,Jerome,Cuevas,Female,edwinmaddox@example.net,1576118247,18-01-48,"Chemist, analytical"
7221,Javier,Burnett,Male,faith64@example.com,+1-748-860-1195x184,5/12/2037,Cabin crew
7222,Erika,Stephenson,Male,knoxkenneth@example.net,(984)588-2008x749,20-03-12,Prison officer
7223,Makayla,Delgado,Male,marie39@example.net,001-325-173-6611,11/4/2001,Training and development officer
7224,Adrian,Schmidt,Male,ralphmccann@example.com,883.949.4135x09965,25-08-31,IT trainer
7225,Cesar,Merritt,Male,joannabautista@example.com,417.719.4861x64322,29-05-08,Forensic psychologist
7226,Melanie,Mullins,Male,rick28@example.org,196-560-9257,9/7/2036,Chiropodist
7227,Becky,Bean,Male,debbiewong@example.com,202.882.3737x180,6/11/1994,Paramedic
7228,Melissa,Bird,Male,jlopez@example.org,499.807.0890x2721,3/9/1985,"Sales professional, IT"
7229,Jenna,Reyes,Female,ariddle@example.com,248.110.1086,2/5/2043,Wellsite geologist
7230,Stefanie,Guerrero,Female,hknapp@example.net,298.731.2353x7303,26-06-17,"Embryologist, clinical"
7231,Francis,Hawkins,Female,hford@example.com,+1-099-871-6296x800,30-07-07,Amenity horticulturist
7232,Rebekah,Cisneros,Male,saundersbeverly@example.net,-3688,24-09-69,Garment/textile technologist
7233,Jean,Flores,Male,warren53@example.org,708.156.9923x583,31-10-68,Information systems manager
7234,Adam,Blair,Female,atkinsonshannon@example.net,928.978.6668,2/1/1955,Tax inspector
7235,Ruth,Zuniga,Female,conleyjerry@example.org,088.463.6117,28-07-96,Industrial buyer
7236,Gabrielle,Stephenson,Male,laurie47@example.net,411-282-8466,25-09-72,"Scientist, forensic"
7237,Brooke,Solis,Female,newtonandre@example.org,(660)678-5636x37434,11/10/2018,Secretary/administrator
7238,Taylor,Macias,Female,gferguson@example.net,+1-399-165-7520x39105,5/12/1994,Geophysical data processor
7239,Samuel,Hurley,Male,christian39@example.net,272.526.1000x329,1/11/1965,"Accountant, chartered public finance"
7240,Alexandria,Hammond,Male,jaclyn51@example.com,+1-332-437-9119x7626,6/6/2010,Armed forces logistics/support/administrative officer
7241,Tanya,Barron,Male,edgar81@example.org,(847)381-3028,12/6/2034,Chartered certified accountant
7242,Mary,Wall,Male,wmarsh@example.com,+1-321-805-9673x31807,19-04-95,"Civil engineer, contracting"
7243,Colleen,Yang,Male,ohickman@example.net,001-033-816-6306x919,27-12-18,Ergonomist
7244,Hayley,Nielsen,Male,jesseenglish@example.net,2640669440,30-04-11,"Nurse, learning disability"
7245,Renee,Hooper,Male,andre24@example.com,(223)258-9522,6/6/2006,Higher education lecturer
7246,Suzanne,Woodward,Female,shellyburns@example.net,(870)559-6578,6/10/2048,Marine scientist
7247,Leah,Robles,Female,ruth64@example.net,(658)034-2218x917,16-04-13,Phytotherapist
7248,Belinda,Roberts,Female,santiagojoann@example.net,229-789-8429x803,15-02-42,"Engineer, electronics"
7249,Brad,Eaton,Male,johnstondiamond@example.com,531.098.0641x96943,18-11-62,"Horticulturist, amenity"
7250,Karla,Harding,Female,barnettsheri@example.net,3857740205,26-08-13,Furniture conservator/restorer
7251,Kerry,Wu,Male,josephsolomon@example.net,(038)809-7542x5057,18-01-86,Information officer
7252,Kaitlyn,Orozco,Male,guyabbott@example.org,(685)021-4594,19-05-99,Archivist
7253,Suzanne,Mcgrath,Male,carly00@example.net,861-142-5324x838,4/11/2015,"Scientist, research (life sciences)"
7254,Andres,Morgan,Male,mike93@example.org,(724)732-5934,5/8/2007,Information systems manager
7255,Seth,Rocha,Female,spencermayer@example.com,001-726-956-6488x2133,3/7/1974,Pathologist
7256,Sheri,Meyer,Female,elizabeth23@example.net,+1-526-584-8647x8546,9/10/2035,Estate agent
7257,Christian,Tucker,Female,sandrafarmer@example.net,+1-876-471-0826x7424,29-06-92,"Engineer, maintenance (IT)"
7258,Chad,Massey,Female,austin88@example.net,+1-818-822-2077x86694,7/4/2020,Management consultant
7259,Darryl,Velazquez,Female,gallagherjudy@example.com,359.628.9820,28-02-20,Armed forces operational officer
7260,Kelsey,Watson,Female,jorgegreen@example.com,423-297-7497x59081,19-03-85,"Programme researcher, broadcasting/film/video"
7261,Amy,Serrano,Male,wendyswanson@example.net,154.955.8974x550,28-06-54,"Loss adjuster, chartered"
7262,Ellen,Singleton,Male,abbottdevin@example.net,(097)322-3053x18897,13-03-08,Copy
7263,Sergio,Moreno,Male,neil63@example.com,315588688,3/2/1971,Corporate treasurer
7264,Brittany,Cuevas,Male,lance88@example.net,001-308-653-5890x3788,16-10-32,Early years teacher
7265,Casey,Bates,Female,ocameron@example.net,720.030.2981x0980,1/8/2027,"Surveyor, land/geomatics"
7266,Debra,Zamora,Male,justinbarajas@example.net,029.367.5073x28977,14-01-51,Probation officer
7267,Samantha,Cordova,Male,uhudson@example.org,(967)120-7978x6691,15-02-11,Illustrator
7268,Jackson,Lynn,Female,jeanette42@example.net,(053)144-4155,25-11-67,"Teacher, secondary school"
7269,Peter,Blankenship,Female,betty08@example.com,500.837.0154,3/8/2022,Immunologist
7270,Darlene,Hutchinson,Male,edwardhawkins@example.com,126-900-9881x213,11/6/1962,Civil Service administrator
7271,Patty,Richard,Male,elijahevans@example.net,257-637-8369x71166,24-01-12,Research scientist (physical sciences)
7272,Hunter,Mcclain,Female,cindy10@example.org,(313)857-2120,23-12-35,Dietitian
7273,Sandy,Miller,Female,dgallegos@example.com,(195)341-4142x36969,15-09-81,IT trainer
7274,Anna,Calderon,Female,claire20@example.net,832-880-7592,3/12/2027,Cytogeneticist
7275,Cathy,Webster,Female,carlaacosta@example.org,001-791-075-4772x590,13-08-17,Multimedia specialist
7276,Marcus,Henry,Male,daltondave@example.org,836-875-4872x184,26-11-48,IT technical support officer
7277,Alejandro,Cantrell,Female,gordonfuentes@example.com,(238)511-9658,3/4/2033,Product designer
7278,Scott,Benjamin,Female,munozlauren@example.net,211.179.7227x2230,27-08-85,Dancer
7279,Earl,Fuentes,Female,robinmccoy@example.com,+1-878-517-4749x878,12/4/2031,Child psychotherapist
7280,Colin,Cherry,Male,claudianicholson@example.com,001-821-687-9789x567,26-07-54,Naval architect
7281,Sherry,Guzman,Male,austinpeggy@example.org,(206)729-1112,15-10-52,Marketing executive
7282,Guy,Salazar,Female,milesdanielle@example.net,593-215-1313,2/2/2049,"Editor, magazine features"
7283,Margaret,Contreras,Female,gstrickland@example.net,+1-738-256-2739x1433,6/5/2019,Waste management officer
7284,Molly,Blackburn,Male,gabriella35@example.net,6602842895,14-06-93,Naval architect
7285,Morgan,Marshall,Female,jmathis@example.net,+1-536-714-0307x05421,21-02-94,"Research officer, political party"
7286,Tyrone,Sellers,Male,richardtonya@example.org,703-434-6134,6/6/1971,Education administrator
7287,Helen,Roth,Male,brianna92@example.org,001-558-420-3490x136,7/9/2021,"Engineer, communications"
7288,Chad,Warren,Female,priscilla25@example.com,179-494-8284,14-11-51,Musician
7289,Anna,Potts,Female,haydenanthony@example.com,+1-511-049-7398x97230,19-10-34,Chiropractor
7290,Cheyenne,Macias,Female,jmcgee@example.net,584-476-3315x637,13-05-86,"Engineer, drilling"
7291,Meghan,Pacheco,Female,joyce18@example.com,+1-848-451-0107x483,6/6/1958,Medical laboratory scientific officer
7292,Melissa,Peck,Male,tracypowers@example.org,673.392.2891,11/4/2018,Theme park manager
7293,Bradley,Baker,Male,dariusmoss@example.org,+1-732-816-9310x027,21-03-20,Public house manager
7294,Maxwell,Colon,Female,kanesummer@example.com,001-588-201-0617x031,19-01-11,Accommodation manager
7295,Brianna,Mitchell,Male,robbinscaitlyn@example.com,976-264-2043x095,10/5/2013,Medical laboratory scientific officer
7296,Glen,Coffey,Male,brent30@example.net,025-061-3122x783,20-04-15,Graphic designer
7297,Connor,Johnson,Male,parksmike@example.org,950.984.2400x386,5/1/2005,Armed forces training and education officer
7298,Meredith,Ortiz,Male,shellytucker@example.com,+1-995-214-0715x66431,4/9/1974,Field seismologist
7299,George,Larson,Male,aglass@example.org,(413)273-1863x2462,17-11-74,Solicitor
7300,Sara,Clarke,Female,pedro74@example.net,051.906.0368x840,2/10/1960,"Optician, dispensing"
7301,Jaime,Schroeder,Female,diane83@example.net,316-694-0298,15-05-85,Sports administrator
7302,Joanna,Avila,Female,odomana@example.com,(309)738-2370,20-07-54,"Investment banker, operational"
7303,Sergio,Coleman,Female,benjaminisabel@example.org,306.442.6393,7/7/1996,Clinical cytogeneticist
7304,Yesenia,Patterson,Female,mariah05@example.org,646-258-6353,6/11/2048,"Editor, magazine features"
7305,Alexandria,Robles,Female,riversstacy@example.net,(618)754-6342x259,24-03-13,Banker
7306,Lindsay,Morton,Female,watersallison@example.org,(482)236-5395,28-10-48,Water quality scientist
7307,Michele,Pacheco,Male,marcocline@example.net,208-969-2678,27-10-40,Radiation protection practitioner
7308,Kayla,Ellis,Male,farrellcathy@example.com,+1-838-057-3052x8343,31-01-06,Senior tax professional/tax inspector
7309,Brendan,Waller,Female,murraybilly@example.org,939-270-0665x7555,9/4/2031,Educational psychologist
7310,Marvin,Randolph,Male,phillipseileen@example.net,(934)111-0647x303,5/12/1997,Claims inspector/assessor
7311,Christian,Cohen,Male,elijahwiley@example.net,001-279-315-1061,12/9/1954,Analytical chemist
7312,Garrett,Allison,Female,angiebriggs@example.com,(471)612-1628x9906,22-07-70,Armed forces logistics/support/administrative officer
7313,Clinton,Floyd,Female,kpoole@example.net,(061)826-8246x503,16-11-45,"Engineer, manufacturing"
7314,Jo,Gaines,Female,cristianalvarez@example.com,511-568-0924x549,16-11-20,Television production assistant
7315,April,Bautista,Male,kelseygallagher@example.net,516-566-5845x90021,3/8/2006,Multimedia specialist
7316,Vanessa,Poole,Female,sue67@example.com,(450)326-7311x316,6/12/2000,Tax inspector
7317,Brandon,Gross,Male,ethornton@example.org,(700)199-3797,15-11-49,Secretary/administrator
7318,Joy,Gomez,Female,jmontgomery@example.com,(189)225-7529x2572,25-04-22,Chief Executive Officer
7319,Brian,Shaw,Male,mosstabitha@example.org,096-979-1560x506,27-04-20,Tourism officer
7320,Kellie,Haley,Female,butlermaureen@example.org,421-235-6413,10/5/2000,"Scientist, product/process development"
7321,Ana,Burke,Female,blakedonna@example.com,+1-301-112-7625x010,25-09-24,"Pharmacist, hospital"
7322,Harry,Brewer,Male,katherinewright@example.com,(462)458-8099,10/11/2045,"Engineer, control and instrumentation"
7323,Darrell,Wiley,Male,ulambert@example.com,215.605.1001x8505,4/6/2019,"Therapist, occupational"
7324,Molly,Anthony,Female,daltonhuffman@example.org,001-800-877-4385x6914,11/1/1956,"Engineer, maintenance (IT)"
7325,Annette,Chambers,Female,olin@example.com,729-433-6357,11/10/2023,Best boy
7326,Lonnie,Gill,Male,mtaylor@example.com,001-384-669-7969x733,7/11/2015,"Engineer, control and instrumentation"
7327,Linda,Carney,Male,mccalltony@example.com,438-242-0848x0946,9/9/2048,"Engineer, drilling"
7328,Corey,Pittman,Female,hhendrix@example.com,(155)876-8160x151,26-12-04,Theatre stage manager
7329,Bruce,Pugh,Male,chelsearosales@example.org,-3364,6/1/1979,Physiotherapist
7330,Jodi,Henderson,Female,tylerjavier@example.org,001-716-426-9151x80256,19-05-07,Set designer
7331,Breanna,Norton,Male,oneillhunter@example.com,(951)862-2374,24-03-03,"Exhibitions officer, museum/gallery"
7332,Stacie,Petersen,Female,blackwelllindsey@example.com,513-814-0834x0983,28-12-78,Animal technologist
7333,Helen,Arnold,Female,larsennicholas@example.com,676-125-2836x786,13-02-95,Conference centre manager
7334,Karl,Dickson,Female,marissa86@example.net,777-432-4841,26-01-16,"Nurse, learning disability"
7335,Craig,Chambers,Female,aguirrecole@example.org,(484)225-6420,2/4/1996,Commercial/residential surveyor
7336,Claire,Joseph,Female,nelsondorothy@example.org,813.152.0248x2289,30-04-40,"Therapist, horticultural"
7337,Eric,Mclaughlin,Female,qharvey@example.org,001-741-583-2678x980,12/12/1966,Police officer
7338,Daryl,Salas,Female,ysimmons@example.net,305.804.7926,1/2/2028,Economist
7339,Olivia,Meadows,Male,lgarrett@example.com,013-903-0018,28-12-95,"Solicitor, Scotland"
7340,Samuel,Garrison,Female,alexandria23@example.com,495.147.5281,26-09-82,"Accountant, chartered certified"
7341,Diamond,Mccormick,Female,tricianguyen@example.net,258.560.3687,28-07-10,"Production assistant, television"
7342,Jonathon,Mays,Female,rickflores@example.net,(278)469-3656,10/5/1964,Restaurant manager
7343,Samantha,Raymond,Male,pettyandres@example.org,133-472-2664x724,17-05-51,Speech and language therapist
7344,Dalton,Valenzuela,Male,mark03@example.com,725.780.9353x539,20-06-14,"Designer, graphic"
7345,Cindy,Blackburn,Female,erosario@example.net,-4980,6/9/2030,Hydrographic surveyor
7346,Nicolas,Booker,Male,lkrause@example.net,175.335.0817,12/2/2045,Accommodation manager
7347,Sabrina,Rasmussen,Female,abrock@example.org,387-599-0065,6/4/1959,Systems analyst
7348,Nicholas,Chung,Male,hmcclain@example.net,+1-426-258-4783x636,19-07-17,"Teacher, music"
7349,Christopher,Hudson,Female,sandovaldarrell@example.com,088.801.2175x03409,28-08-93,Early years teacher
7350,Felicia,Patrick,Female,suzannewood@example.org,005-921-7042x72086,7/8/2010,Chief Executive Officer
7351,Geoffrey,Cardenas,Female,adrianamcmahon@example.com,001-603-973-9307x60657,15-12-45,Speech and language therapist
7352,Raymond,Munoz,Male,hugheschad@example.net,084.058.6191x676,28-09-17,"Surveyor, land/geomatics"
7353,Teresa,Hebert,Female,randy73@example.net,909-898-3519,23-09-70,Video editor
7354,Levi,Cisneros,Male,lparks@example.com,+1-748-107-4251x741,28-07-34,Tourist information centre manager
7355,Clarence,Waters,Female,pskinner@example.org,591-511-0781x17715,16-05-11,"Restaurant manager, fast food"
7356,Andres,Delacruz,Male,earl15@example.org,080.012.7145x68353,24-09-60,Lawyer
7357,Sonya,Montgomery,Male,qatkinson@example.org,-6538,2/10/2006,"Engineer, civil (contracting)"
7358,Melody,Valencia,Male,silvajaime@example.org,001-585-684-7556,1/1/2014,Secondary school teacher
7359,Kathleen,Bradshaw,Male,preston71@example.org,(320)345-9259x590,27-11-15,Press sub
7360,Meagan,Hubbard,Female,blyons@example.net,543.073.5373x5849,22-04-93,Fitness centre manager
7361,Renee,Herring,Female,douglasvelazquez@example.net,847-744-1520,18-09-93,Leisure centre manager
7362,Patricia,Merritt,Female,jbruce@example.com,483.229.7111,15-01-20,Chief Strategy Officer
7363,Natasha,Mercado,Female,shirleyjohnson@example.org,892-592-2728x2158,18-06-73,"Sales professional, IT"
7364,Katherine,Savage,Female,barry85@example.com,001-875-437-0756x615,26-05-21,Copy
7365,Gloria,Caldwell,Female,michellesilva@example.org,+1-649-562-3383x65836,6/11/2041,Haematologist
7366,Julie,Collins,Female,kari78@example.org,001-084-363-5273x8013,14-09-57,Chartered public finance accountant
7367,Marvin,Morgan,Female,tcantrell@example.org,(185)431-4632x3321,27-08-37,Bookseller
7368,Theresa,Savage,Female,ianmccann@example.org,323-782-7574x402,26-11-87,Petroleum engineer
7369,Karl,Sutton,Male,christinejenkins@example.com,402-780-3328,22-03-44,Field seismologist
7370,Dillon,Garrett,Male,flowerssergio@example.com,140.044.5781,28-08-87,Building services engineer
7371,Kim,Mendoza,Male,tstephens@example.org,001-200-868-4374x3081,13-01-16,Counsellor
7372,Jeremy,Schwartz,Male,daltoncasey@example.org,+1-684-498-7906x69965,3/5/2011,Jewellery designer
7373,Leah,Oconnell,Female,isweeney@example.com,466547810,3/6/2018,Fisheries officer
7374,Ruben,Mclean,Female,boydbill@example.com,385.300.1908,2/3/2008,Oncologist
7375,Sarah,Wheeler,Female,lynchgavin@example.com,001-173-245-8966x0645,18-08-14,Field seismologist
7376,Deanna,Ballard,Female,janice02@example.net,001-429-492-7413x75242,16-10-10,Cabin crew
7377,Jaclyn,Gilmore,Female,gabrielaporter@example.net,+1-001-354-0911x381,1/8/2034,"Teacher, adult education"
7378,Brady,Bray,Male,murphymadison@example.net,(822)117-4851,1/4/2035,Volunteer coordinator
7379,Samantha,Glover,Male,olsonconnie@example.net,536-997-4627x1224,17-10-18,"Administrator, charities/voluntary organisations"
7380,Greg,Cain,Male,brendan37@example.net,042-720-1108,19-12-40,"Engineer, maintenance (IT)"
7381,Tamara,Bright,Male,brett11@example.net,056.795.7585x4273,29-10-81,Solicitor
7382,Derrick,Newton,Male,hamptoncarly@example.org,152-351-3158x64492,13-12-14,"Engineer, manufacturing systems"
7383,Emma,Hammond,Female,melanie38@example.com,001-400-645-2420x73696,15-09-74,"Administrator, education"
7384,David,Hickman,Male,jamie05@example.com,001-386-297-2722,13-10-53,Higher education careers adviser
7385,Jacqueline,Harmon,Female,bianca28@example.net,(000)094-9688,3/5/2031,Amenity horticulturist
7386,Duane,English,Female,jo99@example.com,177.998.8351x56290,6/9/2011,Environmental education officer
7387,Marissa,Bush,Female,kelseyortega@example.org,+1-011-916-9407x97343,21-10-16,Geographical information systems officer
7388,Guy,Nixon,Female,michael16@example.org,+1-625-484-2952x564,16-11-00,Public affairs consultant
7389,Cindy,Mcdowell,Male,benjaminpratt@example.com,(597)208-8637,16-03-29,Financial manager
7390,Juan,Bradshaw,Male,ernestray@example.com,(745)409-0474x4886,20-03-65,Child psychotherapist
7391,Kelli,Norris,Male,jackieramirez@example.org,674.161.0913,12/3/2022,"Engineer, energy"
7392,Kayla,Alvarado,Female,vincent77@example.com,-7531,6/8/2010,"Engineer, energy"
7393,Amber,Craig,Male,eunderwood@example.com,001-799-452-0804x8633,18-11-48,Academic librarian
7394,Eileen,Mckinney,Female,granthaley@example.org,+1-192-454-7477x97070,17-09-03,"Surveyor, insurance"
7395,Andres,Butler,Male,josephshaffer@example.com,001-273-015-9165,2/1/2017,Network engineer
7396,Andrea,Jordan,Male,wongjohn@example.org,984-538-3186x532,20-08-19,"Engineer, control and instrumentation"
7397,Deanna,Reese,Male,shermanruben@example.org,8296221762,28-05-22,"Copywriter, advertising"
7398,Jake,Berger,Male,crystal35@example.net,205.681.2056x087,19-09-19,Personal assistant
7399,Kaitlyn,Kemp,Female,jsexton@example.net,001-462-712-1825,13-05-49,"Scientist, research (maths)"
7400,Christian,Rangel,Male,daveglenn@example.net,(340)662-1679x3384,8/1/2011,Health promotion specialist
7401,Kirsten,Bullock,Male,hmadden@example.org,+1-275-645-9753x916,30-01-27,Print production planner
7402,Gabriella,Torres,Female,sparksdaniel@example.net,+1-082-425-5142x78805,28-10-29,"Pharmacist, community"
7403,Alejandra,Decker,Male,ilawson@example.net,456.674.1508,31-07-01,Public house manager
7404,Danielle,Levy,Male,leah70@example.org,610-317-8495x45392,18-11-96,Radio producer
7405,Brady,Harvey,Female,renee33@example.org,001-482-966-8813x9880,2/5/2022,Industrial buyer
7406,Alexandria,Delacruz,Female,wnorman@example.com,(494)863-2439,4/9/2024,Building control surveyor
7407,Jasmin,Fry,Female,burgessjoel@example.net,001-052-368-2349x1970,12/4/2029,Freight forwarder
7408,Jeremiah,Chan,Female,bonnieboyle@example.com,233-815-7389x514,19-03-52,IT trainer
7409,Grace,Mcconnell,Female,hkrueger@example.com,(430)716-4918x501,18-07-06,Translator
7410,Emily,Savage,Female,kayla19@example.org,001-166-955-4100,1/12/1998,Radiation protection practitioner
7411,Kristen,Paul,Female,blivingston@example.com,476-252-7185x19307,13-10-64,"Horticulturist, amenity"
7412,Edwin,Love,Female,pittmanalexandria@example.net,(393)423-4719,17-12-43,Manufacturing engineer
7413,Robin,Rocha,Male,wcortez@example.net,577.224.9388x32757,8/9/2021,Insurance account manager
7414,Max,Massey,Male,rfrost@example.com,925-525-7156x9647,4/11/2004,Medical sales representative
7415,Alec,Randolph,Male,damon90@example.org,635-713-6706,26-10-73,Chartered accountant
7416,Francis,Obrien,Male,fletcherdiamond@example.com,8837251298,4/11/2024,Commercial/residential surveyor
7417,Peter,Calderon,Female,collin66@example.net,063-606-4002x109,11/11/1953,"Research officer, political party"
7418,Jade,Underwood,Female,dmyers@example.net,451.454.1774,28-01-97,Financial manager
7419,Melody,Willis,Female,chavezvicki@example.com,985.408.4556x01857,3/7/1965,"Horticulturist, commercial"
7420,Lindsay,Stokes,Female,patricia04@example.com,846.011.7124x12622,7/8/1989,Commercial art gallery manager
7421,Frances,Arnold,Male,gcervantes@example.net,361.435.5987x621,7/4/2021,Chiropractor
7422,Brent,David,Male,arnoldconnie@example.com,151-257-4998x97644,21-07-83,Applications developer
7423,Brian,Foley,Female,mirandacole@example.org,001-325-543-2941x33730,11/2/2022,Heritage manager
7424,Nicole,Christian,Male,sestes@example.net,(064)356-0594,1/6/1963,"Secretary, company"
7425,Dale,Logan,Male,mathewcherry@example.net,001-378-583-2446x556,3/3/1950,Wellsite geologist
7426,Billy,Tran,Female,sherring@example.com,994.033.7185x172,13-08-96,Barrister's clerk
7427,Leonard,Fitzgerald,Male,travis70@example.com,(120)900-0672,8/7/2044,"Lighting technician, broadcasting/film/video"
7428,Danielle,Day,Male,khanbridget@example.org,(210)557-8883x50038,20-04-18,Archivist
7429,Madison,Villarreal,Female,andres94@example.net,001-830-509-6640,5/2/2047,Public house manager
7430,Chris,Obrien,Male,gsutton@example.org,+1-889-475-4875x0550,16-03-17,Armed forces logistics/support/administrative officer
7431,Samuel,Duffy,Male,caitlin94@example.net,472-665-5679x77498,22-10-35,"Secretary, company"
7432,Robyn,Becker,Female,shawnafinley@example.com,732.461.8048x0710,30-05-87,"Civil engineer, contracting"
7433,Jose,Donovan,Male,loripollard@example.com,889-433-0630,12/3/2031,International aid/development worker
7434,Dustin,Calderon,Female,timothy74@example.org,353.629.6194x566,15-07-12,Private music teacher
7435,Amber,Fisher,Male,kerry46@example.com,051.449.2746x050,19-06-97,Ambulance person
7436,Katelyn,Wilson,Female,jay88@example.org,049.953.4920,7/6/1969,"Horticulturist, amenity"
7437,Michelle,Deleon,Male,dan06@example.net,284-956-6789x032,7/5/1986,"Psychologist, prison and probation services"
7438,Julie,Brady,Male,williamskevin@example.org,387.044.8561x755,14-09-35,Psychotherapist
7439,Alvin,Sexton,Male,ferrellsusan@example.com,284-841-0862x218,25-04-38,Dentist
7440,Reginald,Hayes,Male,tyronekaiser@example.net,001-868-948-2840x109,24-04-09,"Engineer, building services"
7441,Duane,Mcdaniel,Male,xbest@example.org,001-486-950-6802,9/5/2012,Commercial art gallery manager
7442,Peter,Luna,Female,omararnold@example.com,001-946-602-5961,24-05-68,"Engineer, water"
7443,Jesse,Farmer,Male,qpope@example.net,7993295802,12/4/2009,"Embryologist, clinical"
7444,Kerry,Willis,Male,rickey48@example.net,001-464-882-0406x538,13-02-34,Computer games developer
7445,Brandon,Whitehead,Female,mackchad@example.org,(253)155-4744x0851,1/5/2042,Quarry manager
7446,Oscar,Mccall,Male,judybenjamin@example.com,+1-890-428-1004x175,7/5/2027,Interior and spatial designer
7447,Bonnie,Clayton,Female,daviladiane@example.org,001-096-382-7131x045,6/7/1973,Advertising account planner
7448,Candice,Knox,Male,lonnierich@example.com,001-858-595-7375x17503,29-09-06,Clinical research associate
7449,Gordon,Jacobs,Male,henry10@example.com,037-406-0353x34435,12/3/2020,Agricultural consultant
7450,Ruben,Cannon,Male,montestara@example.org,669.354.4635x13695,11/12/2010,Broadcast journalist
7451,Yvonne,Newton,Female,smallvalerie@example.net,122.320.7314,5/1/1985,"Teacher, adult education"
7452,Peggy,Abbott,Female,victoriacarney@example.com,(778)476-2571x78756,17-05-13,"Chemist, analytical"
7453,Chris,Reynolds,Male,holdenkeith@example.net,001-993-473-7622,26-12-70,"Designer, interior/spatial"
7454,Cassidy,Sims,Male,mwoodward@example.net,661-372-8670,17-02-16,Counselling psychologist
7455,Theodore,Ponce,Male,debbie90@example.com,671.464.9753x1701,28-10-19,"Production designer, theatre/television/film"
7456,Bobby,Herrera,Male,evansthomas@example.net,(074)315-9244,22-04-20,Nature conservation officer
7457,Howard,Silva,Female,loretta91@example.net,926.712.9505x3115,27-06-17,"Scientist, audiological"
7458,Mariah,Ellison,Female,caitlin69@example.net,071.756.5403,23-03-62,Sports development officer
7459,Linda,Price,Female,alexandrafranco@example.net,941.392.4261,25-09-13,"Engineer, chemical"
7460,Traci,Moyer,Female,rushbobby@example.com,(587)158-0688x1431,25-06-80,Hydrographic surveyor
7461,Sean,Fuller,Female,howardmartin@example.org,328-317-9183x551,26-12-76,Fast food restaurant manager
7462,Becky,Rodgers,Female,ybuck@example.com,9089250264,14-11-95,"Research officer, political party"
7463,Don,Myers,Female,gina70@example.com,+1-060-349-2805x8983,20-05-62,Bonds trader
7464,Regina,Curtis,Female,middletonalejandra@example.com,001-288-238-6160x615,19-09-03,"Runner, broadcasting/film/video"
7465,Pam,Kaiser,Female,joanna26@example.org,3036185178,22-08-03,Tour manager
7466,David,Alvarado,Female,samanthacooper@example.org,302-000-1910x51112,7/10/1983,Barista
7467,Dalton,Oconnell,Male,virginiaellis@example.org,001-238-314-2547x7276,7/11/2041,Stage manager
7468,Max,Holden,Male,leon71@example.com,+1-109-067-3850x0840,14-11-81,Systems developer
7469,Ivan,Chandler,Male,salvarado@example.org,698-861-8723,21-09-09,Tour manager
7470,Pam,Mcconnell,Male,ninacamacho@example.net,044.456.0713x87642,10/1/1967,Call centre manager
7471,Jake,Lester,Male,miguelcooley@example.net,452-187-2391x932,31-10-57,Therapeutic radiographer
7472,Tara,Case,Male,carla63@example.com,651-970-2895,20-11-18,Legal executive
7473,Randall,Ponce,Female,sfields@example.org,454.432.3469x9045,24-02-37,"Scientist, research (maths)"
7474,Candice,Stafford,Male,tateneil@example.net,648-599-5296x25421,8/6/1973,"Engineer, control and instrumentation"
7475,Toni,Ruiz,Female,vcontreras@example.com,(566)176-2504,4/8/1955,Television camera operator
7476,Bryce,Gamble,Female,ballardhayden@example.com,(605)758-7366x0205,5/8/1962,Chief Executive Officer
7477,Ruth,Dudley,Female,eriksnow@example.org,(007)719-6569x368,8/3/2013,Nature conservation officer
7478,Dustin,Garner,Male,upaul@example.org,001-083-974-9406x8088,26-06-85,"Accountant, chartered certified"
7479,Hayden,Gates,Female,robyn59@example.org,542.676.4075x93052,12/10/1957,Fashion designer
7480,Harry,Estes,Male,colin65@example.net,(454)385-3842x73719,31-08-14,Solicitor
7481,Andres,Holmes,Female,jross@example.com,001-339-487-3676x065,27-02-20,Personal assistant
7482,Micheal,Roman,Female,alfredcalderon@example.net,639-480-7894x734,20-11-50,Product manager
7483,Curtis,Sellers,Male,chloe94@example.net,795.089.2667x857,10/9/1997,Lobbyist
7484,Maurice,Meadows,Female,ramoscarolyn@example.net,6120464649,4/8/1989,Outdoor activities/education manager
7485,Marisa,Daugherty,Female,jesuspollard@example.net,001-302-599-2852,17-01-06,Adult nurse
7486,Amy,Olson,Male,hannah20@example.com,122.378.7972x104,15-03-09,Horticultural consultant
7487,Brenda,Dominguez,Male,jarvisgeoffrey@example.net,001-365-356-3781x3857,15-06-83,Financial adviser
7488,Cody,Meyer,Female,clintonhendricks@example.net,+1-730-043-1049x898,21-02-66,Environmental health practitioner
7489,Jake,Gibson,Female,hleach@example.net,+1-637-832-7318x016,1/11/1974,"Psychologist, occupational"
7490,Gabriela,Boyle,Female,marisa19@example.org,520-276-8555x215,11/7/2018,Dancer
7491,Norman,Joseph,Female,gallegossylvia@example.com,297.128.1120x35344,13-01-84,Building services engineer
7492,Sherri,Dickson,Male,ramseybianca@example.org,904.030.9411x84471,15-09-24,Research scientist (maths)
7493,Jenny,Mercer,Male,brady44@example.com,(955)463-2830x9319,16-12-65,Psychotherapist
7494,Melody,Reed,Male,kristine21@example.com,(142)410-8632x43045,24-12-18,Transport planner
7495,Casey,Foster,Male,xshields@example.net,045.197.3513,3/9/1998,"Scientist, product/process development"
7496,Dawn,Mcdowell,Female,pdavila@example.org,(593)322-2049x85222,2/2/1985,Environmental education officer
7497,Cynthia,Gonzalez,Male,anna18@example.org,(537)643-1608x60179,11/10/1951,"Pilot, airline"
7498,Yvette,Hernandez,Male,vgilbert@example.net,(292)180-4170x157,22-05-01,Landscape architect
7499,Alyssa,Forbes,Female,jasondunn@example.net,001-205-390-6962,28-04-19,Sports therapist
7500,Rick,Prince,Female,potterbobby@example.org,919-891-9197x690,22-12-73,Mudlogger
7501,Neil,Knight,Male,philip52@example.org,001-702-961-4298,27-11-79,"Engineer, mining"
7502,Mia,Short,Female,tylernatalie@example.net,876-331-7702,24-12-32,Bookseller
7503,Selena,Mcfarland,Female,jonvasquez@example.net,7569157518,4/9/1956,"Designer, graphic"
7504,Lorraine,Morales,Male,lonnie36@example.com,(277)187-4228x63767,20-12-07,Chiropodist
7505,Craig,Ritter,Female,brettsalinas@example.com,861.565.1121,23-08-29,Tour manager
7506,Allen,Faulkner,Male,stonebrent@example.net,5698328446,2/4/1958,"Editor, film/video"
7507,Bryce,Woodward,Female,khubbard@example.net,868391118,20-07-93,Financial risk analyst
7508,Richard,Hammond,Female,brewermike@example.org,(069)019-9994,26-04-97,English as a second language teacher
7509,Jocelyn,Bruce,Male,eriggs@example.com,940.043.0313x3137,6/5/1953,Structural engineer
7510,Theodore,Olsen,Female,mackenziemelton@example.com,(057)561-3434x1194,26-08-54,"Scientist, clinical (histocompatibility and immunogenetics)"
7511,Don,Castillo,Male,glassgregory@example.org,001-633-389-6157x233,7/10/1977,Broadcast journalist
7512,Toni,Krueger,Female,jeanne15@example.com,399.004.8597,27-03-07,Chief Executive Officer
7513,Jason,Bennett,Female,paul29@example.com,(609)115-1534x829,26-09-76,Health service manager
7514,Tonya,Bradley,Male,durangeoffrey@example.org,6854078293,20-08-93,Prison officer
7515,Michele,Whitaker,Male,bonniegibbs@example.com,471.576.6182x944,25-08-69,Energy engineer
7516,Kathryn,Gilmore,Male,rhondafleming@example.org,001-013-650-7391x45179,29-01-23,Scientific laboratory technician
7517,Colton,Mccullough,Male,imarks@example.net,(939)370-6732x010,6/9/1957,Nutritional therapist
7518,Casey,York,Male,wyattjerome@example.org,(099)626-6940x87778,12/11/2035,Chief Operating Officer
7519,Lindsey,Parker,Male,christopher98@example.org,993.917.0622,5/8/2045,"Surveyor, building control"
7520,Meagan,Schmidt,Female,alfred62@example.com,(517)784-5425,2/4/1962,"Engineer, automotive"
7521,Marisa,Orozco,Female,flowershoward@example.com,801.296.6441x6028,27-02-44,Dancer
7522,Nathan,Villa,Male,julialam@example.org,884.838.1486,22-09-15,"Designer, multimedia"
7523,Derek,Allen,Male,sabrinacross@example.net,+1-357-542-6287x792,15-03-71,Child psychotherapist
7524,Kimberly,Huff,Male,hansondeborah@example.net,(649)633-1479x9452,29-12-60,Sports development officer
7525,Kristie,Joyce,Female,farmersierra@example.com,(109)825-1706,6/10/2016,Personnel officer
7526,Janet,Vaughn,Female,churchgary@example.com,+1-626-983-1334x138,23-12-88,"Librarian, academic"
7527,Shane,Cain,Male,tammyglover@example.net,381-221-5107,20-07-70,Chief Technology Officer
7528,Edward,Pruitt,Female,haysbrittany@example.net,9316568602,24-11-53,"Scientist, product/process development"
7529,Elaine,Gould,Male,andreswolf@example.com,001-468-571-2417x036,1/2/1958,Exhibition designer
7530,Emily,Harrell,Female,mwalton@example.org,001-496-565-9542x5541,5/1/1974,"Engineer, petroleum"
7531,Dominic,Long,Female,jack37@example.net,-5054,9/1/2015,Theatre director
7532,Michaela,Jimenez,Female,bsnyder@example.org,001-181-491-8738,28-02-51,Academic librarian
7533,Natalie,Clarke,Female,richardsonalejandro@example.org,001-273-526-0881x19247,27-07-45,Financial risk analyst
7534,Shelly,Roth,Female,meadowsjay@example.net,(472)644-2136,25-02-74,"Therapist, art"
7535,Philip,Rhodes,Female,vblack@example.com,735-608-0190x31088,23-10-11,Field trials officer
7536,Kent,Huerta,Male,mhamilton@example.com,000.973.9606,13-06-38,Retail buyer
7537,Colton,Potter,Female,ktaylor@example.net,139-279-7333,10/3/2014,Charity officer
7538,Karla,Lara,Female,leroyhartman@example.net,(227)521-6373,25-10-25,Plant breeder/geneticist
7539,Diana,Golden,Female,vbradley@example.net,344-570-2335,23-12-14,"Surveyor, commercial/residential"
7540,Aaron,Torres,Female,dmckinney@example.com,(228)426-7380x9007,4/5/2040,Actor
7541,Norma,White,Male,davidraven@example.com,+1-703-569-6460x06930,19-11-49,Tree surgeon
7542,Richard,Pitts,Female,fprice@example.org,001-138-213-1855x475,7/4/1955,Fine artist
7543,Blake,Berger,Male,fsawyer@example.net,830-228-7412x6456,12/2/2034,Educational psychologist
7544,Jason,Sloan,Female,pkim@example.org,+1-822-227-2677x3267,3/4/2002,Training and development officer
7545,Shawna,Mcfarland,Male,stanleymccann@example.net,1392837699,20-01-24,Audiological scientist
7546,Ronald,Kelly,Female,coliver@example.com,388.945.8215x38806,6/6/2034,Barista
7547,Ariel,Barber,Female,lonnie25@example.com,+1-380-684-1480x00602,26-07-67,"Conservation officer, nature"
7548,Frances,Mcdonald,Female,obriengerald@example.com,325-088-4395,22-05-16,"Biochemist, clinical"
7549,Sylvia,Marquez,Male,michaeltanner@example.net,-8323,24-11-33,Product/process development scientist
7550,Martin,Potter,Female,smalldarren@example.net,001-151-883-7619x63328,9/11/2035,Dancer
7551,Monica,Hester,Female,abowers@example.org,+1-043-072-0864x94147,25-06-18,Counsellor
7552,Gabriel,Jensen,Female,karencochran@example.org,1648925716,20-04-20,Photographer
7553,Damon,Woods,Male,meyerxavier@example.net,030.498.5915,5/4/1955,"Therapist, drama"
7554,Darlene,Fisher,Female,kari48@example.net,144-810-3148,6/10/2010,"Scientist, audiological"
7555,Amanda,Washington,Male,bucksharon@example.com,681-888-2313x2933,31-05-92,Counsellor
7556,Devon,Eaton,Female,vancegeoffrey@example.net,425.007.7483x0861,26-03-00,Maintenance engineer
7557,Dean,Booth,Female,jadams@example.net,778-503-7270x171,1/8/2005,TEFL teacher
7558,Deanna,Ford,Female,elijah97@example.com,877.111.3137,12/4/2004,Warehouse manager
7559,Brendan,Anderson,Male,carly41@example.net,220.818.9554x247,14-08-15,Toxicologist
7560,Gavin,Ortiz,Male,lucas29@example.net,001-125-762-1248,5/5/1966,Commercial art gallery manager
7561,Trevor,Suarez,Female,lhoward@example.org,001-290-747-6127,6/9/1958,"Horticulturist, amenity"
7562,Omar,Hogan,Male,kennedyjonathon@example.com,273.818.7251x34108,16-06-57,Media planner
7563,Lonnie,Lutz,Female,shepherdfred@example.net,+1-358-618-1617x231,7/7/2031,"Pharmacist, hospital"
7564,Kelly,Juarez,Male,guzmanandrew@example.org,001-559-247-6671,9/1/2013,Legal secretary
7565,Shelia,Pearson,Female,hansonjorge@example.com,314-099-0992,11/8/1975,Film/video editor
7566,Joan,Downs,Female,kholden@example.com,561.926.6174,15-07-09,Environmental manager
7567,Marisa,Mora,Female,qbradley@example.com,588-217-2958x9946,13-02-14,Financial planner
7568,Gilbert,Howard,Male,woodbrenda@example.org,(176)166-6337x7300,18-10-16,Commercial horticulturist
7569,Monica,Newman,Male,whodge@example.org,-6366,5/12/2006,"Engineer, civil (contracting)"
7570,Trevor,Dennis,Female,kentcameron@example.org,458-856-6676x589,17-12-29,Personal assistant
7571,Mariah,Cowan,Male,tim42@example.com,214-608-6251x2991,21-06-16,"Production assistant, radio"
7572,Deborah,Berry,Female,prattanne@example.org,+1-749-679-0130x6948,14-06-27,Aid worker
7573,Alvin,Keller,Female,robertshields@example.org,(234)430-8562x417,8/11/2004,"Scientist, forensic"
7574,Guy,Barnes,Female,wyattzoe@example.com,644-417-6170,26-03-78,Occupational therapist
7575,Jennifer,Holland,Female,pachecoshari@example.net,+1-608-229-4090x903,14-11-93,Radio broadcast assistant
7576,Walter,Cummings,Male,wfrederick@example.com,296-855-5990x2110,1/8/1963,"Administrator, sports"
7577,Garrett,Lloyd,Male,mccartyjo@example.net,+1-753-638-4558x014,25-10-52,Academic librarian
7578,Kenneth,Finley,Female,zsweeney@example.org,+1-424-674-1258x73674,29-12-93,Chemical engineer
7579,Kyle,Herman,Female,jimenezmallory@example.net,+1-303-036-7000x308,1/7/2015,Analytical chemist
7580,Javier,Matthews,Female,crawfordmiranda@example.org,001-202-368-0233,3/7/2020,Probation officer
7581,Natalie,Arias,Male,holdenraven@example.net,+1-621-766-0125x6838,9/5/1970,Chief Technology Officer
7582,Franklin,Cabrera,Female,mercedes29@example.net,4782959648,27-11-34,Diagnostic radiographer
7583,Jeanne,Buchanan,Female,pgraves@example.com,4125597366,29-11-15,Biomedical engineer
7584,Jim,Parsons,Female,stephenschase@example.org,135-172-8251x5867,4/3/1950,Charity fundraiser
7585,Katie,Landry,Male,belinda40@example.org,9153653153,12/5/1997,"Radiographer, diagnostic"
7586,Collin,Gay,Female,haileyhuynh@example.net,(758)097-0110x1906,30-07-46,Science writer
7587,Ashlee,Potter,Female,jlucero@example.com,(578)545-2396x68415,16-11-71,Ophthalmologist
7588,Kaitlin,Dalton,Male,gabrielhoover@example.com,(503)582-8655x67673,6/9/1968,Osteopath
7589,Natasha,Sweeney,Male,cameronshaun@example.com,6656373965,26-10-85,Sub
7590,Leslie,Ferrell,Male,davehenderson@example.com,960-174-1751,6/3/1954,"Psychotherapist, dance movement"
7591,Roberto,Mccullough,Male,jkoch@example.org,(021)794-2452x95110,25-03-05,"Psychologist, clinical"
7592,Angie,Mccoy,Female,tommy50@example.net,242308612,2/2/2007,Regulatory affairs officer
7593,Wyatt,Golden,Female,jeannecolon@example.com,001-269-132-8260,17-12-99,Press photographer
7594,Philip,Villa,Male,priscillakhan@example.com,(120)624-1201,4/7/2020,Operations geologist
7595,Danny,Waters,Female,kristina99@example.net,222-516-8435x19211,16-06-88,Web designer
7596,Wyatt,Richards,Female,tgalvan@example.com,170038925,15-07-67,Control and instrumentation engineer
7597,Sheena,Hart,Female,derrick22@example.org,(432)603-8342x146,15-09-16,Film/video editor
7598,Melvin,Frank,Male,calhounsteve@example.org,(137)765-6440x401,18-05-24,"Engineer, energy"
7599,Brad,Morris,Female,jshields@example.org,301.117.5599x32925,16-12-78,Science writer
7600,Angelica,Dunn,Male,annachavez@example.net,001-960-699-4025x263,20-02-23,Chief Marketing Officer
7601,Lawrence,Knapp,Female,hbautista@example.com,-6472,9/2/2027,Hydrogeologist
7602,Monique,Rice,Male,erikasaunders@example.org,561-279-3941,11/8/1974,Financial manager
7603,Randall,Dawson,Male,lcombs@example.com,811-593-2390,1/5/1953,Drilling engineer
7604,Ian,Ortega,Male,cruztracy@example.com,433-967-6615,20-04-42,Sport and exercise psychologist
7605,Nathan,Myers,Female,zacharycruz@example.com,569-634-3557,16-08-24,Production manager
7606,Jeff,Morris,Male,cheyenne74@example.com,928.200.2768,20-02-16,Trading standards officer
7607,Ruben,Singleton,Female,evelyn56@example.com,001-814-691-2918,25-08-02,Clinical embryologist
7608,Lori,Davenport,Male,cassidy92@example.org,(056)475-6418,16-06-68,"Psychologist, sport and exercise"
7609,Kimberly,Terrell,Male,cunninghamjenny@example.com,759975371,25-09-97,Data processing manager
7610,Jamie,Holt,Male,haynesdanielle@example.com,+1-604-736-9255x38394,20-04-19,Operational investment banker
7611,Trevor,Bowman,Female,zavalawilliam@example.net,(727)745-0721x486,12/5/2041,Occupational hygienist
7612,Stefanie,Cohen,Female,robersoncody@example.org,+1-223-651-2530x380,4/10/2012,"Editor, film/video"
7613,Hayley,Allison,Female,lydiamaynard@example.net,7795819502,28-07-29,Printmaker
7614,Katelyn,Reid,Male,deborahforbes@example.net,001-361-492-4736x7360,4/11/2041,Education administrator
7615,Breanna,Hester,Male,sarahanna@example.net,001-847-791-0735x066,17-11-62,Claims inspector/assessor
7616,Kristi,Hatfield,Female,hannahhooper@example.com,150-373-4033x452,3/9/1994,Warden/ranger
7617,Allen,Scott,Male,fieldsmaria@example.org,(641)975-8277x88672,13-12-67,Broadcast engineer
7618,Wendy,Warren,Female,howardfrancisco@example.org,017-995-9195,18-07-19,Event organiser
7619,Jody,Herrera,Male,casey06@example.com,973.757.1660,20-07-23,Ship broker
7620,Ana,Mcneil,Male,curtis47@example.com,001-108-263-8974x5887,25-09-05,"Conservator, museum/gallery"
7621,Caleb,Sloan,Male,stevenslevi@example.com,+1-997-865-7085x6447,3/2/1965,Telecommunications researcher
7622,Kari,Combs,Female,claire09@example.net,(732)376-4877x129,2/9/1968,Writer
7623,Bill,Bush,Female,judybuckley@example.org,+1-419-036-0011x51471,28-01-10,Seismic interpreter
7624,Colleen,Murillo,Female,qchavez@example.net,226.106.6738x1065,13-08-37,Soil scientist
7625,Danielle,Allen,Male,theath@example.com,443.801.6415,18-10-73,Illustrator
7626,Caitlyn,Stewart,Male,tracie33@example.com,(879)182-2336,22-11-87,Commercial horticulturist
7627,Renee,Mclaughlin,Female,hammondjasmine@example.org,(138)158-6544,30-09-05,Technical brewer
7628,Angelica,Chung,Female,shannon42@example.net,713.322.0502x59811,14-01-67,Water quality scientist
7629,Terrence,Vance,Male,blake77@example.net,001-522-764-6086x86123,4/5/1951,Glass blower/designer
7630,Isabella,Johns,Male,katiewatkins@example.org,+1-857-297-7343x79263,7/4/2011,Health and safety adviser
7631,Kurt,Schroeder,Female,mcintoshlevi@example.org,-8875,8/10/2043,Marketing executive
7632,Sara,Hoover,Male,gail69@example.net,556-677-7961,22-09-12,Comptroller
7633,Joshua,Black,Female,gloria81@example.net,+1-806-647-8992x533,25-05-18,Phytotherapist
7634,Teresa,Marquez,Male,cory25@example.com,130.975.9422x71456,7/10/2026,Osteopath
7635,Daniel,Goodman,Male,brianafitzgerald@example.com,7874710441,1/10/2021,Sports therapist
7636,Jerry,Colon,Female,hartmanshane@example.com,(173)956-5040,14-05-16,"Surveyor, quantity"
7637,Paula,Woodard,Male,dennishines@example.net,+1-714-903-9204x8395,15-06-97,"Programmer, applications"
7638,Cody,Wise,Male,richardchristian@example.org,(465)296-1053,24-08-90,Surgeon
7639,Peter,Keith,Male,nglass@example.net,+1-046-519-0969x983,31-01-16,Youth worker
7640,Denise,Frederick,Male,wagnerdominic@example.org,071-472-1935x13199,26-11-11,"Journalist, newspaper"
7641,Ian,Hicks,Female,michele62@example.net,448-604-8080x377,16-09-63,Health visitor
7642,Caroline,May,Female,byork@example.net,(338)916-2626,19-04-91,Secretary/administrator
7643,Francisco,Blankenship,Male,canthony@example.net,(172)042-6602x824,11/1/2006,"Programme researcher, broadcasting/film/video"
7644,Sally,Mason,Female,faith20@example.org,(285)024-4178x45983,30-03-09,Fast food restaurant manager
7645,Kyle,Mcpherson,Female,jboyer@example.com,+1-603-386-1590x2892,10/1/2018,Commercial art gallery manager
7646,Benjamin,Cardenas,Male,prattmark@example.net,012-263-8520x153,20-12-48,Regulatory affairs officer
7647,Sierra,Alexander,Male,jcollier@example.com,138.932.2874x354,2/4/2014,Office manager
7648,Jeff,Burton,Female,miamcknight@example.com,534.696.5609x298,12/2/2027,Rural practice surveyor
7649,Anita,Lozano,Female,leverett@example.net,468-674-0567,10/6/2044,Retail merchandiser
7650,Darlene,Levine,Male,zacharystrong@example.com,7225769111,1/10/1986,Arts development officer
7651,Ricky,Erickson,Male,kayleejarvis@example.com,(601)997-1771x483,9/4/2034,Systems analyst
7652,Bianca,Gardner,Female,deanpollard@example.net,-2445,26-02-16,Fine artist
7653,Anita,Hopkins,Female,paulhart@example.net,274-163-8163x7736,29-05-48,Electrical engineer
7654,Betty,Carney,Male,raymond29@example.com,364.293.0606x218,17-05-76,Tour manager
7655,Barbara,Cooke,Male,mike36@example.com,+1-169-238-2824x51395,3/7/2043,Higher education careers adviser
7656,Joyce,Dean,Female,schaeferjaclyn@example.net,-3515,3/6/1999,Clinical research associate
7657,Loretta,Lozano,Male,bcooke@example.org,+1-610-135-1284x42251,15-02-10,"Programmer, systems"
7658,Jasmin,Parker,Female,caleb26@example.com,229.632.5172x1798,30-06-66,Warehouse manager
7659,Rebecca,Winters,Male,kara21@example.net,+1-859-131-0866x3566,14-08-05,Retail buyer
7660,Don,Molina,Female,kerry32@example.net,(510)560-5038,17-11-83,Clinical embryologist
7661,Franklin,Cameron,Male,joansalinas@example.com,265.021.5663,9/10/2048,"Therapist, sports"
7662,Dorothy,Taylor,Male,watsonscott@example.com,392.851.4619,4/1/2047,Civil Service administrator
7663,Makayla,Nichols,Male,haileydyer@example.com,709-466-0701x06796,9/6/2029,Maintenance engineer
7664,Sheena,Blair,Male,shortjessica@example.org,-9815,2/8/2035,Chief Executive Officer
7665,Rita,Christensen,Male,yblack@example.net,869-570-0364x513,18-12-04,"Psychologist, occupational"
7666,Angela,Jarvis,Male,jchung@example.org,001-125-568-7119x5509,31-12-18,Medical physicist
7667,Loretta,Hines,Female,wilsonjoann@example.com,706.316.1730,23-01-55,Armed forces operational officer
7668,Kelli,Mann,Female,jeannebyrd@example.com,003-733-0821x560,26-09-35,Leisure centre manager
7669,Ralph,Mckinney,Male,cdean@example.org,001-319-612-9825x083,28-10-41,"Nurse, adult"
7670,Ronald,Wu,Male,choover@example.org,374.488.6579x1416,7/5/1998,Theme park manager
7671,Joanna,Bass,Female,hardingwillie@example.com,(852)024-3586x07166,3/4/1999,Adult guidance worker
7672,Monica,Trevino,Female,evilla@example.org,(450)408-2910,5/6/2044,"Doctor, hospital"
7673,Kaitlyn,Weiss,Female,jesusmccoy@example.com,(958)311-2631,4/12/2028,Financial adviser
7674,Jackson,Moyer,Female,jenniferhancock@example.com,(299)512-6068,1/1/1980,"Teacher, adult education"
7675,Damon,Chaney,Male,waltonmarco@example.net,256.656.9870x762,16-07-58,Armed forces operational officer
7676,Kathleen,Mathis,Female,jodyhoffman@example.org,(858)870-9361x87736,24-01-50,Lexicographer
7677,James,Phillips,Male,flevine@example.net,001-090-471-2250x6927,16-12-18,"Doctor, general practice"
7678,Gary,Jenkins,Female,bradshawalvin@example.net,972-275-1186,9/7/2035,Police officer
7679,Sierra,Winters,Female,kellidillon@example.org,001-292-568-2824,20-04-87,Herbalist
7680,Bernard,Tapia,Female,mmurillo@example.org,554.277.6734x67293,17-03-91,"Lecturer, further education"
7681,Savannah,Hall,Female,xglass@example.org,001-872-704-0832x901,11/9/1977,Mechanical engineer
7682,Robyn,Zhang,Female,lyonsjamie@example.com,(566)092-4832x4771,13-06-90,"Embryologist, clinical"
7683,Priscilla,Fitzgerald,Male,damon38@example.net,001-133-533-5340x179,15-07-35,Advertising art director
7684,Shawna,Mcdonald,Male,yvonneherrera@example.com,+1-673-647-8601x33415,13-08-27,Pensions consultant
7685,Hannah,Sawyer,Male,timedwards@example.net,-3390,22-04-57,Interior and spatial designer
7686,Dustin,Petersen,Male,nicholsonsarah@example.org,+1-236-860-6537x483,28-08-58,"Scientist, research (maths)"
7687,Sabrina,Pollard,Male,ebuckley@example.net,(503)329-5799,7/4/2022,"Sound technician, broadcasting/film/video"
7688,Samantha,Hurley,Male,nathanbutler@example.com,+1-111-177-6853x134,3/10/2012,Copy
7689,Claudia,Huang,Male,caseygarza@example.com,-1780,19-08-19,Field seismologist
7690,Dan,Clarke,Male,kandrade@example.com,1127671837,27-02-10,Mechanical engineer
7691,Casey,Montes,Male,fbenson@example.com,564.977.6310,12/11/1974,Structural engineer
7692,Max,Huff,Male,judith83@example.org,741-542-4826x81684,23-04-03,Contracting civil engineer
7693,Whitney,Hurley,Male,munozwarren@example.com,327-762-3297x1289,11/7/1982,Water quality scientist
7694,Gabriella,Chaney,Female,barrykirk@example.com,001-868-216-5521x48942,6/9/1994,"Lecturer, higher education"
7695,Marcus,Jones,Male,tpearson@example.net,+1-458-370-2889x7899,20-06-45,Data scientist
7696,Ebony,Mathews,Male,donald03@example.org,199.597.3247x0237,1/9/1967,"Librarian, public"
7697,Joyce,Velazquez,Female,buchanandarin@example.net,+1-905-673-2314x8777,22-11-94,"Therapist, nutritional"
7698,Bruce,Ross,Female,wrichardson@example.org,001-560-361-5156,24-08-22,Media planner
7699,Scott,Randall,Female,cheyennecalderon@example.org,(123)128-2299,23-08-25,Learning disability nurse
7700,Jasmine,Cordova,Female,brooke70@example.net,001-939-916-7876x4802,9/3/2027,"Surveyor, hydrographic"
7701,Herbert,Hogan,Male,lynncaldwell@example.com,(268)640-5556x8559,25-06-63,Event organiser
7702,Brittany,Vargas,Male,stanleyquinn@example.org,(626)881-1167x488,30-08-19,Public house manager
7703,Joan,Arnold,Male,fieldsfred@example.org,(146)862-9672,16-09-36,"Engineer, control and instrumentation"
7704,Joe,Shea,Male,kerryhall@example.org,(387)286-6994x11115,20-12-19,Forest/woodland manager
7705,Victor,Mclaughlin,Female,phyllis27@example.net,(430)783-7334,27-10-06,Mental health nurse
7706,Judith,Lin,Female,weeksjade@example.org,001-415-403-7247x65488,6/6/1954,Ceramics designer
7707,Angel,Sheppard,Male,alyssamiranda@example.com,103.328.1176x37619,16-03-84,Location manager
7708,Loretta,Ali,Female,hshort@example.org,410.408.3624x879,16-02-82,Broadcast presenter
7709,Darren,Hawkins,Male,tfischer@example.net,+1-949-608-3694x4028,20-09-55,"Scientist, product/process development"
7710,Robin,Mccormick,Female,whitney54@example.com,7592485815,17-08-26,Barrister's clerk
7711,Dan,Murray,Female,joannaboone@example.org,425.226.1526x885,18-01-67,"Horticulturist, commercial"
7712,Willie,Watson,Male,kimemma@example.org,+1-828-930-0675x169,9/4/2045,Medical secretary
7713,Chris,Meza,Male,tylerhayden@example.net,+1-315-615-7620x85386,2/6/1976,Market researcher
7714,Joel,Joyce,Female,dylanhubbard@example.org,884-065-1634x2326,23-12-65,Bookseller
7715,Barbara,Andersen,Male,ronniemcclure@example.org,1426950235,19-07-68,Industrial buyer
7716,Michele,Blanchard,Male,kathy16@example.com,001-793-885-5655x6914,16-05-95,Armed forces training and education officer
7717,Terri,Chambers,Male,warrenpineda@example.org,-7236,31-07-21,Industrial/product designer
7718,Shelia,Hutchinson,Male,madelinevalentine@example.org,187-984-0174x164,26-02-90,Actor
7719,Phillip,Ballard,Female,hendrickscesar@example.net,+1-347-784-4684x6359,16-08-64,Research scientist (maths)
7720,Cathy,Durham,Female,francesleonard@example.net,(620)416-2665,16-04-13,"Designer, graphic"
7721,Marco,Burch,Female,aguirresheryl@example.org,623.093.6123,6/4/1979,IT technical support officer
7722,Annette,Snow,Male,hayley09@example.org,9328669220,13-06-18,Commercial horticulturist
7723,Claire,Fowler,Female,jamie54@example.net,(519)548-8815x670,28-10-23,Health promotion specialist
7724,Judy,Ortiz,Female,nmoody@example.com,3242213500,27-05-55,Petroleum engineer
7725,Mario,Singleton,Female,jcameron@example.net,-5548,14-02-60,"Engineer, drilling"
7726,Paige,Martin,Male,clairecampbell@example.org,001-070-832-1717x836,7/12/1996,Secretary/administrator
7727,Michelle,Savage,Female,jamie54@example.net,143-887-6421x690,2/1/1991,"Psychologist, occupational"
7728,Destiny,Henson,Male,birdkrystal@example.com,001-153-527-0042,24-09-21,Civil Service fast streamer
7729,Carlos,Chase,Male,mason08@example.com,(569)466-7167x41515,27-01-89,Community education officer
7730,Jermaine,Day,Male,buckmatthew@example.net,(331)301-5987x5369,6/7/2020,Sports therapist
7731,Raven,Huber,Male,michelelevy@example.net,(284)139-6065x02312,12/1/2044,Communications engineer
7732,Claire,Norris,Female,erin75@example.org,527.725.3996x043,13-05-57,Government social research officer
7733,Edward,Fritz,Male,mariecervantes@example.net,645-781-5063x211,17-02-64,Operations geologist
7734,Raymond,Carney,Female,powellmike@example.com,3768741467,4/8/2016,Manufacturing systems engineer
7735,Donald,Cox,Male,gcline@example.org,213.433.4914x9088,3/3/1978,IT consultant
7736,Yvonne,Watkins,Male,dave87@example.com,185.030.5782x036,3/7/1998,"Designer, ceramics/pottery"
7737,Ashlee,Li,Female,joneill@example.com,443-552-3045x7881,27-11-16,Environmental consultant
7738,Kimberly,Lang,Male,isaiah59@example.com,(289)284-0598,30-11-02,Agricultural engineer
7739,Yvonne,Campos,Female,sierraphelps@example.com,519.529.0830,12/5/1996,"Teacher, primary school"
7740,Walter,Roach,Female,msummers@example.org,080-587-2857x87071,25-05-09,Garment/textile technologist
7741,Kim,Williamson,Female,mary09@example.com,001-000-810-5763x270,19-03-69,"Producer, television/film/video"
7742,Ruth,Pham,Male,wayne60@example.net,(179)750-7891x3351,15-02-32,Farm manager
7743,Sierra,Ford,Male,isaac54@example.org,784.240.9107x4482,16-02-28,Petroleum engineer
7744,Warren,Mendez,Female,tammieharding@example.net,(130)342-3488,27-09-99,Mudlogger
7745,Alexandra,Herman,Male,monroeeric@example.net,(393)049-7579,25-05-97,"Administrator, sports"
7746,Christina,Rios,Female,mercerdakota@example.org,815.534.2853,18-03-19,Geophysicist/field seismologist
7747,Sergio,Mejia,Female,iwu@example.org,376-157-4084,23-05-57,Production engineer
7748,Marcus,Mejia,Male,lauren81@example.net,-10314,14-09-96,Architectural technologist
7749,Grace,Perkins,Male,saundersbrandy@example.com,(072)164-6693x36086,29-10-47,Dancer
7750,Lance,Foster,Female,burnettscott@example.org,322-432-9832x0186,31-03-68,Medical sales representative
7751,Dennis,Richardson,Male,adamzhang@example.net,056.781.9447,15-05-08,IT consultant
7752,Briana,Le,Female,jamesmann@example.org,140.764.4224x824,10/3/2018,Interior and spatial designer
7753,Sabrina,Tapia,Male,beckcarolyn@example.com,315.124.6801x98746,7/4/1972,"Scientist, water quality"
7754,Thomas,Howell,Male,kabbott@example.net,9261807883,6/2/1952,"Scientist, clinical (histocompatibility and immunogenetics)"
7755,Ethan,Stuart,Male,tricia61@example.net,903-375-9994,29-03-63,Water quality scientist
7756,Sophia,Cruz,Female,jacksonthomas@example.net,383-987-5471x2399,19-12-69,Trade mark attorney
7757,Frances,Russell,Male,josegross@example.com,878-271-0656x987,2/4/1956,Counsellor
7758,Caroline,Barnes,Male,itucker@example.com,-6911,7/9/1953,Therapeutic radiographer
7759,Sergio,Schultz,Female,anguyen@example.net,001-867-832-1371,24-08-17,Marketing executive
7760,Veronica,Bruce,Female,beltranariana@example.net,442.993.0757,8/7/1960,Illustrator
7761,Rachael,Howell,Male,maybrianna@example.com,+1-141-069-1279x383,8/12/2011,"Engineer, energy"
7762,Miguel,Riddle,Male,tracynunez@example.org,087.734.5121,2/11/1989,Minerals surveyor
7763,Jennifer,Smith,Male,kevin53@example.org,022.981.9722,8/9/1998,"Administrator, arts"
7764,Todd,Romero,Male,barry63@example.org,885.574.3578x00766,8/2/1962,Database administrator
7765,Vicki,Herring,Male,jlowery@example.net,266-954-7614x877,9/8/2025,Set designer
7766,Leonard,Hayes,Male,powellmarisa@example.org,+1-860-172-9925x548,26-05-63,Clinical biochemist
7767,Terrence,Adkins,Female,juliecabrera@example.net,635-720-5667x7264,10/4/2007,Barrister
7768,Xavier,Velasquez,Female,nbarber@example.net,+1-536-063-8051x72088,24-02-45,Administrator
7769,Tamara,Lopez,Female,courtneycordova@example.org,+1-860-016-2152x08713,1/9/2018,Hydrographic surveyor
7770,Pam,Sanders,Female,edwinwinters@example.net,291.163.2921x834,1/10/2011,Wellsite geologist
7771,Christine,Glass,Male,vasquezmonique@example.com,001-209-442-1460x29637,17-08-76,Visual merchandiser
7772,Cameron,Sutton,Male,lozanocharlene@example.net,499-023-1116x83230,23-01-30,"Production assistant, television"
7773,Bernard,Cordova,Female,hardingdevon@example.org,681-819-0401x8921,10/10/2006,"Accountant, chartered public finance"
7774,Meghan,Cherry,Male,duanehaynes@example.net,(707)031-3549x7067,25-05-67,Furniture designer
7775,Caroline,Mccall,Female,jon83@example.org,110-084-7510x92617,9/10/2001,"Surveyor, minerals"
7776,Pamela,Jordan,Female,danathompson@example.net,+1-571-840-9769x8724,7/5/2032,Prison officer
7777,Sharon,Avila,Female,sanfordmario@example.net,(464)686-3061x81533,11/4/1962,"Engineer, chemical"
7778,Alexis,Randall,Female,alanpoole@example.org,298.780.5021x1135,3/6/2004,Barrister's clerk
7779,Stacie,Hansen,Female,ashley93@example.com,647-466-2392x129,22-10-87,"Accountant, chartered certified"
7780,Laurie,Nguyen,Male,jogalloway@example.net,(557)918-8228,26-10-12,Press photographer
7781,Hayley,Mcmahon,Female,monica95@example.org,803.301.8224x2225,14-11-01,Television/film/video producer
7782,Philip,Lara,Female,ginafritz@example.net,211.625.0384x19462,5/7/1968,Field trials officer
7783,Lawrence,Dougherty,Female,fwu@example.net,+1-999-650-6745x66714,22-03-57,Homeopath
7784,Jeffrey,Joyce,Male,spencer62@example.org,(161)876-1106x1523,2/5/2038,Proofreader
7785,Andres,Kline,Female,ytorres@example.net,417.373.3113,6/7/1996,"Teacher, music"
7786,Kirsten,Doyle,Female,anneclark@example.net,+1-707-545-5653x53390,10/5/2001,"Production assistant, television"
7787,Robyn,Suarez,Female,zachary12@example.net,064.973.4627,21-11-96,Television camera operator
7788,Cristian,Walter,Male,kroth@example.net,(876)919-6994x10669,16-12-14,Amenity horticulturist
7789,Traci,Pineda,Female,jacobsonlonnie@example.net,808-451-3885,26-09-73,"Investment banker, operational"
7790,Dustin,Franklin,Female,robertpratt@example.com,678.825.2286x1638,12/12/1963,Firefighter
7791,Morgan,Yoder,Male,marshallwhitney@example.net,+1-434-973-5795x09714,26-07-16,Community development worker
7792,Clayton,Braun,Male,jbraun@example.net,789388592,12/2/2010,Mental health nurse
7793,Cristina,Mcdowell,Female,dmorrow@example.org,155.264.6191,8/7/2014,Lobbyist
7794,Cameron,Case,Female,evance@example.net,+1-211-480-2851x644,13-08-03,Air cabin crew
7795,Leah,Griffith,Female,ruizmario@example.org,(714)203-9362,30-06-90,"Sales professional, IT"
7796,Noah,Sanders,Female,charlotte34@example.com,920-102-6546,7/8/1962,Trade mark attorney
7797,Cassidy,Rios,Female,sherry10@example.net,(740)805-3769x317,12/5/1981,Market researcher
7798,Darrell,Conway,Female,jaycrane@example.com,+1-050-245-7230x2215,15-10-48,"Pilot, airline"
7799,Joanne,Carter,Female,mcknightdan@example.com,8405945175,26-07-44,Medical secretary
7800,Brett,Marks,Male,kristinnorton@example.com,447-754-3362,9/4/1975,Orthoptist
7801,Sonia,Saunders,Female,randolphalexa@example.com,907.307.3441x9219,10/8/2020,Location manager
7802,Mandy,Estrada,Male,sandycabrera@example.net,(483)487-1960x87164,23-12-70,Corporate investment banker
7803,Cory,Stanley,Female,dbranch@example.com,335.038.7243,10/11/2046,Health promotion specialist
7804,Terrence,Day,Female,robert00@example.com,9750268837,27-10-10,"Teacher, secondary school"
7805,Kyle,Gordon,Male,alvareztyrone@example.com,001-575-992-2588x5843,22-02-49,Gaffer
7806,Lynn,Bishop,Male,stephen82@example.com,983.973.1121,16-09-68,"Scientist, audiological"
7807,Makayla,Harrison,Male,christopherbaldwin@example.net,(528)309-0646x11042,2/9/1985,Garment/textile technologist
7808,Ray,Hinton,Female,hsanders@example.net,353.447.8571,5/4/2031,Chief of Staff
7809,Holly,Mack,Female,bjuarez@example.org,009.344.5759,7/8/2036,"Psychologist, forensic"
7810,Julia,Anthony,Female,vincentallison@example.org,(163)603-5009,1/9/1986,Biomedical engineer
7811,Alexander,Briggs,Female,marisa06@example.com,001-858-712-0849x00125,30-09-57,"Scientist, water quality"
7812,Stanley,Atkinson,Female,careyselena@example.org,+1-804-889-4016x540,10/5/2040,"Engineer, communications"
7813,Jill,Rich,Male,lisa28@example.com,626.799.2405x0041,2/12/2027,"Scientist, forensic"
7814,Phillip,Rich,Female,lschmitt@example.com,001-118-547-9670,19-03-87,Oceanographer
7815,Selena,Vaughn,Female,samantha77@example.org,71470823,4/2/1971,"Lecturer, further education"
7816,Marc,Parks,Male,dmassey@example.com,791.254.1175x475,22-07-81,Quantity surveyor
7817,Cynthia,Gray,Female,barrchristine@example.com,(804)847-2810x385,15-11-09,"Librarian, public"
7818,Arthur,Curry,Male,jimmymorrison@example.com,8770813324,30-07-91,Glass blower/designer
7819,Ana,Santos,Male,leslie47@example.net,001-382-906-6193x29489,4/1/2017,Hospital pharmacist
7820,Oscar,Travis,Female,brobbins@example.com,001-216-641-3609x83291,19-03-38,Trading standards officer
7821,Shelley,Contreras,Male,harry15@example.com,001-405-767-9595x29225,7/1/2018,"Engineer, maintenance"
7822,Cory,Ritter,Female,rrivers@example.net,121-741-4855,9/6/2009,Automotive engineer
7823,Diana,Ramirez,Female,ethan56@example.net,(192)350-0740x9668,30-04-47,Mudlogger
7824,Victor,Mccall,Female,krista71@example.org,+1-956-088-5031x783,23-04-39,Chartered accountant
7825,Ariana,Barnett,Female,lorraine91@example.com,876-104-6584x0325,16-03-86,Clinical embryologist
7826,Darrell,Everett,Female,beckylucas@example.com,001-564-395-9821x728,9/5/2007,Naval architect
7827,Christian,Zuniga,Male,mosestanya@example.com,-8597,17-10-24,"Producer, television/film/video"
7828,Troy,Hudson,Male,uhoffman@example.net,001-126-153-8149x6897,24-12-57,Forensic scientist
7829,Neil,Schmidt,Female,kevin00@example.com,395.256.9366,29-03-36,Sports therapist
7830,Michelle,Walker,Male,wpotts@example.net,+1-331-440-5361x8623,1/11/1963,Immunologist
7831,Austin,Melendez,Female,hunterrebekah@example.org,(623)926-2899x79561,30-09-39,Arts administrator
7832,Bobby,Brock,Female,mike93@example.org,292-080-0497x72466,24-12-20,Television camera operator
7833,Robert,Floyd,Female,suzannegonzales@example.net,517631095,29-10-60,Mechanical engineer
7834,Juan,Frye,Male,dsalazar@example.org,609-176-5458x2883,13-01-59,Associate Professor
7835,Cindy,Avila,Female,tomdickson@example.net,(777)817-2528,24-01-73,Financial manager
7836,Ruben,Lutz,Male,deaton@example.com,846.762.2362,21-06-07,Transport planner
7837,Benjamin,Howard,Female,tasha02@example.net,(582)509-9659x169,26-09-49,"Psychologist, prison and probation services"
7838,Cassie,Stout,Male,lonniewatkins@example.org,035.302.7818,5/6/1958,"Engineer, broadcasting (operations)"
7839,Calvin,Tate,Female,cbowen@example.net,322.158.3115x51382,8/5/1978,Horticultural consultant
7840,Tristan,Burns,Male,huberyvonne@example.com,(147)217-7068x3335,4/3/2009,Advertising art director
7841,Spencer,Yoder,Male,dwaynereilly@example.net,666-205-3856x96859,18-07-07,Volunteer coordinator
7842,Chelsea,Booker,Male,hensleylauren@example.com,4064631090,11/1/2007,Plant breeder/geneticist
7843,Jody,Velazquez,Female,philip48@example.net,001-643-724-6507x1283,11/3/2010,Community arts worker
7844,Drew,Knapp,Female,xpugh@example.net,353-379-4223,19-04-88,Health and safety adviser
7845,Glenda,Collier,Male,kelseyhodge@example.net,(569)405-8536x4277,18-11-26,Barrister
7846,Jorge,Jenkins,Female,isaiah36@example.com,(133)042-9705x3209,2/1/1981,Print production planner
7847,Vickie,Baxter,Female,richardsonnorma@example.com,667-894-0939x932,24-06-69,"Psychologist, prison and probation services"
7848,Mitchell,Price,Male,ncortez@example.org,(930)460-6972x63793,2/12/1974,Games developer
7849,Kristina,Wagner,Male,tbooker@example.com,001-710-363-2946,9/4/2009,Aeronautical engineer
7850,Breanna,Gallagher,Female,mbray@example.org,(723)677-8509x999,27-05-11,Associate Professor
7851,Tristan,Pace,Male,flynnvalerie@example.net,8755252457,19-12-65,Air traffic controller
7852,Chad,Preston,Female,newtonmathew@example.org,(322)665-3621x878,8/2/2046,Estate agent
7853,Sherri,Leon,Male,ralphkelly@example.com,179-813-1393,23-04-95,"Nurse, learning disability"
7854,Destiny,Parks,Male,morrowmark@example.net,818.667.9110x7785,12/7/2039,"Sales professional, IT"
7855,Catherine,Huerta,Female,katherineavila@example.com,-4541,18-11-02,Advertising copywriter
7856,Jasmine,Benjamin,Male,tabithaporter@example.net,707-688-3977x9887,8/5/2024,Information officer
7857,Jake,Beard,Female,mbentley@example.com,8845899152,21-05-17,Actor
7858,Alexander,Reilly,Female,kaitlynwiley@example.org,+1-696-260-1079x38546,31-07-23,Brewing technologist
7859,Shawna,Black,Female,poncechloe@example.org,727-644-3174,30-04-69,Community arts worker
7860,Alexandria,Mcmillan,Male,mitchell88@example.org,001-131-506-5835x068,3/7/2038,Tax inspector
7861,Linda,Carney,Female,pedro33@example.org,401468283,25-05-70,Health promotion specialist
7862,Bruce,Hubbard,Male,dalewarren@example.com,001-297-555-0720,26-10-57,"Education officer, environmental"
7863,Paula,Crosby,Female,ashleykaylee@example.net,944.147.4628x91560,6/3/1972,Teaching laboratory technician
7864,Steve,Haley,Female,janetroberson@example.net,001-325-449-3396,10/3/2016,Public librarian
7865,Parker,Simon,Female,avilaleonard@example.com,804-613-3083x70123,6/2/2012,Public librarian
7866,Harold,Matthews,Female,raymondfrey@example.org,+1-910-517-9521x1274,15-11-03,"Horticulturist, amenity"
7867,Tracy,Velez,Female,gilbertwanda@example.net,(181)152-8662x05949,18-02-17,Barrister
7868,Christina,Nelson,Female,eileen37@example.com,741-084-0567x963,6/1/1990,Futures trader
7869,Peter,Rubio,Male,nathanielskinner@example.org,001-171-704-1989x226,26-02-23,Immunologist
7870,Sheila,Wiley,Male,kerrriley@example.org,814-681-9385,15-06-42,Dramatherapist
7871,Guy,Goodman,Female,veronicamills@example.org,297.513.5977x62153,26-01-81,Ergonomist
7872,Evan,Coffey,Male,thomasnoah@example.net,909.059.3612,19-08-25,Social worker
7873,Mckenzie,Dodson,Female,rmeadows@example.com,+1-154-840-3451x11740,4/6/2048,Insurance risk surveyor
7874,Nicole,Mclean,Female,mayskristy@example.net,371.530.4724,11/4/2024,"Radiographer, diagnostic"
7875,Julie,Hamilton,Female,leonard65@example.org,+1-056-485-6008x75365,3/12/2008,Marketing executive
7876,Tyler,Moyer,Female,mistypeters@example.com,637-356-2767,5/3/2019,"Designer, exhibition/display"
7877,Anthony,Petersen,Male,stacy07@example.com,7529022937,5/6/2012,Clinical embryologist
7878,Logan,Campbell,Female,bobbray@example.com,7269201531,13-03-07,Counsellor
7879,Herbert,Austin,Female,calhounlindsay@example.org,988-392-5552x669,16-11-42,Chartered management accountant
7880,Kelli,Griffin,Female,lauren51@example.com,001-394-762-9088x06676,21-01-56,Licensed conveyancer
7881,Emily,Duke,Female,juan35@example.com,041-867-2289x58715,1/11/2014,Academic librarian
7882,Franklin,Meadows,Female,huffmantina@example.net,+1-575-167-9685x6246,7/8/1964,Civil Service administrator
7883,Tim,Robinson,Female,schmidtclaire@example.net,387-455-8777x05615,5/1/2027,Lawyer
7884,Nicole,Conway,Male,derrick47@example.net,5647329429,25-11-19,Dramatherapist
7885,Clifford,Marshall,Female,bradshawanita@example.org,(898)956-2185,7/4/1993,Armed forces training and education officer
7886,Gabriella,Barry,Female,pmichael@example.com,-6997,25-11-77,Counselling psychologist
7887,Joanna,Bell,Female,bobby48@example.com,+1-164-445-7033x1630,4/7/2023,Lawyer
7888,Rachel,Roman,Male,kurtvega@example.com,001-853-042-3620x789,30-04-97,Public house manager
7889,Brandi,Bates,Female,fbrowning@example.org,+1-353-831-4462x4774,15-05-46,Fine artist
7890,Traci,Velasquez,Female,baileyjanice@example.net,(538)029-2827x231,27-03-31,Architectural technologist
7891,Miguel,Russo,Male,palmermaxwell@example.org,+1-549-215-8708x976,5/3/2028,"Therapist, horticultural"
7892,April,Maldonado,Female,bkidd@example.org,213.977.0956,24-02-99,Location manager
7893,Maureen,Carpenter,Female,angie34@example.com,+1-385-062-1870x778,19-04-50,"Psychologist, educational"
7894,Tammie,Roberts,Male,jordancervantes@example.net,001-843-391-6880x25204,13-02-83,Best boy
7895,Darrell,Sloan,Female,estewart@example.net,+1-264-137-7398x9441,15-10-99,Firefighter
7896,Hailey,Morton,Female,xkennedy@example.com,231.525.5403,2/4/2037,Armed forces operational officer
7897,Tom,Simpson,Male,maddoxdestiny@example.net,001-626-168-8017x925,16-06-37,Production engineer
7898,Ernest,Durham,Female,kelly19@example.com,722-410-6033x72719,27-07-65,Dentist
7899,Alexa,Pacheco,Female,kirk13@example.com,(925)479-1618,20-04-48,"Administrator, education"
7900,Gregory,Mccoy,Male,tsmall@example.net,687-812-9439,21-09-52,Translator
7901,Earl,Johnson,Female,pinedachris@example.org,161-781-4897x540,14-05-01,Trading standards officer
7902,Kristie,Frye,Male,brandyjoyce@example.com,001-820-355-2065x775,25-01-47,Print production planner
7903,Nina,Sheppard,Female,christinedean@example.org,(323)783-4358x897,24-12-93,Publishing rights manager
7904,Kyle,Brown,Female,keverett@example.org,(501)848-9452x4014,12/12/2030,"Administrator, Civil Service"
7905,Norman,Stephenson,Female,alvaradodeanna@example.org,441.232.8086x266,21-11-97,"Conservation officer, nature"
7906,Dominic,Cowan,Female,alejandrogrant@example.com,165.974.0577x888,28-12-10,Location manager
7907,Neil,Dickerson,Male,shawnapham@example.com,(430)641-8429,24-12-02,Manufacturing engineer
7908,Julie,Fowler,Male,owenskirk@example.org,583-574-5393x934,5/5/2035,Architect
7909,Michael,Winters,Female,ellen92@example.net,+1-983-597-6835x274,18-01-12,"Engineer, automotive"
7910,Dakota,Walker,Female,rlucas@example.org,031-532-5058x42293,10/12/1965,English as a foreign language teacher
7911,Clinton,Boyle,Male,xmosley@example.net,046.235.4300,20-10-03,Psychiatric nurse
7912,Mindy,Roth,Male,malik92@example.com,5606041827,15-12-48,Meteorologist
7913,Ricardo,Fry,Female,hector52@example.org,086-206-0356,25-11-15,Forensic scientist
7914,Justin,Cunningham,Female,marissa91@example.com,001-512-793-8864x56119,27-09-16,"Research officer, political party"
7915,Cheryl,Aguirre,Female,doughertyann@example.net,001-470-765-0374x4031,7/5/1976,"Nurse, children's"
7916,Natalie,May,Female,ggonzalez@example.net,443-858-9313x053,22-04-66,Radio producer
7917,Sergio,Reeves,Female,colleengray@example.com,561.308.3784x0399,30-07-42,Geochemist
7918,Kaitlyn,Mccarthy,Male,madisoncisneros@example.net,001-778-491-3893x4422,30-01-42,Estate agent
7919,John,Davila,Female,mcbridekristen@example.net,(705)774-9509,30-07-31,Medical physicist
7920,Eduardo,Contreras,Male,hayleynash@example.org,001-181-634-1995,8/6/2025,"Scientist, physiological"
7921,Amanda,Lindsey,Female,frederickdean@example.net,001-883-769-8238x956,18-04-31,Occupational psychologist
7922,Deanna,Harris,Male,owensmichaela@example.org,+1-165-133-9717x84003,20-04-92,Textile designer
7923,Mallory,Cervantes,Male,cobbsavannah@example.org,464.487.7904x937,1/2/2048,Diplomatic Services operational officer
7924,Jacqueline,Fowler,Male,dawsonaimee@example.com,001-009-130-3466,30-03-82,Research scientist (maths)
7925,Carl,Vazquez,Male,hubbardbrett@example.net,927-398-7340x3002,27-08-07,Armed forces training and education officer
7926,Cheyenne,Hawkins,Female,obrooks@example.net,717.588.5699x9742,5/8/2016,Writer
7927,Joanne,Lawson,Male,blakeblack@example.com,176.947.7294x62769,12/7/2039,"Social research officer, government"
7928,Chelsey,Fuller,Male,ellen65@example.com,001-466-906-1272,2/5/2006,IT trainer
7929,Max,Hernandez,Male,tomshelton@example.net,652.078.0171x519,10/9/2012,Advertising art director
7930,Nancy,Prince,Female,austinware@example.net,552.488.1529,23-11-74,Occupational hygienist
7931,Collin,Schmidt,Male,pearsoncolin@example.com,753-928-5049,13-01-92,Town planner
7932,Martin,Obrien,Male,deannagonzalez@example.com,001-208-278-8094x5293,30-10-89,Communications engineer
7933,Alisha,Cummings,Male,robertsashlee@example.org,132.541.3656x86200,4/9/1984,Community development worker
7934,Christine,Morrow,Female,steintroy@example.com,264.650.6295,5/8/2024,"Engineer, automotive"
7935,Cody,Bradshaw,Female,savagekylie@example.net,3578893794,4/3/1988,Immigration officer
7936,Becky,Schaefer,Male,nfrank@example.com,(191)167-5643,3/2/1991,"Engineer, broadcasting (operations)"
7937,Ronald,Zimmerman,Female,jillstrong@example.org,-4882,12/1/2041,Mechanical engineer
7938,Austin,Moran,Male,laura55@example.com,001-440-539-6197x250,7/6/1961,"Scientist, audiological"
7939,Anthony,Proctor,Female,ethanmontoya@example.com,5416782617,10/7/1970,Podiatrist
7940,Laurie,Wilkerson,Male,gabrielleparks@example.net,107.763.5207x93252,4/9/1958,"Designer, jewellery"
7941,Katie,Guerra,Female,usanford@example.net,(918)596-6047x223,1/9/2047,Youth worker
7942,Victor,Landry,Male,hansenemma@example.org,(545)601-5192x457,22-03-59,Pensions consultant
7943,Sonya,Avila,Male,sodonnell@example.net,001-271-396-5021x9931,27-02-46,Technical author
7944,Carl,Harrington,Female,camachobradley@example.com,001-100-988-1476x18614,23-09-64,Armed forces technical officer
7945,Deborah,Barnes,Male,knappeduardo@example.net,254.691.6466x525,1/4/1982,Plant breeder/geneticist
7946,Alexa,Watts,Male,sponce@example.com,(014)515-5792x5714,21-02-23,Retail buyer
7947,Kelsey,Fry,Male,antonio40@example.net,754-588-4298,25-04-65,Human resources officer
7948,Ruben,Stanley,Female,fboyle@example.org,5415131753,29-11-07,Plant breeder/geneticist
7949,Alexander,Bennett,Female,isaacmoody@example.com,(788)419-7492x1146,1/12/1980,Adult guidance worker
7950,Tracy,Potts,Female,chandlerphillip@example.org,679-728-0228x0806,7/11/1965,Legal secretary
7951,Carrie,Patterson,Male,sampsonwarren@example.net,001-163-698-9715x5200,7/7/1984,Insurance broker
7952,Crystal,Simmons,Female,frankcristina@example.com,(733)468-2556x2449,18-11-44,"Teacher, adult education"
7953,Lynn,Middleton,Female,miarios@example.org,(489)448-6889,21-07-82,"Scientist, marine"
7954,Preston,Morris,Male,chelsey41@example.org,(496)842-2634x913,2/6/2000,Regulatory affairs officer
7955,Amy,Mclean,Female,nicole21@example.net,770-724-0915,7/4/2017,Horticultural consultant
7956,Mckenzie,Schwartz,Male,jamie83@example.net,001-717-381-9018x885,5/6/2046,"Therapist, occupational"
7957,Victoria,Vazquez,Male,mollymeza@example.org,107-129-5547,4/12/1994,Office manager
7958,Dana,Mills,Male,benjamin67@example.com,084-779-4035x944,28-04-87,Phytotherapist
7959,Henry,Figueroa,Female,staceyosborn@example.org,644.571.9515x21478,31-07-76,Economist
7960,Jose,Webster,Female,levibauer@example.com,314.613.3550x95082,1/3/1952,Air traffic controller
7961,Marvin,Frederick,Male,ccarroll@example.org,+1-829-357-6215x0665,8/2/1990,"Surveyor, commercial/residential"
7962,Cynthia,Kirk,Male,sheila84@example.net,001-559-602-4354x2557,3/12/2017,"Engineer, mining"
7963,Bianca,Good,Female,jefferycampbell@example.net,+1-354-443-5761x293,13-03-36,Public relations officer
7964,Kaylee,Berry,Male,alexander04@example.org,(625)146-4530,18-11-63,Radiation protection practitioner
7965,Barry,Humphrey,Male,twalsh@example.net,(542)769-6691x97531,30-09-35,"Surveyor, planning and development"
7966,Rita,Orozco,Male,judystanton@example.com,+1-184-518-3336x101,20-02-74,Arts administrator
7967,George,Blanchard,Female,rogerpace@example.org,226-416-8971,27-10-37,Curator
7968,Mckenzie,Clarke,Male,yayala@example.org,837.340.5163,29-10-08,Musician
7969,Clifford,Cooke,Male,bnorton@example.net,(405)600-1973x45366,16-11-84,"Nurse, learning disability"
7970,Alexander,Mahoney,Male,ywilkinson@example.net,931-223-6460x42572,15-07-85,Petroleum engineer
7971,Larry,Meza,Female,icrawford@example.net,(309)357-9422,12/3/1954,Ceramics designer
7972,Doris,Bell,Male,caitlynowens@example.net,943-412-7180x1003,11/5/1980,Illustrator
7973,Ana,Hartman,Female,mcintoshkurt@example.org,(367)364-1749,11/6/1981,Broadcast presenter
7974,Elijah,Forbes,Male,tatkinson@example.org,700-342-8221x9147,20-11-92,Applications developer
7975,Ariel,Morales,Female,guydavenport@example.org,2526050890,4/6/2005,"Investment banker, corporate"
7976,Stuart,Barry,Female,wschneider@example.net,2661054766,15-07-76,Television production assistant
7977,Seth,Wright,Female,jay10@example.net,327-649-8186,7/6/2002,"Administrator, arts"
7978,Zachary,Anderson,Female,alyssaparks@example.net,001-862-568-6355x528,12/11/2006,Cytogeneticist
7979,Claudia,Nelson,Male,langallison@example.com,8853840938,4/9/2043,Geophysical data processor
7980,Jasmine,Wu,Female,marisawilson@example.net,6725802698,4/6/2004,"Radiographer, diagnostic"
7981,Timothy,Baxter,Male,frenchalex@example.net,(929)207-6881,14-04-85,"Scientist, forensic"
7982,Don,Snow,Male,dmadden@example.org,748.238.5346x67962,29-09-62,Clinical biochemist
7983,Isabel,Love,Female,levyhannah@example.org,205-872-4742,3/2/1957,"Scientist, research (medical)"
7984,Joseph,Stark,Male,wyatt90@example.org,(456)058-3896x53116,2/10/2036,"Surveyor, rural practice"
7985,Natalie,Dougherty,Female,jonathon73@example.com,001-156-574-8128x8183,28-06-53,"Nurse, adult"
7986,Caroline,Callahan,Male,donaldbush@example.org,001-120-142-0726,14-06-72,Private music teacher
7987,Joe,Robertson,Male,carolyn83@example.net,857.145.0666x17862,5/4/2017,"Geneticist, molecular"
7988,Angelica,Fernandez,Female,braunkevin@example.org,732-605-7403,5/2/1962,Optometrist
7989,Jean,Raymond,Male,mnorman@example.com,(998)439-2677x31279,19-11-99,"Production designer, theatre/television/film"
7990,Frances,Scott,Female,pinedacaroline@example.net,(293)442-8398x83375,16-01-19,Amenity horticulturist
7991,Norman,Brennan,Female,zoecantrell@example.net,230.118.1211,3/4/1963,Hydrographic surveyor
7992,Deborah,Murphy,Female,tapiadevon@example.com,662-468-5291,5/7/1979,"Editor, magazine features"
7993,Sonia,Kirk,Male,cookegregory@example.com,+1-425-459-0297x6404,26-10-61,Lexicographer
7994,Alvin,Tran,Male,chloe94@example.org,968.690.6394x40249,15-09-27,Building services engineer
7995,Wendy,Hendricks,Female,veronicacannon@example.com,4543945970,8/7/2032,Adult nurse
7996,Harold,Robbins,Male,andrew23@example.net,315.253.6821,23-05-65,"Education officer, community"
7997,Kim,Willis,Male,oneillleroy@example.org,(446)630-0505x68428,12/2/2025,Corporate treasurer
7998,Brenda,Olson,Male,chrisstanley@example.com,+1-121-953-1103x18951,13-04-82,"Loss adjuster, chartered"
7999,Bradley,Price,Male,eclayton@example.com,9354676977,2/9/2018,"Administrator, Civil Service"
8000,Judith,Yates,Male,kbarron@example.com,(868)826-7082,18-10-92,Structural engineer
8001,Faith,Farley,Female,andreathompson@example.org,346.712.3650,17-01-77,Social worker
8002,Terrence,Copeland,Female,ricardo82@example.com,+1-939-472-7077x5600,20-12-52,"Surveyor, quantity"
8003,Wayne,Ward,Male,hayden11@example.org,356.437.8310x3780,9/7/1951,Podiatrist
8004,Eric,Hammond,Male,edwin51@example.net,250.484.0071x2804,28-06-19,"Horticulturist, commercial"
8005,Cheyenne,Stanley,Male,eball@example.net,(822)605-7575x009,8/2/1993,Public house manager
8006,Lawrence,Hodges,Female,osalas@example.net,+1-234-557-6247x9283,16-03-39,Animal nutritionist
8007,Cole,Hayes,Female,colinolson@example.com,-6507,28-05-15,Photographer
8008,Ariana,Merritt,Male,deckerangie@example.com,559.120.1621x69182,12/9/1993,Technical sales engineer
8009,Danielle,Summers,Male,hodgecarlos@example.com,5868811267,29-09-62,Event organiser
8010,Hector,Paul,Female,spencer29@example.org,131-446-5847x3686,1/4/2039,"Pharmacist, hospital"
8011,Darin,Rose,Female,qspence@example.org,905-792-2189,28-12-16,Solicitor
8012,Dean,Barton,Female,barnesjoseph@example.org,001-131-535-0949x41945,28-02-67,"Merchandiser, retail"
8013,Katie,Finley,Female,janemendoza@example.net,083-722-3618x086,12/4/2015,"Merchandiser, retail"
8014,Philip,Powell,Female,courtneyreese@example.net,+1-541-650-6941x85201,28-05-11,Charity officer
8015,Kevin,Velazquez,Female,francis97@example.org,379-156-8161x897,16-08-68,"Engineer, broadcasting (operations)"
8016,Nathaniel,Swanson,Male,garrisonkeith@example.net,471-888-4301x23273,22-04-32,"Engineer, building services"
8017,Courtney,Thompson,Female,felicia01@example.org,126.161.3017,10/3/2021,"Therapist, sports"
8018,Alisha,Nielsen,Female,terrancehooper@example.com,001-616-262-5514,18-02-15,Airline pilot
8019,Keith,Hanson,Male,carly72@example.com,001-394-261-1383x757,20-01-42,Visual merchandiser
8020,Seth,Ibarra,Male,cassidyfry@example.com,+1-695-115-1834x6679,17-06-97,"Engineer, production"
8021,Paula,Livingston,Male,lutzhoward@example.com,867-193-2914x412,25-03-87,"Engineer, chemical"
8022,Bernard,Horne,Male,snowmelanie@example.net,816.712.1226x42588,9/2/2045,"Scientist, audiological"
8023,Jo,Holden,Female,qbuchanan@example.org,430-469-8078,1/3/1986,Environmental consultant
8024,Alice,Barton,Female,frykurt@example.com,488-429-9964x54366,26-07-64,Mudlogger
8025,Courtney,Noble,Male,arianamcdonald@example.com,001-764-282-0270x021,16-04-62,"Engineer, land"
8026,Adrienne,Fields,Female,gloria95@example.net,002-845-1313x2688,9/3/1952,Ergonomist
8027,Ariel,Yu,Female,karen59@example.com,785.435.2527,14-05-76,Outdoor activities/education manager
8028,Faith,Vasquez,Male,srusso@example.net,349-361-6559x467,9/6/1961,"Engineer, manufacturing"
8029,Vincent,Stafford,Male,sparsons@example.org,(998)250-2453,8/2/1985,"Restaurant manager, fast food"
8030,Brianna,Burch,Male,royholland@example.com,306.208.8677x6749,2/11/2022,Podiatrist
8031,Cole,Peterson,Female,suttontammy@example.org,(927)514-3609x3451,26-11-88,Press sub
8032,Joann,Chan,Male,cbell@example.net,(805)821-5732x781,6/10/2013,"Administrator, education"
8033,Devon,Duke,Female,vegakim@example.com,5425758756,29-11-03,Building control surveyor
8034,Krystal,Jennings,Female,zodom@example.org,263.578.1968,1/9/2009,Retail merchandiser
8035,Ray,Bonilla,Male,fdonovan@example.org,562-296-0121x29319,18-09-56,"Nurse, mental health"
8036,Jason,Becker,Male,renee40@example.net,001-612-507-8215x81702,9/3/1994,"Loss adjuster, chartered"
8037,Bradley,Shelton,Male,miranda05@example.com,028.245.7971,26-09-54,"Scientist, research (physical sciences)"
8038,Ruben,Rivers,Male,jasminfaulkner@example.com,836-971-5527,27-01-43,Sales promotion account executive
8039,Mason,Crawford,Male,craigbriana@example.net,113.113.5656x958,6/12/2044,"Education officer, community"
8040,Christopher,Price,Male,nathanraymond@example.net,324.389.9641x4189,24-02-80,Maintenance engineer
8041,Sierra,French,Male,ynovak@example.com,(386)559-1375x87791,16-01-82,Forest/woodland manager
8042,Michaela,Tyler,Male,pachecoroger@example.net,(939)695-0576x061,9/11/2043,Geoscientist
8043,Sylvia,Duarte,Male,emccullough@example.com,+1-284-746-3320x209,21-11-18,"Accountant, chartered public finance"
8044,Chase,Holt,Male,aimeesherman@example.org,265-023-9701,1/7/1977,Proofreader
8045,Isaiah,Morgan,Female,todd52@example.net,+1-215-118-9923x809,8/5/1992,"Nurse, adult"
8046,Kirsten,Boyd,Female,pearsontina@example.net,(994)829-9072x7650,19-06-59,Toxicologist
8047,Emma,Rodgers,Female,kim90@example.org,001-348-861-1432x048,14-01-48,"Civil engineer, consulting"
8048,Roy,Michael,Female,joycecarmen@example.net,820-435-1752,18-03-65,"Therapist, nutritional"
8049,Daisy,Coleman,Female,dorothy90@example.net,-1263,9/10/2003,Occupational therapist
8050,Cesar,Nixon,Female,traceyhughes@example.net,272-739-9358,11/2/1954,"Administrator, sports"
8051,Ethan,Lowe,Female,ralph16@example.com,+1-625-842-7963x94812,27-09-26,"Nurse, children's"
8052,Dominique,Pope,Female,walshmindy@example.org,662-335-5483,24-10-71,Operations geologist
8053,Nathaniel,Mayer,Female,colin48@example.org,001-394-537-3987x50249,27-07-78,"Accountant, chartered certified"
8054,Kristy,Trujillo,Female,bhoover@example.net,850.861.5438x9857,20-07-92,Science writer
8055,Karen,Blackwell,Female,kruegerraven@example.com,881-877-5988,27-08-06,Video editor
8056,Marco,Navarro,Female,alexandrapadilla@example.org,(315)980-3235,20-09-23,"Scientist, water quality"
8057,Shawn,Larsen,Female,crubio@example.org,675.359.5613,11/4/1973,Trade mark attorney
8058,Mark,Small,Male,clandry@example.org,001-702-820-6273x3043,1/4/1967,"Scientist, audiological"
8059,Yvette,Hanna,Male,blakepam@example.org,001-533-628-6672x683,30-07-91,Insurance underwriter
8060,Emily,Cunningham,Male,bdelgado@example.com,496.314.7621,31-05-14,Audiological scientist
8061,Mindy,Hawkins,Female,jaime75@example.com,+1-672-571-3673x34428,28-09-25,Lexicographer
8062,Rickey,Petty,Male,michaela15@example.org,458-955-0862x9160,15-05-44,"Accountant, chartered certified"
8063,Peter,Larson,Male,sheenaforbes@example.com,(727)224-2340x193,5/2/1969,Media planner
8064,Jacob,Valentine,Female,ahill@example.org,001-068-612-2318x3427,8/11/2017,Public relations account executive
8065,Summer,Novak,Female,hchandler@example.com,614-423-4858,7/4/1989,Hospital pharmacist
8066,Melvin,Grant,Male,ysilva@example.org,764-729-4879,5/3/1965,"Engineer, control and instrumentation"
8067,Sheryl,Gallegos,Male,vancejay@example.com,+1-811-631-4422x64174,17-12-09,Radio producer
8068,Dorothy,Jackson,Female,claudia23@example.com,290.857.3930x07134,28-12-42,Theatre manager
8069,Alejandra,Michael,Male,kaitlynlivingston@example.com,013.772.9130,18-01-03,Optometrist
8070,Erika,Joyce,Female,daltonjamie@example.net,+1-909-475-0939x1333,3/5/2035,Insurance claims handler
8071,Aaron,Reilly,Female,harry47@example.org,943.712.8687x6421,14-02-41,Financial planner
8072,Jennifer,Marks,Male,alexandra21@example.com,1696148998,11/12/2023,Agricultural consultant
8073,Cory,Ewing,Male,normanluis@example.net,-1820,20-09-18,Land/geomatics surveyor
8074,Andre,Mayer,Female,npotts@example.net,181-179-6079,30-04-53,Diagnostic radiographer
8075,Connie,Potts,Female,marshcristian@example.net,+1-534-871-8266x1557,28-05-35,"Engineer, technical sales"
8076,Austin,Calderon,Female,kenneth06@example.org,203-013-5814x512,4/12/1981,Quarry manager
8077,Ashlee,Oneill,Female,stevenstonya@example.net,885-311-0098x8281,15-05-86,Merchant navy officer
8078,Megan,Guerrero,Male,justin63@example.net,705-416-7182x75486,10/12/2043,Food technologist
8079,Yvette,Campos,Male,gavin68@example.com,2305579324,2/12/1956,Writer
8080,Destiny,Galvan,Female,michaelfoley@example.com,-3103,8/7/1953,Land
8081,Brad,Rubio,Female,tanner35@example.com,218.035.2053x3782,14-08-22,Event organiser
8082,Kristie,Preston,Male,piercecristian@example.org,(650)895-6789,17-06-26,Hotel manager
8083,Kaitlyn,Horne,Female,wmora@example.org,471-484-5823,28-06-30,Interior and spatial designer
8084,Sheila,Griffin,Female,longlori@example.com,-6845,22-01-25,Speech and language therapist
8085,Tabitha,Landry,Female,kristina68@example.org,(831)883-4220,13-02-66,Legal secretary
8086,Brady,Day,Female,vickiegamble@example.net,001-014-953-1884x000,26-07-13,Animator
8087,Nicholas,Daugherty,Male,katelynclay@example.net,001-417-122-0746x025,7/5/2019,Immunologist
8088,Rachael,Spence,Male,randall89@example.com,(082)644-5632x200,16-12-03,"Engineer, control and instrumentation"
8089,Kathleen,Huffman,Male,fwatson@example.com,001-140-164-0613x989,11/4/2035,Optometrist
8090,Philip,Pitts,Female,adrienne16@example.org,963-726-5273,10/3/1987,Town planner
8091,Benjamin,Munoz,Male,soconnell@example.net,(604)720-3247x9378,31-03-60,Hydrographic surveyor
8092,Alfred,Snow,Male,stevenskiara@example.net,277.197.4325x598,15-11-19,Curator
8093,Toni,Thomas,Male,christian00@example.com,487-933-2033x52197,24-06-47,Firefighter
8094,Krystal,Walls,Female,benderallison@example.com,218556140,27-02-42,Social worker
8095,Claudia,Anthony,Female,scunningham@example.com,8786180579,2/8/2013,Architectural technologist
8096,Tim,Brock,Female,hector04@example.net,739-239-9800x530,24-06-80,Forest/woodland manager
8097,Jillian,Chandler,Male,penny25@example.net,868712035,16-09-20,Arts administrator
8098,Michaela,Colon,Female,fbenton@example.com,(393)332-3692,6/11/2023,Engineering geologist
8099,Priscilla,Carson,Male,ibaxter@example.net,508.555.7421x2351,8/10/1991,Aeronautical engineer
8100,Paula,Marsh,Female,valerievargas@example.com,816-642-3912x84320,7/8/1961,Chief Marketing Officer
8101,Greg,Pope,Female,vwallace@example.com,242-839-7845,8/9/1974,Chartered loss adjuster
8102,Stephen,Merritt,Male,peckcesar@example.com,001-232-689-8626x8703,6/12/1977,Barrister's clerk
8103,Jamie,Yoder,Male,peteribarra@example.com,708.491.0629,12/4/2017,Dietitian
8104,Whitney,Riley,Female,ubonilla@example.com,5890580033,23-10-55,"Social research officer, government"
8105,Sally,Moreno,Female,angel93@example.com,672-104-7194x63302,5/7/1997,Ranger/warden
8106,Joel,Howe,Male,gaineshoward@example.org,001-247-311-5096x94085,25-09-15,Heritage manager
8107,Suzanne,Meyer,Female,sharondunn@example.net,405-242-2851x141,25-11-98,Commercial/residential surveyor
8108,Peter,Keller,Female,wortiz@example.net,001-353-268-0970x8393,28-09-15,Clothing/textile technologist
8109,Savannah,Brock,Male,michelledixon@example.net,(279)150-0841,11/1/2009,Agricultural engineer
8110,Veronica,Lambert,Male,esparzacurtis@example.com,915.618.1596,13-11-86,Commercial horticulturist
8111,Stanley,Yoder,Male,davehorne@example.org,636-351-9615,21-07-13,Patent attorney
8112,Michaela,Woodard,Female,ortizjeffrey@example.com,271.321.3560,16-11-08,Operational investment banker
8113,Janet,Newman,Male,jeremiahdennis@example.net,-10760,4/6/2008,Probation officer
8114,Pedro,Johnston,Female,eric99@example.com,-10131,1/4/2008,Clothing/textile technologist
8115,Raymond,Pacheco,Female,salazartonya@example.com,973.885.6772x59179,14-12-29,Materials engineer
8116,Tracie,Davenport,Male,idavidson@example.org,+1-567-238-4714x0381,26-01-14,Economist
8117,Joy,Sampson,Female,uhull@example.com,+1-771-292-4872x667,3/11/1985,Accounting technician
8118,Nichole,Montgomery,Female,eduardosandoval@example.org,481-688-5495x9057,15-12-04,Research scientist (life sciences)
8119,Phillip,Mejia,Female,valdeznancy@example.net,1145677302,20-04-77,Illustrator
8120,Rhonda,Mcintyre,Female,watersrebekah@example.net,+1-246-159-2391x987,29-08-11,Surgeon
8121,Marc,Ferguson,Female,tamaranguyen@example.org,646.730.3972x9878,4/9/2002,"Engineer, technical sales"
8122,Eddie,Mcintyre,Male,bernardzimmerman@example.org,001-701-830-9095x0147,3/12/2027,Hydrographic surveyor
8123,George,Ryan,Female,morgan34@example.com,405-302-6294x812,12/9/1995,Food technologist
8124,Mario,Mccarty,Male,stephen60@example.net,-8414,10/1/1986,"Therapist, nutritional"
8125,Jackson,Herman,Female,connor92@example.net,167-840-1035x4169,7/1/2026,Historic buildings inspector/conservation officer
8126,Lauren,Parrish,Female,schroederbeverly@example.net,-8168,14-03-79,Historic buildings inspector/conservation officer
8127,Janet,Shaw,Female,kaylatorres@example.com,+1-089-968-6094x5362,14-01-98,Air cabin crew
8128,Laurie,Mclaughlin,Male,alielijah@example.net,879-316-1102x4723,24-05-07,"Engineer, automotive"
8129,Kerry,Cunningham,Male,richardlogan@example.com,001-681-267-3925x0237,28-08-19,"Psychologist, forensic"
8130,Shannon,Haney,Female,mercedesrogers@example.net,001-671-673-3492x52938,14-07-87,Equities trader
8131,Jon,Dalton,Male,dylan95@example.com,+1-132-755-5694x94692,19-03-41,Charity fundraiser
8132,Stacy,Francis,Female,calhounwhitney@example.org,241.258.9147,8/6/2000,Engineering geologist
8133,Kristy,Merritt,Female,phylliswhitehead@example.net,001-412-703-8074x39186,25-03-21,Outdoor activities/education manager
8134,Jackson,Dominguez,Male,nbarnett@example.org,753-478-8097x54360,1/4/2047,"Therapist, nutritional"
8135,Stephen,Hart,Male,fhicks@example.org,766-909-6095x05882,4/6/1970,Psychotherapist
8136,Norma,Cooke,Male,mcruz@example.org,001-639-302-0264x7708,11/11/2019,Meteorologist
8137,Jason,Chan,Male,jill30@example.com,001-896-264-2344x427,20-03-68,Warden/ranger
8138,Sara,Allison,Female,iwilson@example.org,001-872-921-2208x760,24-04-62,Garment/textile technologist
8139,Garrett,Alvarez,Female,audrey35@example.net,001-941-576-4951,8/4/1996,Microbiologist
8140,Sabrina,Hamilton,Female,ballbailey@example.org,001-933-200-4152x128,19-08-78,Health promotion specialist
8141,Miguel,Todd,Female,meagan69@example.com,953.777.9041x535,19-03-29,"Designer, blown glass/stained glass"
8142,Calvin,Kramer,Male,jbennett@example.com,001-904-469-5158,17-12-62,Training and development officer
8143,Joanne,Aguirre,Male,caseycooper@example.com,001-284-678-9469x51568,7/9/2014,Careers adviser
8144,Bryce,Roth,Female,albert79@example.org,625.748.2924,9/1/2023,"Copywriter, advertising"
8145,Felicia,Garner,Female,jenna14@example.com,(641)765-0462x81747,17-04-16,Multimedia programmer
8146,Lorraine,Daniels,Female,hhopkins@example.org,001-999-217-6966,18-08-87,Fashion designer
8147,Hannah,Faulkner,Female,ivanmunoz@example.net,001-296-989-3170x8817,5/9/1959,Fish farm manager
8148,Pedro,Tran,Male,hooverderek@example.org,562-058-4900x1164,29-05-13,Geochemist
8149,Marcus,Sheppard,Female,uwilcox@example.net,6286459520,28-11-54,Air broker
8150,Reginald,Rowland,Male,tannermacias@example.com,276.928.3575x414,21-10-29,Architect
8151,Madison,Gonzales,Female,qsolis@example.com,001-329-197-6849,26-06-32,Osteopath
8152,Clinton,Keller,Female,elainekhan@example.net,-4118,19-09-87,Barrister's clerk
8153,Kurt,Bridges,Female,duranlarry@example.com,441-387-7390x5666,16-07-22,"Teacher, special educational needs"
8154,Jillian,Parrish,Female,calhountodd@example.org,001-048-364-7825,28-01-74,Osteopath
8155,Joy,Schroeder,Female,sjohns@example.com,001-023-234-6110x1311,31-08-10,Acupuncturist
8156,Mikayla,Snow,Female,kevin82@example.net,+1-820-549-3881x334,19-06-28,"Research officer, trade union"
8157,Ian,Alvarado,Female,ihumphrey@example.net,(131)691-1201x1343,28-06-05,Tourism officer
8158,Kellie,Sexton,Male,vparks@example.net,(882)523-6741,21-04-16,Air broker
8159,Jennifer,Melendez,Male,arnolddevon@example.com,001-350-579-7785x8121,16-01-15,"Engineer, aeronautical"
8160,Chad,Singh,Female,matthew17@example.net,187.454.1570,20-12-40,Technical sales engineer
8161,Beverly,Gonzales,Male,npruitt@example.org,001-923-510-7659x1340,24-05-16,"Surveyor, mining"
8162,Eduardo,Costa,Female,griffithjulie@example.org,(447)798-1107x1703,24-12-07,Sports coach
8163,Tara,Aguirre,Female,fgeorge@example.com,6150503968,26-10-50,"Optician, dispensing"
8164,Diane,Cuevas,Female,douglaspatterson@example.org,+1-805-987-8842x50095,7/12/1995,Product designer
8165,Bobby,Peterson,Female,lauramedina@example.org,729627162,5/3/1974,Educational psychologist
8166,Betty,Williamson,Female,dellison@example.org,4992442798,15-11-20,"Designer, textile"
8167,Patty,Ferrell,Male,bonniebraun@example.com,5936904309,15-10-51,"Doctor, general practice"
8168,Janice,Pratt,Male,wcarney@example.net,3235452868,26-04-19,Podiatrist
8169,Crystal,Barnes,Female,umckinney@example.org,(265)673-8575,27-10-47,Curator
8170,Grant,Rhodes,Female,pbecker@example.com,411-449-3910x26258,16-06-30,Petroleum engineer
8171,Mallory,Salinas,Male,robinsonterrance@example.net,820-537-9048x201,26-09-31,"Administrator, arts"
8172,Tony,Frank,Female,sue86@example.net,001-059-785-0245x27964,1/1/2008,Civil Service fast streamer
8173,Sheri,Liu,Female,mayercaitlyn@example.org,367-305-6586,13-06-65,Air traffic controller
8174,Ronnie,Kane,Female,loganolsen@example.net,(212)472-2982x8292,9/2/2025,Therapeutic radiographer
8175,Catherine,Snow,Male,jasmine56@example.org,001-005-359-1602x2559,11/3/2001,Agricultural engineer
8176,Lynn,Morse,Female,tonyboyer@example.org,(962)704-9642,9/9/1951,"Journalist, broadcasting"
8177,Collin,Downs,Male,smalljennifer@example.net,(383)642-8158,21-06-55,Forest/woodland manager
8178,Tim,Harper,Female,tracipowell@example.org,+1-930-781-0568x636,17-06-86,Fast food restaurant manager
8179,Jonathon,Woodard,Male,mauricezuniga@example.org,-9565,2/8/1953,"Development worker, community"
8180,Rickey,Proctor,Male,kristin25@example.net,(720)889-5493x492,28-01-18,Data processing manager
8181,Andre,Castaneda,Male,wdougherty@example.org,963-179-9225x4297,3/9/1952,Meteorologist
8182,Roger,Haney,Male,hesterroberto@example.net,+1-824-768-1097x501,29-07-87,Paramedic
8183,Vernon,Stafford,Female,hvaldez@example.net,(189)097-6743,11/2/2014,"Teacher, special educational needs"
8184,Alejandra,Ramirez,Male,emilybradford@example.com,064.353.7520,6/1/1971,Metallurgist
8185,Frederick,Houston,Female,frank05@example.net,098.931.7490x380,30-09-92,Futures trader
8186,Denise,Fischer,Female,debbieriley@example.com,4136943757,29-08-42,Chief of Staff
8187,Karla,Bauer,Male,vanessa92@example.com,(134)308-0686,3/8/2016,"Therapist, occupational"
8188,Keith,Spencer,Female,duane88@example.net,+1-534-978-4901x3502,17-12-47,Film/video editor
8189,Henry,Santiago,Male,shaun31@example.com,+1-322-814-8527x1635,2/8/1959,Patent attorney
8190,Tyler,Casey,Female,yallison@example.com,3274510945,14-07-97,IT trainer
8191,Frank,Mercer,Female,ifitzgerald@example.org,881.220.6698,21-04-88,"Research officer, government"
8192,Dana,Orozco,Male,kerrikramer@example.com,373.642.9374,8/9/1992,Financial manager
8193,Jodi,Simon,Male,leonemma@example.net,150.650.4826,25-03-58,IT technical support officer
8194,Sheila,Mcgrath,Female,marissaburton@example.com,001-783-851-9578x87697,29-01-83,Seismic interpreter
8195,Neil,Cervantes,Female,afinley@example.com,020-561-0769x1464,28-09-09,"Psychologist, counselling"
8196,Sydney,Everett,Female,nhunter@example.org,770.564.0018x45845,28-11-77,Printmaker
8197,Carol,Blankenship,Male,sbenson@example.org,564.481.0005,22-05-99,"Scientist, clinical (histocompatibility and immunogenetics)"
8198,Tara,Barrett,Female,edgar55@example.net,(447)756-3237x7688,22-01-25,Public relations officer
8199,Travis,Strickland,Female,jmarks@example.org,533-911-2638x273,19-05-08,Medical technical officer
8200,Meagan,Roberson,Male,gpatel@example.net,164-394-0763x192,2/5/2008,Company secretary
8201,Rickey,Duarte,Male,dixoncarlos@example.net,256.455.2173x8560,4/11/1981,Rural practice surveyor
8202,Alvin,Montoya,Female,jeanne43@example.org,565-217-2826,11/7/2025,IT sales professional
8203,Brenda,Burgess,Female,staffordkathryn@example.com,(166)971-4672,23-04-66,Futures trader
8204,Belinda,Wright,Female,hurleykelli@example.org,510.820.9938x884,17-03-27,Arboriculturist
8205,Felicia,Davis,Female,kathrynirwin@example.net,001-108-365-8452x191,22-01-49,Garment/textile technologist
8206,Jerry,Rivers,Female,oscar03@example.com,371-916-2054x602,12/11/2009,"Scientist, physiological"
8207,Kurt,Powers,Male,gilbertgilbert@example.net,001-608-782-9139x28723,2/6/2040,Chartered legal executive (England and Wales)
8208,Calvin,Mayer,Male,harperannette@example.org,658.764.9950,23-09-81,"Horticulturist, commercial"
8209,Gordon,Wang,Female,yfleming@example.org,743-496-7716x921,3/3/1954,Sports development officer
8210,Tabitha,Pearson,Male,albertluna@example.org,953.724.9202,28-11-07,Information systems manager
8211,Tony,Welch,Male,mrodgers@example.org,523-552-7518x28767,29-11-80,"Programme researcher, broadcasting/film/video"
8212,Timothy,Dillon,Male,dswanson@example.net,+1-357-306-8996x6213,16-05-52,Holiday representative
8213,Stacie,Leblanc,Female,craig66@example.org,(462)752-4500x22333,30-11-22,Ecologist
8214,Alejandra,Kaufman,Female,lnunez@example.org,001-907-276-5605,25-12-25,Control and instrumentation engineer
8215,Glenda,Curtis,Female,norman40@example.org,(428)045-0952x635,31-12-74,Ecologist
8216,Grant,Buckley,Male,henryguzman@example.net,445.437.2733x537,10/3/2030,Pensions consultant
8217,Chris,Riley,Female,richard33@example.com,+1-923-055-8649x77209,14-12-23,Insurance risk surveyor
8218,Jasmine,Morgan,Female,mercedes73@example.net,449.830.3922x0081,5/2/1994,Therapeutic radiographer
8219,Cassandra,Aguilar,Male,wardmaureen@example.com,+1-807-154-5277x13609,2/8/2044,Regulatory affairs officer
8220,Cristina,Levy,Male,taylorgraves@example.org,(639)558-8378x9951,25-04-48,"Geologist, engineering"
8221,Daniel,Shaw,Female,gordonmelissa@example.net,2844327547,2/4/2014,"Engineer, site"
8222,Cristian,Rangel,Female,sherylbooth@example.org,(757)600-3014,26-10-79,Orthoptist
8223,Barry,Wilkerson,Female,wayala@example.org,(537)018-7095,19-03-83,"Production assistant, radio"
8224,Terri,Hoffman,Male,yesenia98@example.com,(983)478-7805x60055,15-06-31,"Lighting technician, broadcasting/film/video"
8225,Carly,Pace,Female,zshields@example.com,+1-866-507-2145x52716,16-08-49,Financial planner
8226,Caitlin,Madden,Female,wconner@example.net,551.206.5480x54827,9/7/2019,Writer
8227,Dale,Caldwell,Female,abbottbryan@example.net,625.194.2586x38535,29-05-27,Retail manager
8228,Melvin,Campos,Male,lynnromero@example.org,(122)806-8789,12/3/2014,Seismic interpreter
8229,April,Chan,Male,maldonadomartha@example.org,572-794-7317x65897,28-04-58,Bonds trader
8230,Tommy,Underwood,Male,emmagill@example.net,419060746,11/12/2049,Information systems manager
8231,Sheena,Cordova,Male,shaunmarks@example.com,480.037.1485,30-03-38,"Therapist, occupational"
8232,Luke,Manning,Male,yumarisa@example.net,122.990.2191,29-06-23,"Education officer, museum"
8233,Glenn,Reid,Female,ricky23@example.com,717-113-4659,9/9/1963,"Physicist, medical"
8234,Greg,Wilson,Female,mathisjudy@example.org,+1-287-970-4735x353,15-02-53,Medical secretary
8235,Carol,Hicks,Male,nathan63@example.org,267814214,10/6/2029,Sub
8236,Peggy,Hopkins,Female,millerandres@example.net,5413874397,25-09-03,Community education officer
8237,Joan,Olsen,Male,gwendolynbates@example.com,997-642-1868x18544,8/4/1989,"Scientist, marine"
8238,Drew,Vasquez,Male,changjay@example.com,300.010.0338x1903,29-01-41,"Pharmacist, hospital"
8239,Jackie,Patterson,Male,ocameron@example.com,+1-179-270-5893x944,23-09-50,"Civil engineer, consulting"
8240,Jillian,Fuentes,Male,williamsonstacie@example.com,(020)149-4717x12215,5/4/1990,Customer service manager
8241,Leon,Randolph,Male,lydiaglenn@example.org,134-383-8441x06946,3/8/2014,"Accountant, chartered certified"
8242,Lisa,Daniel,Male,billbrock@example.org,447.206.7495x0482,11/12/1992,"Scientist, research (life sciences)"
8243,Jackie,Abbott,Female,gesparza@example.com,(210)153-5257,7/2/2040,Personal assistant
8244,Timothy,Blair,Female,evelyndouglas@example.net,001-408-369-3897x9810,23-03-62,Biomedical scientist
8245,Bruce,Solis,Female,kerry99@example.org,(590)985-7987,23-01-36,Industrial buyer
8246,Dillon,Ross,Female,charlotte11@example.com,662-354-7729,30-10-15,Television camera operator
8247,Kayla,Macias,Male,wilsonjoanna@example.com,880-807-6809,5/4/2036,Marine scientist
8248,Kyle,Nguyen,Male,dariushinton@example.com,605.418.7821x56994,15-10-16,Tax inspector
8249,Jenna,Ellison,Female,vfreeman@example.net,9188470968,29-10-05,Exhibition designer
8250,Shannon,Pearson,Female,esparzadarryl@example.com,-958,2/2/2031,Adult guidance worker
8251,Faith,Meyers,Female,vickiblair@example.net,041.832.2642x11693,10/3/2018,"Engineer, materials"
8252,Lydia,Woodward,Female,patellisa@example.com,001-047-692-4980x4446,3/5/1996,"Nurse, learning disability"
8253,Daisy,Hayden,Male,dmason@example.net,(598)382-5579x47254,9/8/1964,Personal assistant
8254,Mandy,Sharp,Male,lauraferguson@example.org,306.462.9257,31-10-50,Chief Marketing Officer
8255,Kyle,Cook,Female,shawnrodgers@example.net,914-978-9515x0966,30-10-28,Haematologist
8256,Tammy,Mejia,Male,adrianahopkins@example.net,710.333.1461,18-04-39,Food technologist
8257,Brendan,Mullen,Male,reedsara@example.net,9436405857,12/9/2007,Paramedic
8258,Bruce,Solis,Female,marvinruiz@example.net,881.647.7197x8195,6/3/2041,Merchant navy officer
8259,Heidi,Wade,Male,ernest22@example.net,(528)892-5159x466,6/8/2015,Broadcast journalist
8260,Dean,Bowers,Male,adrianavelazquez@example.com,4196093958,4/2/1973,Electronics engineer
8261,Tanner,Goodman,Male,richard11@example.org,001-399-302-0156x9228,10/10/2019,"Doctor, general practice"
8262,Dalton,Barron,Male,qrowland@example.com,(436)165-9586,18-03-01,"Engineer, manufacturing systems"
8263,Kenneth,Stark,Male,austindeborah@example.com,618.805.7231x7195,4/1/1992,"Horticulturist, amenity"
8264,Lee,Bowen,Male,annehuff@example.com,(699)935-4849x921,6/5/2001,Structural engineer
8265,Christopher,Jenkins,Male,ashleecervantes@example.org,635-363-4943,23-10-04,"Psychologist, forensic"
8266,Lisa,Petty,Female,hooverharold@example.com,(312)084-5049,31-07-82,"Lecturer, further education"
8267,Brandi,Douglas,Female,cannonstefanie@example.net,(680)472-1729,30-12-31,Information systems manager
8268,Christina,Marshall,Female,kmendoza@example.org,(029)284-1956x63097,12/11/1964,Estate agent
8269,Gregory,Le,Female,stephenramsey@example.com,001-510-038-0058,7/8/2040,Scientific laboratory technician
8270,Jeff,Ayala,Female,ggood@example.net,001-962-359-2289x920,18-05-68,Commercial art gallery manager
8271,Michele,Douglas,Male,darlenealvarez@example.com,214-079-8997x53858,24-05-25,"Presenter, broadcasting"
8272,Nina,Reilly,Female,hancockmindy@example.net,(003)813-6531x99626,30-06-19,Plant breeder/geneticist
8273,Patricia,Rodriguez,Male,rbond@example.net,983-602-0979x7182,23-04-51,Purchasing manager
8274,Alexandria,Raymond,Female,madeline30@example.net,596.641.8353x74092,15-07-79,Minerals surveyor
8275,Ruth,Horne,Male,ncortez@example.com,(698)880-6995,11/12/1970,Systems analyst
8276,Margaret,Kaufman,Male,aimee93@example.org,(596)277-9873,19-06-23,Chartered legal executive (England and Wales)
8277,Mason,Werner,Female,cookestacy@example.org,672.730.0536x402,13-12-83,Photographer
8278,Dana,Costa,Female,carlakane@example.com,(136)341-3862,24-05-93,English as a foreign language teacher
8279,Jake,Moreno,Male,scottlittle@example.com,355-946-6097,22-05-14,"Surveyor, mining"
8280,Henry,Sherman,Female,dale31@example.org,001-695-730-8979x30100,12/4/2005,"Lighting technician, broadcasting/film/video"
8281,Corey,Morris,Female,burgessvickie@example.net,885-503-0196,25-01-45,Electronics engineer
8282,Tyler,Dorsey,Female,krystalestes@example.com,5340903759,5/11/1969,Data scientist
8283,Rodney,Pittman,Female,mallory71@example.com,783-713-0767x44557,24-04-07,Building services engineer
8284,Kirk,Reyes,Male,adrianandrade@example.org,644.143.3355,9/12/2044,"Clinical scientist, histocompatibility and immunogenetics"
8285,Gregory,Oneal,Male,antonio76@example.org,462-466-7916x33383,17-05-65,Financial adviser
8286,Toni,Alvarez,Male,leonanita@example.com,+1-168-967-0949x361,10/6/1954,Meteorologist
8287,Andre,Floyd,Female,vincent55@example.org,442.416.2710,5/6/1985,Immigration officer
8288,Isabel,Crosby,Male,yweeks@example.com,4695886967,15-12-17,Arboriculturist
8289,Riley,Barrera,Female,alexis40@example.net,099-687-4627,24-10-92,Industrial/product designer
8290,Breanna,Morton,Male,tabithaholt@example.org,+1-293-181-9741x4120,15-01-18,Neurosurgeon
8291,Cheyenne,Mcknight,Female,benjaminallison@example.net,853.396.3254x65975,14-06-29,IT consultant
8292,Casey,Conrad,Female,noahhurley@example.org,-5749,21-02-30,Sub
8293,Paul,Cook,Male,cmeyer@example.com,458-028-1267x07180,8/4/2031,"Education officer, environmental"
8294,Debbie,Roberson,Female,wrightjeff@example.net,-5398,9/3/2010,Health promotion specialist
8295,Michael,Finley,Male,gracehahn@example.com,001-841-619-9171x6814,30-06-09,Systems developer
8296,Dorothy,Levy,Male,wduffy@example.com,608-720-7833x66539,10/7/2006,Freight forwarder
8297,Yvette,Matthews,Male,marialloyd@example.net,+1-775-251-8458x5610,8/2/1998,"Therapist, occupational"
8298,Hunter,Sheppard,Male,lindseypenny@example.com,(407)311-4297x2627,10/8/1977,Chiropodist
8299,Breanna,Maxwell,Female,warrenerin@example.org,001-198-222-7625x3218,23-08-72,"Editor, film/video"
8300,Sherri,Caldwell,Female,devongillespie@example.com,678-705-4692x4179,23-08-13,Telecommunications researcher
8301,Mia,Neal,Female,ivanfuentes@example.com,1189779373,10/2/2035,"Geneticist, molecular"
8302,Clarence,Rice,Male,robersonjonathan@example.org,(024)523-9729x01216,27-02-46,"Sound technician, broadcasting/film/video"
8303,Stacy,Montes,Female,hamiltonbethany@example.net,+1-939-176-6438x9850,22-01-18,Chartered legal executive (England and Wales)
8304,Sally,Baxter,Female,jorge08@example.com,+1-334-724-1175x16142,10/8/1966,Editorial assistant
8305,Calvin,Khan,Female,huntermeadows@example.com,001-803-746-8489,4/6/1963,"Doctor, hospital"
8306,Molly,Watts,Female,reidallison@example.org,+1-736-177-1975x77919,25-03-88,Civil Service fast streamer
8307,Paula,Kline,Female,alisondorsey@example.org,-2060,22-04-50,"Biochemist, clinical"
8308,Leah,Taylor,Male,mullenolivia@example.org,443.309.9962,24-06-68,Call centre manager
8309,Kimberly,Yu,Female,rdowns@example.org,887.826.7773x36310,23-04-35,Theatre manager
8310,Tony,Coleman,Female,popelucas@example.org,(702)379-9754,12/2/2045,Restaurant manager
8311,Melinda,Rice,Female,breannabryant@example.com,+1-002-397-3616x48040,15-07-85,Claims inspector/assessor
8312,Mindy,Hoover,Female,suzannewall@example.net,519-451-6153x79074,24-04-15,"Accountant, chartered public finance"
8313,Herbert,Fields,Male,nolanmercedes@example.org,454.980.5267x0310,6/3/1977,Retail banker
8314,Madison,Mullins,Female,ymcclure@example.org,(299)261-1992,15-12-14,Fine artist
8315,Erin,Dyer,Female,xmarquez@example.com,153.658.7713x550,15-05-93,"Administrator, education"
8316,Sydney,Bass,Female,iwilkins@example.org,-4119,4/1/2044,Advertising account executive
8317,Kellie,Riggs,Female,lynnrandy@example.net,7027848376,6/3/2016,Radiation protection practitioner
8318,Calvin,Mullen,Male,joycewaller@example.org,001-574-172-8175x91471,12/1/2040,Television/film/video producer
8319,Spencer,Clayton,Male,pmontgomery@example.org,436.707.7514,19-11-26,"Production assistant, television"
8320,Luke,Kennedy,Male,jpatton@example.com,535-027-8150x5102,8/4/2029,Insurance claims handler
8321,Haley,Vazquez,Female,jimmyosborne@example.org,(580)077-0939,31-01-47,Museum education officer
8322,Shaun,Terry,Male,jeffersonderek@example.org,(455)712-6562x899,14-08-95,Research scientist (physical sciences)
8323,Colton,Mahoney,Female,lallen@example.net,5068997316,3/5/2006,Jewellery designer
8324,Lorraine,Riggs,Male,kara35@example.org,8284022745,23-12-37,Television/film/video producer
8325,Greg,Herrera,Male,travisrich@example.net,5374100391,24-09-71,Production manager
8326,Stephanie,Hooper,Female,hbender@example.com,001-611-642-3237x148,7/4/1958,Technical sales engineer
8327,Geoffrey,Mckenzie,Male,rochaclayton@example.org,695.635.6618x82414,31-03-11,"Therapist, drama"
8328,Jermaine,Neal,Female,lawrencemeghan@example.com,001-407-178-4282x64784,8/9/2036,Mechanical engineer
8329,Kristina,Summers,Male,mooneykaren@example.org,+1-601-969-0433x8476,9/4/1980,"Accountant, chartered management"
8330,Loretta,Suarez,Female,judith05@example.com,001-382-519-4534x71237,17-12-36,"Psychologist, educational"
8331,David,Browning,Male,sarahcompton@example.net,001-451-711-9111x321,25-05-34,Operations geologist
8332,Daryl,Franco,Female,bethanygilbert@example.net,422.819.5507,6/10/2008,Information systems manager
8333,Bruce,Cunningham,Female,alfredwhitney@example.org,335-787-7119,29-04-98,"Lecturer, further education"
8334,Lonnie,Levine,Male,philip77@example.com,(495)720-5854,1/9/1970,Radio broadcast assistant
8335,Toni,Orozco,Male,colleenochoa@example.net,001-432-382-3968x026,5/10/2029,Chief of Staff
8336,Linda,Terry,Female,billykaiser@example.org,030-590-2785x0058,26-02-80,"Engineer, civil (consulting)"
8337,Devon,Chase,Female,fletcherveronica@example.org,562.772.4463,13-10-11,Hospital doctor
8338,Casey,Walls,Female,dan87@example.com,001-224-924-2610x97967,28-01-11,Leisure centre manager
8339,Tom,Myers,Female,douglasmarvin@example.com,979-272-9839x6950,30-08-19,"Research officer, trade union"
8340,Leon,Anthony,Male,bridgetmcintyre@example.com,001-331-107-0815x989,20-01-14,Broadcast journalist
8341,Stuart,Henderson,Female,deborahcharles@example.net,237.188.5581,2/2/1985,Trading standards officer
8342,Janice,Fry,Male,alvinhutchinson@example.org,001-276-123-0645,22-01-37,"Radiographer, diagnostic"
8343,Amy,Mcclain,Male,leonardvance@example.org,898.098.4066x465,17-07-11,Archivist
8344,Diamond,Patton,Male,rachaelmoses@example.com,733-482-3109,2/3/2014,Adult nurse
8345,Gene,Cunningham,Male,courtneyaguirre@example.net,001-489-644-4233,9/12/1979,Theatre manager
8346,Ricky,Brooks,Male,johnnydawson@example.com,740.981.2483,12/3/2044,Museum/gallery conservator
8347,Johnny,Kelly,Female,katrinasellers@example.org,+1-360-899-9180x72458,24-07-34,Technical author
8348,Albert,Buckley,Male,ray97@example.net,145.298.2583,6/3/1996,Clinical psychologist
8349,Lisa,Luna,Male,whitneymullen@example.org,110.581.7415x13882,23-11-74,"Teacher, primary school"
8350,Colleen,Proctor,Female,emmalynch@example.net,9450450430,30-12-05,Sport and exercise psychologist
8351,Jermaine,Ho,Male,murrayadam@example.com,+1-101-784-5696x68280,21-09-70,Medical technical officer
8352,Stacie,Garrett,Female,tina97@example.com,+1-660-462-6858x1103,18-07-26,Amenity horticulturist
8353,Ricardo,Frank,Female,ahowe@example.org,+1-501-999-7666x3155,16-09-03,"Surveyor, land/geomatics"
8354,Desiree,Wall,Female,plarsen@example.net,130-381-7566,14-01-60,Dispensing optician
8355,Isaiah,Knox,Female,wmcclain@example.com,(804)537-2493x569,4/5/1981,"Designer, industrial/product"
8356,Shaun,Buckley,Male,aaroncervantes@example.org,(037)214-4836,16-07-09,Emergency planning/management officer
8357,Caitlin,Choi,Female,rodneyprince@example.org,444.948.2777x4213,10/2/2016,Manufacturing engineer
8358,Collin,Byrd,Male,glennderek@example.net,596.120.2179,23-07-13,Interpreter
8359,Sydney,Melton,Female,lesliebaxter@example.org,572.663.4132,11/12/1977,Lexicographer
8360,Ernest,Mann,Female,mooregreg@example.org,751.082.9182x394,25-09-84,Systems analyst
8361,Sue,Patrick,Female,oandersen@example.com,+1-605-898-6222x5287,12/8/2035,Regulatory affairs officer
8362,Ronnie,Hubbard,Male,elaineburns@example.net,358-669-0657x19208,22-06-89,Press photographer
8363,Justin,Maxwell,Male,morrisonjorge@example.org,(686)693-9925,8/1/1953,"Horticulturist, amenity"
8364,Bob,Beltran,Female,vjoyce@example.net,(596)153-2700x4723,18-11-47,Warehouse manager
8365,Marisa,Jensen,Male,herrerameagan@example.net,+1-710-687-3385x317,16-09-65,"Surveyor, minerals"
8366,Logan,Aguirre,Female,vkrause@example.net,384-968-2334x4211,28-12-31,"Geologist, engineering"
8367,Mikayla,Hood,Female,gbooker@example.org,727.583.5297,29-09-81,Diagnostic radiographer
8368,Paige,Allison,Male,bradfordamanda@example.net,(804)724-0975,30-08-87,"Production assistant, radio"
8369,Mariah,Bass,Female,dominique67@example.com,780.743.5453,12/5/1991,Chief Operating Officer
8370,Warren,Gay,Female,christine11@example.org,001-886-651-9822x50736,18-09-17,"Scientist, research (maths)"
8371,Clinton,Garcia,Male,jcarroll@example.com,420.448.5283x78043,16-08-07,"Social research officer, government"
8372,Desiree,Kane,Female,wandabishop@example.com,+1-799-925-8559x30158,10/8/1977,Illustrator
8373,Felicia,Burns,Male,dicksonterri@example.org,9875554373,28-01-88,Microbiologist
8374,Ryan,Crawford,Female,stoutgabriella@example.com,001-235-334-2476,28-11-47,Magazine journalist
8375,Kaitlyn,Henderson,Female,sosborne@example.org,475-619-6398x36036,29-05-46,Biomedical engineer
8376,Kara,French,Male,thomas55@example.com,4481854629,11/6/2005,Sports administrator
8377,Adrienne,Rangel,Female,cthomas@example.net,(995)822-0260,24-09-43,Nutritional therapist
8378,Bill,Brady,Male,noah37@example.com,306.236.4576x397,26-08-50,Scientific laboratory technician
8379,Briana,Fritz,Male,mcneildakota@example.org,(394)685-4606,27-02-59,"Education officer, museum"
8380,Brian,Stanley,Male,ariasshelia@example.net,+1-493-466-9140x3488,20-01-49,"Conservation officer, nature"
8381,Dakota,Tucker,Female,mark83@example.net,276.728.7876x095,6/5/1972,Geophysical data processor
8382,Isabel,Glenn,Female,josephtammy@example.net,306608930,29-12-18,"Conservator, furniture"
8383,Shirley,Hahn,Female,eddie48@example.org,100.641.4159x937,16-11-11,Barrister's clerk
8384,Dalton,Watkins,Female,mia96@example.org,001-183-055-4679x7087,16-02-12,Careers adviser
8385,Ellen,Castro,Male,mathisangie@example.org,001-711-3774,31-10-21,Medical secretary
8386,Donald,Rasmussen,Male,tammysimpson@example.com,5060591366,3/5/1963,Immigration officer
8387,Herbert,Oneill,Male,analove@example.com,001-067-046-1115x29682,25-08-19,Risk manager
8388,Sara,Frye,Female,doylecole@example.org,158.888.8628x874,25-09-31,"Psychologist, clinical"
8389,Mike,Austin,Male,greerbrad@example.com,580-533-9272x50789,6/11/2001,Geochemist
8390,Jade,Dominguez,Female,sarahfloyd@example.net,8056881547,31-08-80,Camera operator
8391,Anita,Velasquez,Male,manningrhonda@example.org,001-994-213-8448x6218,29-09-31,"Psychologist, occupational"
8392,Donald,Orozco,Female,ronaldduran@example.com,238-870-1490x130,9/12/2020,"Engineer, biomedical"
8393,Glen,Price,Female,shelley13@example.com,744-161-4971,11/9/1990,Charity officer
8394,Jenny,Andrade,Male,lonniegilmore@example.net,+1-896-361-5405x20251,22-07-00,Broadcast engineer
8395,Krista,Harrington,Male,allisonblake@example.net,+1-209-464-9493x15282,22-08-10,Financial controller
8396,Gene,Allen,Female,chendricks@example.com,-1661,21-05-39,Customer service manager
8397,Melissa,Serrano,Male,aolsen@example.com,+1-365-966-7906x71811,14-04-16,Air cabin crew
8398,Jerome,Roach,Male,mindykent@example.org,578-671-2360,2/2/2020,Risk manager
8399,Elijah,Barron,Female,bmonroe@example.net,204-951-1709,28-04-98,Adult guidance worker
8400,Mary,Hammond,Male,dorisdaniel@example.org,(148)009-5389,17-03-63,Risk analyst
8401,Jillian,Frye,Female,wzimmerman@example.com,-2248,7/4/1991,Theme park manager
8402,Rachel,Braun,Female,lacey66@example.org,933.156.4797x5333,1/6/1975,Exhibition designer
8403,Ray,Carroll,Male,robertofarrell@example.net,001-656-349-1377x07638,19-08-92,"Psychotherapist, dance movement"
8404,Maria,Ashley,Female,tracidavid@example.com,152-404-8854x7858,20-03-39,Naval architect
8405,Dillon,Henry,Female,strongmaxwell@example.org,001-602-149-2255x3187,8/11/2020,Forensic scientist
8406,Kerry,Briggs,Male,gsullivan@example.org,001-008-026-5974x56209,26-06-95,Corporate investment banker
8407,Theresa,Cisneros,Male,sampsonsylvia@example.org,(669)743-4548,16-06-37,Electronics engineer
8408,Rickey,Morton,Male,leonard16@example.com,(073)676-3044x896,10/2/2049,Health service manager
8409,Monique,Holder,Female,mwarren@example.com,+1-893-456-2244x29558,1/1/2020,Heritage manager
8410,April,Perkins,Male,moonjeanne@example.com,(484)910-1992,22-09-50,Hospital pharmacist
8411,Jeanne,Short,Male,john44@example.com,029.773.3311,29-12-37,Prison officer
8412,Joyce,Elliott,Female,kathleen52@example.org,+1-374-851-9678x87944,2/2/2048,"Scientist, audiological"
8413,Guy,Lawson,Female,psandoval@example.com,3324468818,24-01-89,Health and safety inspector
8414,Frances,Duncan,Male,catherinebarr@example.com,001-414-222-8730,18-10-93,Chief Financial Officer
8415,Mariah,Cook,Male,kyle92@example.com,001-333-873-2145x3073,12/10/1968,"Investment banker, operational"
8416,Nathaniel,Bonilla,Male,turnerstanley@example.com,348-904-0030,28-10-15,"Lecturer, further education"
8417,Tom,Reeves,Female,todd31@example.com,(811)392-5079x606,20-04-46,"Engineer, materials"
8418,Whitney,Freeman,Male,wlawrence@example.net,405-792-9486x22535,6/11/1976,"Surveyor, quantity"
8419,Marcus,Trevino,Female,hlivingston@example.com,024-637-6093,12/10/1967,Soil scientist
8420,Kim,Flores,Male,boltonmiranda@example.org,001-752-864-5834x105,3/7/2003,Manufacturing engineer
8421,Hannah,Reyes,Male,bernard91@example.net,001-851-660-4052,23-10-30,Leisure centre manager
8422,Theresa,Sloan,Male,spencerleach@example.com,+1-838-219-7369x0427,13-01-07,"Engineer, drilling"
8423,Kaitlin,Vincent,Female,ericksonkaitlin@example.org,(592)304-8841x95202,14-03-11,"Engineer, land"
8424,Antonio,Bruce,Female,michaelasingleton@example.net,595-633-4702,8/8/1962,Statistician
8425,Alexa,Yang,Male,ljarvis@example.org,677-976-5033x0888,22-04-00,"Development worker, international aid"
8426,James,Bryant,Female,castillostacie@example.net,542-038-9888,1/9/2040,Probation officer
8427,Janice,Park,Male,nmitchell@example.org,+1-782-708-3441x8481,29-11-21,Senior tax professional/tax inspector
8428,Virginia,English,Male,gordoncatherine@example.org,(376)403-1372,22-08-17,Retail manager
8429,Joanna,Schmitt,Male,zhangemily@example.com,623.992.6342,28-04-23,"Radiographer, therapeutic"
8430,Savannah,Herman,Female,meaganwade@example.net,001-995-628-9705x4067,23-01-45,Facilities manager
8431,Mary,Melendez,Male,lbyrd@example.com,938-156-3102x74043,20-08-50,"Therapist, music"
8432,Spencer,Olsen,Male,dawnblackwell@example.org,001-069-676-0152x70111,13-09-14,Probation officer
8433,Tammy,Figueroa,Female,hgonzalez@example.org,001-019-529-4766,31-10-42,Clinical biochemist
8434,Tim,Gamble,Male,vgardner@example.org,7765439134,16-08-90,"Production assistant, television"
8435,Gilbert,Hoffman,Male,rebeccalee@example.net,-4675,9/2/1963,Medical physicist
8436,Ralph,Bernard,Female,fernandoguzman@example.com,4735730169,29-03-01,Engineering geologist
8437,Mariah,Tucker,Female,cainmarilyn@example.org,140-563-7615x97523,22-02-05,Theatre stage manager
8438,Terry,Sellers,Female,wolfmichael@example.com,360.537.3442x64979,21-02-07,Clinical embryologist
8439,Willie,Sawyer,Female,tmcconnell@example.net,345.386.0867,26-01-79,Broadcast journalist
8440,Adrian,Santos,Male,gmoon@example.com,754-796-8654x10689,5/10/2018,Clothing/textile technologist
8441,Megan,King,Female,ehowell@example.com,(186)107-9961,2/9/1996,"Development worker, community"
8442,Michaela,Archer,Female,sbird@example.net,855-563-4759,30-03-25,Arboriculturist
8443,Jonathan,Ruiz,Male,shelleycabrera@example.org,4330985292,10/4/1970,"Investment banker, operational"
8444,Isaiah,Arellano,Male,abryan@example.com,+1-283-060-7981x18624,6/6/1987,Occupational psychologist
8445,Anthony,Vaughn,Male,hwoodard@example.org,438.113.7266,19-07-66,Minerals surveyor
8446,Marcia,Doyle,Male,sandra57@example.org,698-241-8755x6426,4/7/2021,Geographical information systems officer
8447,Cesar,Robbins,Female,hectorgarrison@example.com,594.145.9057x388,30-11-59,Air cabin crew
8448,Randy,Murray,Male,cassidy57@example.org,+1-477-966-1761x799,31-10-49,Dancer
8449,Luis,Page,Female,marciameza@example.com,+1-092-786-0258x9937,6/12/2044,Broadcast presenter
8450,Rachael,Mendoza,Female,sweeneycalvin@example.net,001-870-949-7775x6815,11/11/2000,Information systems manager
8451,Kent,Perez,Male,louisdiaz@example.com,-9357,13-11-33,"Loss adjuster, chartered"
8452,James,Miller,Male,mathewdunn@example.com,+1-953-003-4470x6736,3/2/1984,"Geologist, wellsite"
8453,Krystal,Knapp,Female,craigernest@example.org,(416)315-8472x9367,25-07-17,Geophysicist/field seismologist
8454,Chloe,Kane,Male,ponceamanda@example.net,+1-612-196-8562x10065,11/10/1984,Horticultural consultant
8455,Jeremiah,Huffman,Female,brandonjackson@example.org,213.240.7692,25-11-40,Careers adviser
8456,Dawn,Velez,Male,vrose@example.net,001-925-299-7759,1/6/2029,Corporate treasurer
8457,Luis,Barnett,Male,rpena@example.com,-6770,26-08-75,Catering manager
8458,Daniel,Schaefer,Female,suzanne37@example.com,599-414-3312x886,30-04-31,Forensic scientist
8459,Hayden,Strong,Male,audrey08@example.net,386.870.1831x7756,24-01-23,"Teacher, primary school"
8460,Nichole,Cummings,Male,kgalloway@example.net,(900)570-6664,6/7/1951,Trade mark attorney
8461,Devin,Wilcox,Male,blevinskerri@example.org,113729644,14-08-08,Location manager
8462,Neil,Monroe,Male,acasey@example.com,457-062-7345,5/9/2015,Quality manager
8463,Maureen,Alvarado,Male,frederickritter@example.com,366-495-4792,1/12/2026,"Chemist, analytical"
8464,Ronald,Ford,Female,meredithglass@example.org,9884860235,16-04-10,"Engineer, building services"
8465,Renee,Carr,Female,tricia05@example.com,+1-652-836-1163x8381,7/6/1994,Rural practice surveyor
8466,Frederick,Larson,Male,carllawson@example.org,625-906-9732x19121,28-09-24,Radio producer
8467,Martin,Schmidt,Female,cmorgan@example.net,9797316645,26-06-02,"Surveyor, planning and development"
8468,Darryl,Jacobson,Male,marshlindsay@example.net,(444)502-7947x86132,16-02-28,"Therapist, horticultural"
8469,Raven,Keller,Male,julianmorgan@example.com,001-590-917-9955x27443,22-02-21,Patent attorney
8470,Claudia,Brown,Female,bradshawcarly@example.org,001-860-465-0590,2/3/2015,Warden/ranger
8471,Dillon,Rush,Male,fordkeith@example.net,+1-747-351-8376x697,10/7/2007,International aid/development worker
8472,Lisa,Sims,Female,richardjasmine@example.com,+1-459-711-5781x263,26-07-97,Risk analyst
8473,Eugene,Maynard,Female,zmaxwell@example.net,712-063-0134x3697,11/4/1974,Government social research officer
8474,Kimberly,Skinner,Male,shamilton@example.org,(079)564-8898x847,7/2/2018,Accounting technician
8475,Theodore,Friedman,Male,ibriggs@example.org,(026)476-6253x5046,18-05-32,Social worker
8476,Erika,Galvan,Male,glenn48@example.net,260-919-4057x757,1/5/2002,"Buyer, industrial"
8477,Brooke,Russell,Female,umelendez@example.com,001-892-638-6287,17-12-98,Industrial/product designer
8478,Roy,Cordova,Female,robinsonjenna@example.org,(401)507-7518,4/8/1967,Financial controller
8479,Dylan,Andrade,Male,gary49@example.net,225.467.4781x33493,29-12-96,Logistics and distribution manager
8480,Cathy,Cobb,Male,qwarren@example.org,059.257.6795,26-06-86,Bonds trader
8481,Darius,Mitchell,Female,michaelerik@example.org,(123)156-1690x25115,9/6/1968,Industrial buyer
8482,Hunter,Fletcher,Male,hunterbarnett@example.net,474-371-4303,28-11-90,Leisure centre manager
8483,Cameron,Ho,Female,zoefrye@example.com,772-944-4078x088,30-03-48,Clinical biochemist
8484,Debra,Beltran,Female,chris77@example.com,6103992041,9/6/2009,"Psychotherapist, child"
8485,Mark,Krueger,Male,delgadolucas@example.com,+1-124-294-3869x904,26-12-09,Housing manager/officer
8486,Bianca,Schultz,Female,bstrong@example.org,001-801-317-5352x014,24-03-37,Chiropractor
8487,Monique,Keith,Female,dillonkayla@example.com,571-246-3669x00082,4/4/2032,"Loss adjuster, chartered"
8488,Danny,Avery,Female,birddevin@example.net,996-420-6005,28-06-16,"Engineer, civil (contracting)"
8489,Gabriel,Wiggins,Female,lebailey@example.net,123-682-5261x88062,26-02-36,Visual merchandiser
8490,Bernard,Berg,Female,bucktonya@example.com,(904)624-7399x77712,23-11-10,"Journalist, magazine"
8491,Sarah,Mann,Female,fmcdaniel@example.net,001-296-700-4121x233,7/3/1976,Television camera operator
8492,Jeffrey,Huber,Female,preston67@example.net,001-938-732-2105,4/10/1958,"Engineer, civil (contracting)"
8493,Jake,Walton,Male,rfranklin@example.org,9000193709,3/6/2019,Land
8494,Isaiah,Stafford,Male,sloanlindsay@example.net,(652)420-3672x204,20-06-15,"Psychologist, counselling"
8495,Christian,Huerta,Male,sonia05@example.com,+1-835-989-6297x275,18-06-66,IT sales professional
8496,Cristina,Clarke,Female,bonniedouglas@example.net,802.051.4736,31-03-93,"Investment banker, operational"
8497,Judith,Gallegos,Male,bwolf@example.com,001-556-991-6901x8799,25-10-15,Recruitment consultant
8498,Jeremiah,Murillo,Female,yangwarren@example.net,-5244,25-07-77,"Accountant, chartered public finance"
8499,Jeremiah,Graves,Male,goodmanreginald@example.com,(148)627-8808x747,24-06-38,"Clinical scientist, histocompatibility and immunogenetics"
8500,Christian,Rogers,Male,lambertmakayla@example.net,825-123-8941,12/11/2047,Stage manager
8501,Roberta,Castro,Male,gardnerstacie@example.net,142-192-6860x2941,1/3/2036,Film/video editor
8502,Vickie,Scott,Female,marievasquez@example.com,8334286467,11/2/2005,Clinical cytogeneticist
8503,Adam,Montoya,Male,ppotts@example.com,793.437.2616,12/9/1978,Field seismologist
8504,Curtis,Arias,Female,darius08@example.org,+1-227-312-2736x4908,6/4/2010,Bonds trader
8505,Karl,Spence,Female,swilkerson@example.net,001-893-702-5185,9/4/1985,Air cabin crew
8506,Nichole,Esparza,Female,edwin78@example.org,(303)970-0570x548,15-04-61,Marine scientist
8507,Jeffery,Pennington,Female,zwalters@example.org,316-214-3946x727,2/1/2013,Exhibition designer
8508,Lance,Hanna,Male,rcardenas@example.com,2819857141,5/7/2014,Government social research officer
8509,Stacy,Hess,Female,cbarnett@example.com,001-597-437-6364x293,13-10-57,Public affairs consultant
8510,Kristine,Todd,Male,jburton@example.com,868.179.3729x824,23-05-00,"Nurse, adult"
8511,Hannah,Arellano,Male,mitchell97@example.com,015-946-9498,6/11/2027,Analytical chemist
8512,Robin,Park,Female,alexandria82@example.net,8826714177,30-10-80,Herpetologist
8513,Kristen,Mckenzie,Female,veverett@example.com,001-675-393-6765x95899,15-09-95,"Education officer, environmental"
8514,Caroline,Newton,Female,mcbridejermaine@example.net,5901953568,9/6/1974,Contracting civil engineer
8515,Mckenzie,French,Female,lfoley@example.org,864.798.9594,4/3/2046,English as a foreign language teacher
8516,Janice,Lindsey,Male,mbarnett@example.com,+1-914-939-4236x519,16-01-71,Legal executive
8517,Cristina,Mckinney,Female,szuniga@example.org,708.731.9207x4612,27-06-08,Secretary/administrator
8518,Alvin,Strong,Male,jasonhull@example.com,209-792-8951x2047,2/3/1967,"Biochemist, clinical"
8519,Dwayne,Vance,Female,nmoreno@example.org,001-714-433-5692x3861,1/6/1974,"Engineer, technical sales"
8520,Sophia,Hahn,Male,dunlapkirk@example.com,001-557-364-0211x4555,27-10-40,Homeopath
8521,Marco,Miller,Female,joanne33@example.org,172.621.1953,20-12-47,Stage manager
8522,Jenny,Eaton,Female,ralphmercado@example.org,(310)070-1336,16-09-29,Financial controller
8523,Patty,Ewing,Male,sheparddavid@example.net,333.505.7917,13-08-03,Air broker
8524,Phillip,Stanley,Female,howardlawson@example.org,786-330-7080x3801,20-12-05,"Scientist, product/process development"
8525,Jim,Graham,Male,orozcostefanie@example.net,+1-861-177-9769x75186,19-11-14,Emergency planning/management officer
8526,Mia,Smith,Male,hartgabriella@example.org,384-520-6924,22-04-60,Brewing technologist
8527,Sue,Tapia,Female,paynekylie@example.com,7849489401,19-11-19,Forensic scientist
8528,Anthony,Cervantes,Male,rhodescarrie@example.net,261-262-3690x092,17-08-01,"Engineer, electronics"
8529,Kristen,Malone,Male,kdrake@example.net,626.599.6812x7245,31-08-68,"Nurse, learning disability"
8530,Dakota,Bradshaw,Female,kanediana@example.com,209-750-2638,14-10-11,"Programmer, applications"
8531,Edgar,Tran,Male,dyerjanice@example.com,(359)886-5166x1642,18-07-02,"Psychologist, clinical"
8532,Mike,Bullock,Female,martha95@example.org,+1-922-807-3113x8087,31-12-86,Purchasing manager
8533,Jamie,Wood,Male,bvincent@example.net,129.283.1257,5/11/1951,Higher education lecturer
8534,Nancy,Sharp,Male,yshelton@example.org,234.630.3948x966,7/8/1977,Mental health nurse
8535,Kristi,Boyd,Male,aliciaking@example.org,(614)050-9335x5994,27-10-34,Exhibition designer
8536,Russell,Carlson,Female,francesramsey@example.com,755.153.1655,13-09-16,Ergonomist
8537,Carly,Costa,Female,russellbernard@example.org,466.641.9081x07222,26-02-38,Veterinary surgeon
8538,Gabriella,Salazar,Male,chase87@example.org,001-260-614-0138,15-05-11,Child psychotherapist
8539,Penny,Higgins,Male,smallcole@example.com,667.293.6193,6/6/1975,Fine artist
8540,Tina,Mitchell,Female,bblanchard@example.org,(074)025-6671x52518,8/5/2004,Fisheries officer
8541,Garrett,Mcclain,Male,margaret27@example.com,(149)821-5563x7821,6/8/1954,Secretary/administrator
8542,Joshua,Cuevas,Female,wellsfelicia@example.com,747.527.6786,23-03-95,Museum/gallery exhibitions officer
8543,Devon,Haynes,Female,yrose@example.net,704.246.7318x64506,3/5/1966,Forensic scientist
8544,Kenneth,Carlson,Female,howardwu@example.org,095-888-8691,2/7/1985,Theme park manager
8545,Samantha,Hamilton,Female,kjenkins@example.net,3236997498,2/6/2025,"Nurse, adult"
8546,Susan,Simpson,Male,tateryan@example.net,900.826.4731x223,19-02-64,"Radiographer, therapeutic"
8547,Terrence,Bradley,Female,cmichael@example.org,001-209-124-4177x86894,10/11/2044,Pensions consultant
8548,Jon,Matthews,Female,gavinvalentine@example.net,792-569-6563x77706,5/8/2020,Furniture conservator/restorer
8549,Kathleen,Sexton,Female,virginiadalton@example.com,524-002-7647,27-09-78,"Horticulturist, commercial"
8550,Kevin,Benjamin,Female,kelleyernest@example.org,6876735278,8/7/1966,Cartographer
8551,Wesley,Mills,Male,sherriclements@example.net,-2836,22-12-47,"Education officer, environmental"
8552,Glen,Sheppard,Male,mcarter@example.com,289-966-4017x75765,12/4/1971,Adult guidance worker
8553,Ariana,Navarro,Male,maytheresa@example.org,343-770-6761x246,26-06-34,Social worker
8554,Heather,Maxwell,Female,gordonpriscilla@example.com,(895)205-6168,21-08-07,"Editor, magazine features"
8555,Eddie,Joyce,Female,robinsonclaudia@example.net,606-295-5287,24-01-08,Theme park manager
8556,John,Edwards,Male,thancock@example.com,001-223-700-2319,8/2/2009,Camera operator
8557,Connor,Booth,Female,barry48@example.com,001-830-523-2370x286,16-09-13,Research scientist (life sciences)
8558,Shelley,Adkins,Male,dgates@example.net,(019)934-5483,12/10/2020,"Therapist, sports"
8559,Erik,Harvey,Female,yangjo@example.org,+1-850-199-2134x441,27-06-03,Public relations officer
8560,Morgan,Reid,Female,christine06@example.net,001-143-923-1436x5276,7/12/1960,Commissioning editor
8561,Dominic,Harding,Male,mariemclean@example.net,+1-795-346-9583x128,17-01-50,Exhibition designer
8562,Allison,Kemp,Male,aguirrejoseph@example.com,001-526-443-3752,4/11/2022,Insurance risk surveyor
8563,Dennis,Rivas,Male,zdudley@example.org,332-747-0912x803,18-09-07,Ecologist
8564,Katrina,Henderson,Female,isabel51@example.org,(629)608-3406x349,23-07-90,Data scientist
8565,Tommy,Drake,Female,kelli64@example.org,(228)516-5858x9076,12/7/1987,Dentist
8566,Karl,Taylor,Female,rleblanc@example.net,065-108-9903x4505,2/4/1977,"Horticulturist, amenity"
8567,Jay,Maxwell,Female,ricardo87@example.net,910.973.2977x597,7/12/2005,Theme park manager
8568,Phyllis,Rogers,Female,dbenson@example.com,001-575-857-8710x254,2/4/2024,Research scientist (maths)
8569,Juan,Mcbride,Female,lisa65@example.org,681.576.9621x46294,21-02-95,Wellsite geologist
8570,Latoya,Morse,Female,zhanna@example.net,+1-737-804-1562x7912,8/1/1997,Technical sales engineer
8571,Kayla,Serrano,Male,barreraleon@example.net,(306)616-3959x7223,15-12-94,Holiday representative
8572,Clarence,Mccormick,Female,graveskyle@example.com,(927)948-1341x34215,23-03-58,"Engineer, manufacturing"
8573,Karl,Mclean,Male,hsexton@example.com,568.667.3458x908,18-02-26,"Surveyor, hydrographic"
8574,Erik,Butler,Male,shaneenglish@example.com,001-406-853-2884x80921,18-11-52,Animator
8575,Natasha,Craig,Female,doris15@example.net,140.599.5639x96920,9/5/1962,Sub
8576,Kayla,Trevino,Female,shirley99@example.org,751-002-3110,15-04-10,Facilities manager
8577,Bill,Leon,Male,webbleah@example.net,048-145-5985x0769,6/6/2014,Animal technologist
8578,Caroline,Hickman,Male,apowell@example.org,109-908-4902,6/3/1995,Adult guidance worker
8579,Ariana,Evans,Female,jeanettemontgomery@example.net,+1-631-756-0795x31426,22-06-71,Textile designer
8580,Tammy,Velez,Male,mcculloughlee@example.com,9700815870,4/9/1975,"Education officer, museum"
8581,Drew,Pearson,Female,brian85@example.net,087-923-5617x88300,5/1/1997,Technical sales engineer
8582,Eugene,Rasmussen,Female,okramer@example.net,031-010-1497,15-12-42,"Surveyor, building control"
8583,Judith,Dudley,Male,mathew28@example.net,142.565.3111x243,16-10-06,"Optician, dispensing"
8584,Courtney,Castro,Female,haileyphelps@example.com,387.852.7115,11/8/2038,Industrial buyer
8585,Adrienne,Parsons,Female,janice72@example.com,785-395-4377,27-07-98,"Lecturer, further education"
8586,Mark,Wiggins,Male,sbarron@example.net,(823)213-3669,2/4/2049,Soil scientist
8587,Bryce,Whitaker,Female,kcuevas@example.com,(814)778-3445x157,21-08-13,Personnel officer
8588,Eddie,Drake,Female,laurie54@example.org,294.123.8874,7/11/2000,"Loss adjuster, chartered"
8589,Malik,Frost,Male,oblack@example.org,(412)359-7748,31-05-16,"Surveyor, planning and development"
8590,Jimmy,Mcmillan,Male,rickywoods@example.org,001-157-850-6017x120,5/3/1976,Glass blower/designer
8591,Mary,Willis,Female,ruizcaroline@example.org,7728175819,26-05-56,"Engineer, maintenance (IT)"
8592,Tristan,Benitez,Male,cristina08@example.org,(840)521-5046x82344,15-08-91,"Engineer, production"
8593,Martha,Adams,Male,pacecynthia@example.net,9954762229,5/10/2010,Counsellor
8594,Jorge,Blanchard,Female,randysanford@example.net,997.612.2001x5833,2/9/1985,Advertising copywriter
8595,Cynthia,Fletcher,Female,hayleycannon@example.net,-2409,19-12-35,"Engineer, technical sales"
8596,Evan,Johnston,Female,burgesspaige@example.com,(765)570-1056,26-05-35,Youth worker
8597,Jordan,Hatfield,Male,pam21@example.net,001-630-418-7383x73592,7/6/2011,"Engineer, energy"
8598,Eddie,Kline,Female,odomtara@example.net,(092)578-3008x8133,30-04-79,Public librarian
8599,Charlene,Hanna,Male,caitlinhuffman@example.com,9700759719,26-02-24,Furniture conservator/restorer
8600,Melissa,Mcdowell,Male,sonyamontes@example.org,5472270202,16-11-46,Primary school teacher
8601,Brandi,Barber,Male,alex98@example.net,471074963,8/9/2022,Phytotherapist
8602,Jordan,Dalton,Male,danielwong@example.net,(963)219-1370x47180,17-02-59,Comptroller
8603,Joyce,Fritz,Male,rhonda69@example.net,(086)194-9713x59663,9/9/2004,Psychiatrist
8604,Alexis,Kemp,Male,markssamantha@example.net,102-224-1109x52049,6/8/1970,Environmental education officer
8605,Dale,Fischer,Male,katelynblair@example.com,114.288.2379,2/10/2018,Engineering geologist
8606,Keith,Bishop,Male,francesyoung@example.com,753.316.5352,8/4/1967,"Secretary, company"
8607,Bridget,Flowers,Male,sullivanleslie@example.com,477.979.1118x1457,10/12/1969,"Nurse, learning disability"
8608,Mathew,Benson,Female,dnixon@example.org,(078)745-4338x0161,27-10-60,Insurance account manager
8609,Kristi,Howard,Female,bkerr@example.com,001-084-536-4135x81373,11/1/2020,"Designer, graphic"
8610,Catherine,Landry,Female,tracieluna@example.org,+1-122-513-3031x4613,18-02-36,Heritage manager
8611,Keith,Trevino,Male,vernonbeasley@example.net,4157185367,4/1/2015,Freight forwarder
8612,Diane,Wu,Female,dosborn@example.com,001-497-884-0852,7/3/1958,"Doctor, hospital"
8613,Bill,Barrera,Male,bhodges@example.net,581.001.8106,5/4/1963,Games developer
8614,Tracie,Bradford,Female,velasquezmaureen@example.com,+1-014-256-2300x328,9/4/2016,Private music teacher
8615,Ariana,Atkins,Female,terrymelinda@example.net,4296384046,2/6/1991,Air broker
8616,Suzanne,Gill,Female,shelia01@example.net,+1-493-745-5026x57929,27-05-64,"Therapist, nutritional"
8617,Pedro,Ford,Female,jacob51@example.com,(702)793-4953x34362,15-01-47,"Scientist, forensic"
8618,Erik,Martinez,Female,clayton96@example.org,885-034-1245,8/11/2011,Agricultural consultant
8619,Jodi,Weiss,Female,esnow@example.org,+1-848-277-2064x34217,28-02-04,Systems developer
8620,Robyn,Fritz,Male,lee59@example.org,(145)020-6490,6/10/2008,"Radiographer, diagnostic"
8621,Nancy,Norton,Male,kleon@example.org,573-863-1443,24-06-63,"Civil engineer, consulting"
8622,Riley,Bradshaw,Male,kristy75@example.org,001-779-310-0397x5831,5/10/2008,Textile designer
8623,Sheryl,Hanson,Male,danielscameron@example.com,(510)904-3901x3775,20-06-42,"Psychologist, clinical"
8624,Roberta,Chan,Female,mannzachary@example.net,542-973-3620x2977,16-04-41,Ergonomist
8625,Kurt,Cabrera,Female,melanie81@example.org,696-167-4501x359,3/9/2027,Toxicologist
8626,Ian,Oneill,Female,helenarellano@example.com,840.438.0624,30-07-29,IT sales professional
8627,Marilyn,Aguilar,Male,ernestali@example.net,001-047-350-7023x569,19-11-15,Social researcher
8628,Candice,Neal,Female,perry36@example.org,974.328.7259x7298,13-01-01,Consulting civil engineer
8629,Amber,Key,Male,jeffreycummings@example.com,328094748,11/7/1970,Catering manager
8630,Cheryl,Shannon,Female,hosydney@example.com,(781)876-5069,12/9/1962,Copy
8631,Mary,Hull,Male,shawn30@example.net,+1-504-183-4631x459,14-05-54,Forensic scientist
8632,Debbie,Mcknight,Female,melanie37@example.com,289-702-7758,6/3/1952,Environmental consultant
8633,Heather,Bradshaw,Female,barrymiles@example.com,218.458.9675,21-09-39,Higher education careers adviser
8634,Gina,Mayo,Male,castanedaheidi@example.net,(448)879-9977,19-10-98,Facilities manager
8635,Jose,Spencer,Male,jeanne67@example.org,(745)073-4263x307,9/12/2045,Financial adviser
8636,Lee,Vega,Female,wesley43@example.net,001-570-806-1082,9/6/2026,Building surveyor
8637,Matthew,Soto,Female,zrodriguez@example.com,313.356.9233x6019,12/11/1976,Building services engineer
8638,Adam,Fitzpatrick,Male,grantfarrell@example.net,+1-941-021-0076x433,28-02-04,Therapeutic radiographer
8639,Kurt,Ingram,Female,alyssabray@example.com,4475163394,25-09-70,"Engineer, maintenance"
8640,Kathryn,Hayden,Female,seanmercer@example.com,001-417-136-6739x1809,30-01-80,Geographical information systems officer
8641,Logan,Winters,Female,grodgers@example.com,(475)532-4166,1/4/1957,"Scientist, audiological"
8642,Mitchell,Crosby,Female,radams@example.org,001-086-509-1273x2041,18-07-62,"Teacher, English as a foreign language"
8643,Jake,Johnson,Female,woodssavannah@example.com,+1-091-538-0454x675,2/8/1999,Merchant navy officer
8644,Madison,Carrillo,Male,desiree93@example.org,(508)176-6107x5299,2/11/2009,Agricultural consultant
8645,Todd,Mcdaniel,Male,garzaholly@example.net,001-681-684-3229x174,28-11-53,"Copywriter, advertising"
8646,Luis,Mcgrath,Male,robertoneal@example.com,701.206.0381x992,5/8/2019,Textile designer
8647,Charlotte,Hopkins,Male,jessicahenry@example.org,669-001-9862x0765,11/9/2014,"Solicitor, Scotland"
8648,Isabel,Graham,Male,ninabradford@example.com,(194)889-3561x8714,29-08-66,"Education officer, environmental"
8649,Adam,Richardson,Female,zellison@example.net,(820)598-1591,6/9/2045,Ecologist
8650,Joshua,Horton,Female,neil62@example.org,564.777.0731,8/2/1957,Neurosurgeon
8651,Priscilla,Roth,Female,kevinprice@example.com,+1-042-395-0886x522,21-12-95,Fashion designer
8652,Pamela,Dickson,Female,cmann@example.org,760.388.1698,24-02-77,"Engineer, electrical"
8653,Nicolas,Beck,Male,barryrenee@example.com,+1-838-055-5108x568,2/2/2018,"Engineer, drilling"
8654,Alexis,Lester,Female,josephsantana@example.com,799-369-8720x20754,30-11-12,"Horticulturist, commercial"
8655,Caleb,Salas,Female,yfloyd@example.org,100-870-7007,16-07-12,"Civil engineer, contracting"
8656,Elizabeth,Shannon,Male,patty81@example.net,519-892-0764x70145,20-11-39,Management consultant
8657,Marcia,Trujillo,Female,douglasholden@example.com,(876)384-0836x51416,24-04-26,"Pharmacist, hospital"
8658,Isaiah,Pruitt,Female,robertsonadam@example.com,426-659-9117x552,15-06-56,Retail manager
8659,Marie,Abbott,Female,valenzuelamelinda@example.com,(317)533-4439,18-11-78,Agricultural consultant
8660,Marcus,Spence,Female,darrellnash@example.net,+1-668-450-8414x079,27-02-74,"Engineer, mining"
8661,Gregory,Banks,Male,nicholeortega@example.net,704.753.1992x664,19-08-51,Counsellor
8662,Nichole,Frye,Female,kimberly97@example.com,683.900.2630x755,10/4/2037,Hydrologist
8663,Shelly,Ayala,Female,beasleygwendolyn@example.net,(307)640-9714,7/4/1983,"Editor, commissioning"
8664,Becky,Horn,Female,kent01@example.com,(944)513-9582,25-05-38,Camera operator
8665,Brittany,Frank,Male,molinacathy@example.com,325-282-1268x1540,8/4/2041,Learning mentor
8666,Parker,Mcneil,Male,anthonysaunders@example.net,073.682.6481,14-01-33,International aid/development worker
8667,Ruben,Schwartz,Female,mcdanieldebra@example.com,-1514,24-05-01,"Chemist, analytical"
8668,Erin,Bryant,Male,colleen49@example.org,(143)639-5803x4043,4/11/2043,Multimedia programmer
8669,Susan,Mendez,Male,brettlawrence@example.net,560-393-8671x17439,1/12/2016,Ophthalmologist
8670,Wanda,Barajas,Female,elainehartman@example.org,001-668-632-3548x21756,25-06-62,Higher education lecturer
8671,Tasha,Mccann,Female,bruce58@example.org,001-444-867-5816x793,16-11-57,Mining engineer
8672,Lynn,Carlson,Female,hofranklin@example.com,001-892-484-9275x2509,24-08-07,"Designer, fashion/clothing"
8673,Diane,Mccullough,Female,lhatfield@example.com,493.543.1439x7859,15-01-68,Sales executive
8674,Warren,Proctor,Male,nathan93@example.com,001-187-505-9737,6/6/2036,English as a second language teacher
8675,Cheryl,Zavala,Female,jenna44@example.net,(452)498-9854,14-05-19,"Lecturer, higher education"
8676,Ariel,Finley,Female,nbright@example.org,(838)407-6698,9/5/2032,"Engineer, electronics"
8677,Kenneth,Frost,Male,hunterolsen@example.com,(992)820-5789,20-12-72,Heritage manager
8678,Breanna,Martin,Female,steven19@example.org,+1-013-837-0336x295,25-08-58,Therapeutic radiographer
8679,Belinda,Rogers,Female,tristan52@example.com,+1-025-082-7775x35580,21-05-60,Commercial art gallery manager
8680,Jodi,Griffith,Female,mitchellvanessa@example.com,539-772-1060,22-12-76,"Surveyor, rural practice"
8681,Jeff,Richardson,Male,donna26@example.net,696-779-9564,3/11/1958,Probation officer
8682,Tommy,Gill,Male,balljennifer@example.net,001-136-600-2156x333,26-03-47,Pension scheme manager
8683,Isabel,Clayton,Female,bchapman@example.com,+1-804-669-9340x039,9/4/2042,Sports therapist
8684,Kara,Moon,Female,yshah@example.org,-5655,18-07-40,Sports coach
8685,Andrew,Murray,Male,kbooker@example.com,001-560-035-2296x309,1/4/2043,"Doctor, general practice"
8686,Cesar,Arroyo,Female,otucker@example.org,021.644.3867,17-03-35,Information systems manager
8687,Kellie,Villegas,Female,russellcurtis@example.com,9470733206,28-04-91,"Accountant, chartered public finance"
8688,Franklin,Montgomery,Female,claudiapugh@example.org,001-028-618-2652x67328,11/9/2030,"Therapist, art"
8689,Sonya,Andrews,Male,jacksonmcintosh@example.net,186.563.4457x431,20-07-58,"Scientist, research (maths)"
8690,Sylvia,Duarte,Male,sandy48@example.net,(844)972-6482,18-11-90,Sports coach
8691,Derrick,Le,Male,whitneybriana@example.net,+1-366-595-3961x77773,8/12/2047,Media planner
8692,Eric,Williamson,Male,aliciabeck@example.org,001-623-284-9195x293,31-07-38,Patent examiner
8693,Diane,Berger,Female,frankcharles@example.net,(942)350-1910x293,9/1/1984,Field trials officer
8694,Rebecca,Woodward,Female,vnelson@example.net,+1-668-477-8886x4177,18-01-46,Trade union research officer
8695,Briana,Brady,Female,zhorton@example.org,418-319-5182x92651,14-02-04,Dietitian
8696,Madeline,Goodwin,Female,hunteralan@example.net,597.850.3414x48133,31-12-06,Professor Emeritus
8697,Benjamin,Santiago,Female,edwinclark@example.org,494-787-7762,18-04-91,Chartered accountant
8698,Natasha,Rodriguez,Male,kurt49@example.net,(175)036-0438x78486,21-08-43,Financial manager
8699,Bob,Chambers,Female,cesarmolina@example.org,490.894.4856x8494,15-06-02,Physiological scientist
8700,Monica,Lee,Male,isabella79@example.net,001-862-925-8235x16835,8/7/2015,"Civil engineer, consulting"
8701,Deanna,Blackwell,Female,crystalharrell@example.net,001-877-771-1386x583,30-04-47,Web designer
8702,Ian,Terrell,Male,christy28@example.com,315.396.2439x79635,1/2/2014,Environmental health practitioner
8703,Chloe,Barajas,Male,gmullen@example.org,001-719-929-1069x292,21-08-38,Air broker
8704,Carl,Reyes,Female,lorettahahn@example.net,333.732.7968x415,31-10-95,Retail manager
8705,Bryce,Stanton,Female,katelyn42@example.org,(973)088-4635x5046,17-09-43,Chief Strategy Officer
8706,Parker,Barnes,Male,hkaufman@example.com,005.268.2975,30-01-76,Armed forces logistics/support/administrative officer
8707,Isabella,Glass,Male,amberball@example.org,(558)629-4784x55925,24-02-06,Holiday representative
8708,Franklin,Tapia,Female,eugene16@example.org,-4511,26-09-03,Environmental health practitioner
8709,Rickey,Fernandez,Male,gloriajacobs@example.net,032-882-1617x56047,12/5/2016,Secretary/administrator
8710,Shelby,Bernard,Male,alyssa08@example.org,(744)598-6473x6819,28-09-88,Drilling engineer
8711,Katie,Levy,Female,cynthiajoyce@example.net,796-002-6388,13-05-92,Wellsite geologist
8712,Elijah,Anderson,Male,kurtromero@example.org,(844)236-8235x2521,7/6/2032,Visual merchandiser
8713,Alvin,Cameron,Male,psims@example.net,001-298-099-1591,30-07-05,Energy engineer
8714,Logan,Ingram,Male,jenny39@example.net,271-672-0105x023,16-04-38,Aid worker
8715,Chelsea,Lamb,Female,wcuevas@example.com,653.009.9524x266,8/10/2027,"Radiographer, diagnostic"
8716,Karla,Hayden,Female,markescobar@example.net,851-342-4587,5/9/2010,Automotive engineer
8717,Charlotte,Joseph,Male,baldwinchristine@example.net,(209)326-9364x234,27-04-39,Neurosurgeon
8718,Benjamin,Flowers,Female,dan01@example.com,+1-661-369-6873x36386,30-11-01,Retail merchandiser
8719,Dylan,Tate,Female,dawnschmitt@example.org,001-216-273-0257x30420,11/12/2030,"Designer, blown glass/stained glass"
8720,Kathleen,Shah,Male,tmaldonado@example.com,+1-354-557-9515x13998,27-11-52,Museum education officer
8721,Jacob,Gates,Male,eugene99@example.net,723.276.3513x4478,11/8/2034,Commercial art gallery manager
8722,Omar,Lawrence,Male,oochoa@example.org,254.927.9229x770,19-02-77,Hospital doctor
8723,Tammy,Morton,Male,sluna@example.net,127-860-2927x917,8/8/2049,"Producer, television/film/video"
8724,Dawn,Carter,Female,llamb@example.com,412-475-2167,30-11-64,Cabin crew
8725,Tonya,Lawrence,Female,brooksparker@example.com,001-184-011-5749x650,31-07-79,Dancer
8726,Brenda,Mahoney,Female,shane73@example.org,+1-585-195-5381x37312,9/7/2039,Accounting technician
8727,Leah,Conley,Female,pricekarl@example.com,424.184.0647x474,15-01-07,"Designer, interior/spatial"
8728,Ethan,Bradford,Male,wisedevon@example.org,572.882.7127x27774,19-06-80,Chartered public finance accountant
8729,Roberto,Torres,Female,jennagould@example.com,9456580251,12/10/1967,"Psychotherapist, dance movement"
8730,Robert,Manning,Male,biancaadams@example.org,001-417-612-0906,3/5/2026,Materials engineer
8731,Dorothy,Charles,Male,olevy@example.org,001-064-895-8310x28883,13-05-11,Contracting civil engineer
8732,Daisy,Merritt,Female,tcrane@example.org,760.263.8581x806,26-06-18,"Engineer, electrical"
8733,Rodney,Haley,Female,barry99@example.org,(019)544-1073,31-08-75,"Scientist, research (medical)"
8734,Julia,Ewing,Male,dbolton@example.com,460-757-5481x93366,19-03-00,Fashion designer
8735,Rachael,Munoz,Female,jasmine70@example.net,001-503-963-3603,5/4/1957,English as a second language teacher
8736,Dennis,Caldwell,Male,curtiskey@example.com,902.283.7088,18-07-43,Ceramics designer
8737,Travis,Banks,Female,zgraves@example.org,001-806-350-3620x3760,2/3/1979,Magazine journalist
8738,Gina,Villegas,Female,sherihaynes@example.org,145-619-6574x626,10/5/1961,Armed forces technical officer
8739,Kerry,Norman,Female,ahorn@example.net,001-697-517-3891x496,19-06-20,Police officer
8740,Jodi,Dixon,Male,sandy75@example.org,(711)739-7059x974,26-06-56,Geoscientist
8741,Cynthia,Davis,Female,qbriggs@example.com,-1276,23-03-23,Tour manager
8742,Jean,Lewis,Male,chelseacarr@example.com,001-208-225-3506x431,4/2/2010,Airline pilot
8743,Ernest,Odom,Female,jimenezlindsay@example.com,001-707-640-9754x815,20-02-35,Risk manager
8744,Dwayne,Webb,Male,misty57@example.org,(558)276-7191x23129,8/9/1970,"Psychologist, clinical"
8745,Jake,Salinas,Female,katrina99@example.com,032.208.7605x75867,5/8/1986,Financial adviser
8746,Ashley,Escobar,Male,livictor@example.net,(801)332-0223,10/4/2013,Historic buildings inspector/conservation officer
8747,Stephen,Melendez,Female,aortega@example.org,696.418.9016x0368,18-05-08,Medical secretary
8748,Whitney,Hooper,Male,bradley19@example.org,8309207523,28-12-28,Agricultural engineer
8749,Katelyn,Ponce,Female,lindahansen@example.com,761-327-5543,16-06-15,Conference centre manager
8750,Gene,Whitaker,Female,flowersmalik@example.com,655.330.2157x243,20-02-90,"Radiographer, therapeutic"
8751,Kim,Potter,Female,elaine24@example.com,+1-448-919-8866x2160,25-04-22,Air cabin crew
8752,Bob,Sullivan,Female,yramos@example.com,001-758-121-2179x07754,13-07-52,Glass blower/designer
8753,Makayla,Noble,Male,audreystrong@example.net,726.893.3992,25-12-29,Race relations officer
8754,Paula,Townsend,Female,wkrause@example.com,001-434-610-2908,27-04-00,Ship broker
8755,Stanley,Patel,Female,jillian92@example.org,580.788.9687x9812,17-01-20,Regulatory affairs officer
8756,Justin,Franco,Male,osbornsonia@example.com,001-019-725-6777x43592,15-03-79,Office manager
8757,Stanley,Maynard,Female,figueroachloe@example.org,(471)412-8977x21265,8/3/2035,Paediatric nurse
8758,Spencer,Yates,Male,gswanson@example.org,336.609.0703,11/9/2021,"Psychotherapist, dance movement"
8759,Katrina,Schneider,Male,francesnewman@example.org,-7948,15-01-52,Toxicologist
8760,Jackson,Luna,Female,riveraroberta@example.net,133-020-7669,28-05-85,"Therapist, art"
8761,Samuel,Parks,Male,gonzalezadam@example.com,001-197-995-3154x516,24-02-84,Barista
8762,Jake,Koch,Male,annacook@example.com,(512)918-5692x2044,1/12/1980,Veterinary surgeon
8763,Judy,Short,Male,rojassamuel@example.org,180-890-8846x026,8/10/1970,Research scientist (maths)
8764,Tonya,Hayes,Male,lunaashley@example.org,999.973.1354x75534,26-02-44,Planning and development surveyor
8765,Joann,Waller,Female,chadtrevino@example.net,001-440-126-4626,9/9/2009,Insurance broker
8766,Leroy,Jenkins,Female,vazquezcynthia@example.com,156-198-7474x835,11/2/2019,Archaeologist
8767,Cesar,Richardson,Male,shelby22@example.org,808.295.9082,6/11/1975,Ophthalmologist
8768,Sue,Weiss,Male,mklein@example.com,-4426,27-05-24,Politician's assistant
8769,Abigail,Hess,Male,blakebond@example.com,(762)249-8842x1821,9/8/1995,Barista
8770,Cheryl,Patterson,Female,carrie16@example.com,+1-950-670-9314x624,21-02-62,Financial controller
8771,Shirley,Harrison,Male,jamie42@example.org,(684)209-2403x4282,6/3/1976,Office manager
8772,Bobby,Brooks,Female,shelby65@example.net,719-814-7826,18-12-37,"Accountant, chartered management"
8773,Alan,Burnett,Male,woodmelissa@example.com,+1-377-775-6296x65511,22-10-33,Herpetologist
8774,Patrick,Haynes,Male,baxterrachel@example.org,+1-620-978-2882x942,10/6/1980,Community arts worker
8775,Arthur,Haas,Male,alexandria25@example.net,+1-795-000-4406x91559,8/9/1975,Economist
8776,Cesar,Jarvis,Male,jade22@example.net,(410)438-7434,5/12/2049,Passenger transport manager
8777,Dominic,Vasquez,Female,sharon42@example.net,+1-470-684-0286x254,24-08-13,Network engineer
8778,Patricia,Casey,Male,suzanne25@example.org,(790)590-5667x98278,20-05-98,Advertising account planner
8779,Alejandro,Woods,Male,brucemelody@example.net,(244)792-8784x4728,13-10-06,Archivist
8780,Ethan,Snyder,Male,vickie73@example.net,6217828323,28-09-53,"Embryologist, clinical"
8781,Kathryn,Sullivan,Female,priscillanicholson@example.com,350-859-4177,13-08-23,"Engineer, building services"
8782,Evelyn,Walsh,Female,timmurphy@example.net,422.749.7559x2175,4/6/2045,Film/video editor
8783,Darrell,Galvan,Female,bonillamarcus@example.net,870.093.2518,10/9/2041,Occupational psychologist
8784,Benjamin,Boyle,Female,coreynorman@example.org,(963)229-6764,14-05-12,Careers information officer
8785,Don,Colon,Male,sheena53@example.net,405.123.1907,6/10/1972,Herpetologist
8786,Lindsey,Kane,Female,esolomon@example.org,501-696-9223x265,16-01-21,Multimedia programmer
8787,April,Watkins,Female,jasmineallen@example.org,001-914-133-9183x2729,27-11-04,Ship broker
8788,Kent,Nguyen,Male,nhayden@example.com,(258)850-1775x674,17-06-59,Pensions consultant
8789,Erin,Munoz,Female,jenna63@example.org,515-153-7657x846,23-02-58,Engineering geologist
8790,Brandy,Casey,Male,leroy49@example.com,+1-541-013-6162x5542,13-02-35,"Surveyor, minerals"
8791,Bianca,Costa,Male,dennis95@example.com,001-755-339-4579x1929,5/10/2018,Corporate treasurer
8792,Krystal,Hester,Male,megancantu@example.org,818-458-3281x64812,27-08-86,Clinical biochemist
8793,Earl,Fields,Female,kevin85@example.com,001-028-813-0915x42049,22-07-79,Health and safety adviser
8794,Anthony,James,Female,robert43@example.org,001-276-211-0531x14779,18-07-84,IT sales professional
8795,Julia,Glover,Male,teresadunlap@example.org,987.682.2834x251,1/4/1971,Clinical research associate
8796,Chad,Yates,Female,sherry42@example.com,(785)383-0511x3347,29-04-85,"Doctor, hospital"
8797,Doris,Douglas,Female,iwarren@example.com,(507)785-5282x622,11/7/2021,"Surveyor, quantity"
8798,Brady,Bauer,Female,chad69@example.net,-8320,26-02-35,"Therapist, drama"
8799,Melanie,George,Male,roberta92@example.org,(589)240-5677x129,10/11/2030,Systems developer
8800,Billy,Kirby,Female,amberbarry@example.net,045.392.0785,20-08-76,"Chemist, analytical"
8801,Karen,Stephenson,Female,luke11@example.com,001-013-976-9409,6/9/1999,Industrial buyer
8802,Carl,Andersen,Male,sylviachaney@example.com,(594)297-6583,17-09-50,"Journalist, magazine"
8803,Kevin,Russo,Male,qmathews@example.com,+1-572-088-9471x7281,15-02-73,Hydrologist
8804,Max,Cross,Male,wallaceapril@example.org,001-565-055-0643x1623,19-03-08,Barista
8805,Tamara,Carter,Male,woodwardregina@example.com,(469)751-6511,6/2/1967,Ceramics designer
8806,Tiffany,Gamble,Female,meredith97@example.net,001-338-005-7470,1/2/2023,Air cabin crew
8807,Jocelyn,Acosta,Female,summer01@example.net,001-542-840-3704x57811,29-05-86,Careers adviser
8808,Brandi,Bryan,Female,alec87@example.org,520.318.9614,20-05-20,"Optician, dispensing"
8809,Gilbert,Duke,Female,sheltonheidi@example.org,+1-495-217-9749x4096,6/3/1988,Professor Emeritus
8810,Rhonda,Colon,Male,tguerrero@example.org,+1-198-889-4332x85650,19-10-27,"Editor, magazine features"
8811,Christine,Dorsey,Female,mcleancatherine@example.net,(897)469-0275x946,23-01-13,Politician's assistant
8812,Henry,Savage,Female,osalinas@example.net,(550)311-3187x0281,21-12-71,Sales promotion account executive
8813,Lisa,Walsh,Male,nixoncarla@example.com,820.183.5612x1722,17-01-62,Oceanographer
8814,Ernest,Knapp,Male,hzamora@example.com,+1-694-286-7917x69976,4/11/1959,Newspaper journalist
8815,Shannon,Kane,Female,bill70@example.org,762-534-0296x78245,12/2/2039,Chartered accountant
8816,Gavin,Hernandez,Male,deanfrey@example.org,982.687.3420x899,21-05-19,Television/film/video producer
8817,Marisa,Nichols,Female,selenarocha@example.com,(095)820-1022,23-07-87,Environmental consultant
8818,Loretta,Ho,Female,cameronbishop@example.org,001-239-172-5624x5479,20-06-78,Science writer
8819,Katie,Donovan,Female,fortiz@example.com,-9975,1/8/2025,Housing manager/officer
8820,Marco,Moore,Male,jermainehorton@example.net,276.147.8589,29-10-41,"Administrator, charities/voluntary organisations"
8821,Tammie,Stark,Male,dmarsh@example.org,001-564-400-0689,11/4/2018,"Producer, radio"
8822,Kristin,Davila,Male,spearsdesiree@example.com,001-624-262-5318x3024,10/11/1997,Environmental health practitioner
8823,Ross,Holloway,Male,devinbruce@example.net,668-997-5854x4254,10/5/1999,Technical author
8824,Toni,Gilmore,Female,velazquezglen@example.com,689-126-1194x5162,30-06-21,Applications developer
8825,Mario,Decker,Female,kristi73@example.com,+1-985-174-4312x2165,11/3/1988,Web designer
8826,Damon,Bailey,Female,singhelijah@example.com,001-164-025-9810,9/7/1986,Advertising art director
8827,Raven,Wilson,Male,bridgetlara@example.org,172-571-3609,13-11-11,Building services engineer
8828,Tara,Foster,Male,kbaldwin@example.org,230.818.4771,24-10-13,Special effects artist
8829,Preston,Tapia,Female,ewolfe@example.org,254.952.6865,21-10-97,Publishing copy
8830,Shelley,Stuart,Male,khoffman@example.com,+1-517-237-0723x911,23-02-40,Hotel manager
8831,Tim,Rice,Male,christopher95@example.com,410-199-6324x18936,7/1/2026,Broadcast presenter
8832,Jeremiah,Hamilton,Female,ekey@example.net,4760450304,5/6/1999,Pensions consultant
8833,Dana,Washington,Female,rangelmarcia@example.net,+1-550-640-6722x9817,11/11/2013,"Lecturer, further education"
8834,Edwin,Waller,Male,danielhenry@example.com,001-732-187-8674x51650,28-07-81,Customer service manager
8835,Nicole,Mcmahon,Male,john28@example.com,645-307-5059x76806,5/11/1978,Chief Operating Officer
8836,Ashlee,Schmidt,Male,george50@example.com,001-040-494-8679x578,12/8/1963,"Psychologist, educational"
8837,Jason,Buck,Female,marvin37@example.org,(350)154-7143,30-06-37,Medical secretary
8838,Sophia,Arias,Female,glasskylie@example.org,001-628-981-0056,11/10/2012,Bonds trader
8839,Yesenia,Ferrell,Female,kathy64@example.net,789.157.8951,14-10-96,Garment/textile technologist
8840,Zachary,Blake,Female,beardconnie@example.com,328970274,4/12/1995,Video editor
8841,Mckenzie,Singh,Female,petersjoseph@example.com,506.359.7353x81256,15-08-40,"Administrator, sports"
8842,Colton,Cooley,Male,kristie46@example.com,001-554-665-9808x74350,31-10-34,Interpreter
8843,Jeff,Swanson,Male,isaiah32@example.org,(515)672-1841x012,31-12-28,Environmental health practitioner
8844,Norma,Carr,Female,bethharrington@example.org,714-830-3226x8906,25-07-23,"Engineer, automotive"
8845,Shane,Oneal,Female,yoconnell@example.org,649.229.0764,7/6/2013,Product designer
8846,Holly,Hernandez,Female,natalie42@example.net,814-799-7236x655,22-11-36,Airline pilot
8847,Rose,Simpson,Male,mmcgee@example.org,309.029.3936,8/3/2013,"Therapist, art"
8848,Lauren,Rangel,Male,kristinrichardson@example.com,137.581.0040x9792,7/7/2006,"Journalist, newspaper"
8849,Douglas,Mcconnell,Male,fyork@example.org,001-663-601-0695,13-02-84,"Copywriter, advertising"
8850,Jocelyn,Higgins,Female,gfisher@example.com,(227)730-6278,8/9/2015,"Administrator, Civil Service"
8851,Mike,Jordan,Male,diana06@example.org,001-783-998-4454x26552,1/6/2031,Special effects artist
8852,Jose,Villa,Male,stephanie51@example.org,+1-453-049-5774x85823,13-11-28,Race relations officer
8853,Carolyn,Hopkins,Female,tchan@example.com,079-845-6796x12169,4/9/2047,Agricultural consultant
8854,Anthony,Weaver,Female,mcfarlandjennifer@example.com,(271)266-3179,18-09-18,Cytogeneticist
8855,Vernon,Wise,Female,uwalker@example.net,801.862.1897x8004,25-02-43,"Engineer, biomedical"
8856,Rose,Curry,Female,jonescatherine@example.net,+1-961-864-2244x210,17-03-25,Pensions consultant
8857,Tara,Chang,Male,phillipcantrell@example.net,4128865174,23-10-45,Dramatherapist
8858,Cheyenne,Atkinson,Female,seth21@example.org,+1-762-215-6179x24386,10/7/1969,"Geneticist, molecular"
8859,Claudia,Barber,Male,richglenn@example.net,-1588,6/1/2017,Clinical biochemist
8860,Betty,Sutton,Female,antoniomorse@example.net,-4956,5/2/2045,Information systems manager
8861,Roberta,Cantrell,Male,brentwilkerson@example.org,-7667,9/2/1980,Electronics engineer
8862,Caitlin,Madden,Female,byrdangela@example.org,(682)724-8056,6/10/1983,Editorial assistant
8863,Aimee,Morales,Female,qhoward@example.org,001-463-449-0230,1/8/2013,Arboriculturist
8864,Alan,Perkins,Female,jon82@example.net,027.335.1990x3108,3/3/2006,Clinical research associate
8865,Lance,Nelson,Female,malik55@example.org,001-455-232-3871,22-08-98,"Teacher, early years/pre"
8866,Isabel,Trujillo,Female,woodardallison@example.com,213-644-0768x129,26-08-65,Social worker
8867,Lindsey,Stevens,Female,ewelch@example.net,288-739-9553x489,11/5/1961,Accommodation manager
8868,Kirk,Pennington,Male,wilkinsbenjamin@example.org,(424)948-2108x33151,2/5/1986,Records manager
8869,Chad,Gentry,Female,moranfred@example.org,157-358-5423x278,26-06-21,"Engineer, biomedical"
8870,Melissa,Wiley,Male,landrymario@example.org,122.851.4447x22009,26-08-20,"Designer, television/film set"
8871,Perry,Vaughn,Male,trasmussen@example.com,725.535.3360x5426,1/8/2007,Industrial buyer
8872,Clifford,Zuniga,Male,fletcherselena@example.org,2960465560,24-01-07,Industrial buyer
8873,Dean,Burnett,Male,knappbobby@example.com,966-359-3477x17338,18-03-16,Set designer
8874,Michaela,Oconnor,Male,judy41@example.com,(756)804-1452x397,31-08-18,Advertising copywriter
8875,Ray,Mullins,Female,adriennewalls@example.com,(007)386-0240x638,18-08-76,Local government officer
8876,Olivia,Mclaughlin,Female,qshah@example.com,726.680.0717x04268,9/7/2040,Analytical chemist
8877,Shane,Malone,Male,hawkinsanthony@example.net,001-288-997-5905,29-03-51,"Production assistant, radio"
8878,Alison,Hensley,Female,jgilbert@example.com,+1-316-909-9424x77373,11/5/2027,Fish farm manager
8879,Grace,Li,Male,justinhunt@example.org,001-975-343-7080,24-05-09,Health and safety adviser
8880,Bryan,Mcbride,Male,tim95@example.net,001-648-143-6911x2497,19-05-65,Town planner
8881,Chase,Sanford,Female,harperpaul@example.com,647.816.4534x0278,21-05-09,"Engineer, mining"
8882,Abigail,Dudley,Female,gwendolynmckinney@example.com,102.642.4050,12/8/2021,Ambulance person
8883,Jeanne,Benton,Male,tanyarasmussen@example.com,(055)089-4016x62528,27-08-09,Visual merchandiser
8884,Hayden,Moon,Female,lmahoney@example.org,241-910-6967x97356,23-02-22,Environmental health practitioner
8885,Stuart,Maynard,Male,keithmarie@example.net,-3262,2/3/1959,Curator
8886,Antonio,Odonnell,Female,kristinarubio@example.org,243-763-9345x7004,5/12/1984,"Designer, furniture"
8887,Cheryl,Osborn,Female,dylan19@example.com,059-021-7247,20-08-26,Building control surveyor
8888,Aimee,Curtis,Female,chelseyriley@example.com,587.608.0205,25-01-02,"Surveyor, insurance"
8889,Summer,Greer,Female,acarney@example.net,328.552.8543x9907,16-05-21,Arts administrator
8890,Ellen,Price,Female,casey33@example.com,+1-033-912-2245x1050,11/5/2033,Trading standards officer
8891,Jon,Hubbard,Female,bryanwang@example.net,079-182-2438,17-07-84,"Engineer, electrical"
8892,Paula,Waller,Male,gordonkidd@example.net,383-286-5299,26-12-07,Statistician
8893,Vicki,Rangel,Female,jill92@example.com,2150704552,6/8/1964,Oceanographer
8894,Tommy,Small,Female,stephaniepatrick@example.net,(093)732-8051x2672,19-10-48,Equities trader
8895,Sean,George,Male,ybates@example.net,433.549.3056x7612,7/6/1956,International aid/development worker
8896,Tom,Mendoza,Male,jakehoward@example.org,022.898.9565,1/7/1994,Art gallery manager
8897,Curtis,Kelley,Male,shericain@example.net,(817)164-2460x3467,22-01-07,"Sound technician, broadcasting/film/video"
8898,Gene,Curry,Female,ronaldortiz@example.net,+1-734-453-2794x86149,19-10-70,Translator
8899,Larry,Krueger,Female,stevensmiranda@example.org,(607)262-5585x685,10/5/2027,"Engineer, materials"
8900,Luis,Hardy,Male,hardingroberto@example.net,+1-847-100-5678x4290,14-03-12,Theme park manager
8901,Tanya,Tyler,Male,riosbianca@example.org,(795)558-7866,10/1/2049,Ambulance person
8902,Yesenia,Johnson,Female,lhall@example.net,(479)596-8459x754,25-11-08,Tax adviser
8903,Susan,Horne,Female,seth50@example.net,001-317-326-6275,7/9/1955,Magazine features editor
8904,Kelsey,Liu,Male,sandra04@example.net,332.965.4392x2850,2/5/2013,Sports therapist
8905,Sherri,Holt,Male,mackenziemaynard@example.net,(881)133-6023x7556,24-12-78,Building services engineer
8906,Tammie,Kemp,Male,stoutharry@example.net,-10181,23-12-25,Phytotherapist
8907,Jermaine,Fernandez,Male,rburns@example.net,518-169-5760,12/8/2014,Rural practice surveyor
8908,Veronica,Henderson,Female,morganharrison@example.com,756-481-5117,13-11-94,"Lecturer, further education"
8909,Bobby,Mahoney,Female,dwayne56@example.net,001-709-399-2680,13-08-50,Hospital doctor
8910,Gene,Miller,Male,zhatfield@example.net,(211)753-5643,8/10/2021,Health promotion specialist
8911,Sydney,Pruitt,Female,xavierkaufman@example.com,612.059.8728x75950,12/11/2015,Banker
8912,Hailey,Whitaker,Male,yrodgers@example.org,+1-662-250-4434x29369,17-01-77,Chief Marketing Officer
8913,Collin,Austin,Female,kirstenyoung@example.com,(857)937-0914,17-10-69,"Research officer, political party"
8914,Peter,Faulkner,Male,vfisher@example.com,(893)849-7665x31010,11/7/2014,Health visitor
8915,Regina,Pitts,Female,grant10@example.org,235-836-6945x914,17-05-91,Nutritional therapist
8916,Alejandro,Macdonald,Male,eugenebridges@example.net,+1-753-294-8751x429,13-11-77,Agricultural engineer
8917,Travis,Carney,Male,hnovak@example.com,-6931,19-01-01,Medical technical officer
8918,Maxwell,Tyler,Female,beckhoward@example.com,722-467-0242x41530,4/5/2043,"Psychologist, counselling"
8919,Charlotte,Bowman,Male,karlabrennan@example.com,6563161434,18-09-11,Museum/gallery curator
8920,Gary,Jefferson,Male,nrichards@example.net,001-840-232-9511x520,4/4/2005,"Engineer, maintenance (IT)"
8921,Vicki,Tran,Female,grahamyesenia@example.org,001-236-108-0185x823,26-05-19,"Runner, broadcasting/film/video"
8922,Garrett,Sloan,Male,tricia81@example.com,210-681-1283,21-05-22,Dancer
8923,Aaron,Hansen,Female,colejuarez@example.net,393.195.0823x925,2/11/1955,Teaching laboratory technician
8924,Latoya,Boyd,Male,waltonshaun@example.org,(304)956-5999x32952,17-10-57,Solicitor
8925,Amber,Strickland,Male,ghuynh@example.net,(584)899-2271x49030,6/10/2018,Operational researcher
8926,Raymond,Knight,Male,bhicks@example.org,001-919-654-6775x4967,31-10-84,"Research officer, trade union"
8927,Benjamin,Meyers,Male,dennismccoy@example.net,135-213-4197,30-08-51,"Teacher, English as a foreign language"
8928,Karina,Oconnor,Male,mcaldwell@example.org,001-965-826-1875x652,21-12-58,"Doctor, general practice"
8929,Kaylee,Fields,Male,davidsonpaul@example.org,842-738-4613x808,9/12/1952,Public relations account executive
8930,Isaiah,Schwartz,Female,riverafred@example.com,760.994.8839x309,3/3/1969,Mudlogger
8931,Belinda,Nichols,Male,ericalawson@example.com,001-787-372-5049x7111,15-08-40,Chief Strategy Officer
8932,Cassie,Blair,Male,abigailwolf@example.com,(539)670-7704x324,4/10/1955,Information officer
8933,Caitlyn,Waters,Male,villanuevabailey@example.org,+1-019-847-8528x47759,11/11/1954,Fast food restaurant manager
8934,Spencer,Baird,Female,jermaineconway@example.com,860.719.8516x456,25-10-60,"Engineer, technical sales"
8935,Kristie,Hale,Female,cbryant@example.org,(908)471-0396x4692,14-03-69,Private music teacher
8936,Lucas,Gamble,Male,noahjohns@example.net,+1-967-733-9460x659,6/11/1989,Ranger/warden
8937,Terry,Bowers,Female,geoffrey81@example.org,692.426.3164,24-10-10,"Social research officer, government"
8938,Peter,Hebert,Male,coltonorozco@example.org,+1-807-911-9282x24741,20-02-77,Magazine journalist
8939,Casey,Taylor,Female,haydenbean@example.com,(962)431-8665x90220,10/12/2045,"Designer, exhibition/display"
8940,Elijah,Barr,Male,igray@example.net,001-890-905-1679,7/5/1954,Social researcher
8941,Ivan,Gilbert,Female,williebailey@example.net,(632)996-7792x27928,18-12-66,Television camera operator
8942,Derrick,Garner,Male,anna00@example.com,(070)984-5959x0436,23-11-17,Hydrographic surveyor
8943,Darlene,Martin,Male,mcarlson@example.org,(548)884-6043,26-06-62,Medical sales representative
8944,Stacey,Perez,Male,jeffery01@example.net,(227)259-6341,28-06-68,Set designer
8945,Katrina,Hicks,Female,melindacollier@example.org,872-826-9268x808,21-08-08,Data scientist
8946,Kylie,Shaffer,Female,jcalhoun@example.com,001-716-198-4907,11/7/1980,"Psychologist, sport and exercise"
8947,Summer,Robbins,Female,zhampton@example.org,631.427.9047x744,30-01-97,Trading standards officer
8948,William,Bass,Male,mariah54@example.net,001-132-581-2357x56839,25-05-67,Sub
8949,Patty,Maxwell,Female,mgraves@example.org,(017)029-6397,12/5/1988,Advertising copywriter
8950,Angel,Bennett,Male,marquezalice@example.net,645.425.3566,17-12-88,Minerals surveyor
8951,Leroy,Cooley,Female,stevensontasha@example.com,+1-790-315-1873x599,31-08-50,Learning disability nurse
8952,Kevin,Castaneda,Female,lrichard@example.org,-7352,25-01-87,Office manager
8953,Logan,Elliott,Male,dunlaplaurie@example.org,149-244-6509x194,11/5/1992,Media planner
8954,Chelsey,Irwin,Male,jchen@example.com,+1-756-122-4749x000,31-03-05,Prison officer
8955,Sylvia,Ruiz,Male,amber26@example.net,+1-008-245-1910x0353,10/12/1982,Insurance underwriter
8956,Damon,Moses,Male,pbradshaw@example.net,(637)801-1084x72975,11/11/1990,Publishing copy
8957,Sally,Paul,Female,fowlerwarren@example.org,(541)143-3508,16-05-09,Theatre stage manager
8958,Jane,Bruce,Male,blake64@example.org,+1-474-568-0038x534,28-01-07,Museum/gallery conservator
8959,Frederick,Deleon,Female,scarpenter@example.net,-7925,14-02-16,Health and safety adviser
8960,Vernon,Khan,Female,meagan12@example.com,351.324.9288x67910,21-02-58,Geochemist
8961,Shirley,Hardin,Male,gbrewer@example.com,(476)886-8477x8055,21-08-86,"Runner, broadcasting/film/video"
8962,Belinda,Espinoza,Male,duffybryan@example.com,(179)442-4961,6/1/1994,"Surveyor, mining"
8963,Thomas,Baker,Male,evelyn64@example.net,001-565-759-7554,13-11-40,"Education officer, community"
8964,Jim,Cochran,Male,watkinssara@example.net,449.876.0739x239,15-10-14,Dentist
8965,Harry,Hayden,Female,krobinson@example.org,779-797-7076x84873,13-04-07,Lawyer
8966,Isaac,Crane,Male,benjamin16@example.com,001-119-005-3436x8509,24-07-38,Community education officer
8967,Zachary,Shepard,Female,katie49@example.net,135-018-8548x81448,31-05-29,Orthoptist
8968,Martin,Hurst,Female,alejandro05@example.com,001-849-468-2623x255,22-08-83,"Radiographer, diagnostic"
8969,Ricardo,Graham,Female,mhancock@example.com,+1-472-941-1736x733,25-11-08,Research scientist (maths)
8970,Maureen,Valenzuela,Female,franciscofloyd@example.net,+1-856-415-2796x8586,7/3/1988,Risk analyst
8971,Calvin,Pitts,Male,ccontreras@example.net,423.190.8240x9301,22-11-88,Community development worker
8972,Lori,Shepherd,Female,hobbsalicia@example.com,+1-252-779-9496x211,20-12-98,"Journalist, broadcasting"
8973,Hayden,Baird,Female,kjohnston@example.net,001-140-906-5516x65726,6/7/1956,Outdoor activities/education manager
8974,Kari,Aguilar,Female,victoriafaulkner@example.net,923-405-9380,6/6/2012,"Development worker, international aid"
8975,Audrey,Daugherty,Female,samantha41@example.net,001-227-034-5058,30-11-97,Arts administrator
8976,Jeanette,Bradford,Male,orivera@example.com,(121)052-2455x8700,11/7/2010,Armed forces technical officer
8977,Hayden,Kim,Female,dwilkerson@example.org,+1-160-213-4507x787,23-07-79,Field seismologist
8978,Levi,Walsh,Male,stacie95@example.com,(000)003-8764,29-11-25,"Programmer, systems"
8979,Desiree,Snyder,Male,thernandez@example.net,(838)631-6761,7/8/2029,Hydrographic surveyor
8980,Beverly,Huang,Female,mindyrice@example.net,(567)322-9104,9/12/1995,Field trials officer
8981,Sandra,Gamble,Female,ilowery@example.net,(597)067-8523x2368,28-07-88,"Surveyor, minerals"
8982,Rebekah,Henry,Male,rodriguezdestiny@example.com,001-316-939-8779,7/4/1991,Regulatory affairs officer
8983,Anne,Beard,Male,unorris@example.com,001-102-197-8824x002,2/10/1953,Financial manager
8984,Janice,Gibbs,Male,ypugh@example.net,(178)180-9267x341,23-03-13,"Presenter, broadcasting"
8985,Dawn,Haley,Male,kimalfred@example.com,(963)979-8524x556,18-06-95,Photographer
8986,Krista,Esparza,Male,evilla@example.net,362.118.3028x345,13-08-60,Diagnostic radiographer
8987,Cynthia,Fleming,Female,colleenzuniga@example.net,(880)163-5078x1695,31-07-73,Advice worker
8988,Fred,Greer,Female,frank13@example.org,(073)447-7887x30929,4/10/2039,Commissioning editor
8989,Andre,Sanchez,Male,kentblankenship@example.com,001-781-368-9086x720,1/5/2042,Biomedical engineer
8990,Kaylee,Kent,Female,fstrong@example.net,380-099-4878x721,19-03-86,Accommodation manager
8991,Terrance,Cohen,Female,karina45@example.org,(076)611-3240x07620,28-10-09,Health and safety adviser
8992,Kelly,Finley,Female,taylortonya@example.org,264-271-6968x827,10/12/2045,Higher education careers adviser
8993,Gordon,Preston,Male,daniellenash@example.com,001-957-766-1049,14-04-88,Psychotherapist
8994,Kelsey,Quinn,Male,ewood@example.net,+1-319-822-7485x5384,8/11/2025,Chief of Staff
8995,Jade,Cisneros,Male,rowlandroberto@example.com,(064)924-2540,11/9/2026,Broadcast engineer
8996,Cynthia,Lewis,Male,ibarrajared@example.org,584-713-3847x2307,24-11-81,"Engineer, civil (consulting)"
8997,Lorraine,Fuller,Male,andreneal@example.net,215.164.1708x9618,11/11/2046,"Research officer, government"
8998,Eileen,Proctor,Male,shepherderica@example.org,001-711-193-8894,27-05-07,Lawyer
8999,Shawn,Owens,Male,munozvincent@example.net,001-669-577-7050x570,4/1/2013,Tourism officer
9000,Joanna,Maxwell,Female,natashahays@example.com,+1-022-333-1525x463,15-03-31,Financial risk analyst
9001,Stefanie,Chapman,Male,gonzalezangelica@example.com,497.228.6146,14-07-10,Freight forwarder
9002,Ethan,Harper,Male,dominicrowe@example.net,(938)501-6433x78599,26-04-65,Planning and development surveyor
9003,Autumn,Greene,Male,hdawson@example.com,147.471.6359x65458,22-07-15,"Psychologist, counselling"
9004,Carly,Salinas,Male,ohunter@example.net,+1-380-275-1466x4160,3/5/1960,"Engineer, materials"
9005,Lynn,Taylor,Female,kellicruz@example.org,508-983-6133x98761,5/1/1969,Human resources officer
9006,Robyn,Stewart,Male,mezadave@example.org,425-425-2179x18686,6/7/2038,Financial planner
9007,Shannon,Lynn,Male,hannaelizabeth@example.com,152.771.6131x3593,10/1/2015,Probation officer
9008,Robin,Sharp,Male,qharrison@example.com,001-583-834-6676x957,14-03-13,Paediatric nurse
9009,Sherri,Reilly,Female,helen91@example.com,+1-186-592-1870x050,7/9/2018,"Radiographer, therapeutic"
9010,Gene,Heath,Male,logan51@example.org,+1-092-270-2494x093,4/11/1971,Land/geomatics surveyor
9011,Herbert,Roth,Female,leachmicheal@example.com,6342591390,25-11-93,Environmental manager
9012,Chase,Gentry,Female,reidalyssa@example.net,059-925-9686x854,16-03-13,Social worker
9013,Hannah,Rush,Female,vicki48@example.org,555-947-1026x0640,19-04-74,Careers adviser
9014,Roy,Ortega,Male,kmcguire@example.org,568.636.7556x257,10/8/1986,"Loss adjuster, chartered"
9015,Jasmine,Frazier,Female,bootheric@example.org,429.789.7302,25-02-76,Tourist information centre manager
9016,Zachary,Montgomery,Male,vdavenport@example.com,001-893-865-5579,2/12/2032,Glass blower/designer
9017,Cory,Braun,Male,sharifranco@example.com,+1-789-158-5033x9653,17-08-24,"Doctor, hospital"
9018,Jasmine,Stein,Female,tmercer@example.net,572.938.9233,21-07-91,Mental health nurse
9019,Glenn,Hendrix,Female,mcknightyvonne@example.org,+1-953-986-2665x7633,27-01-91,Electronics engineer
9020,John,Wyatt,Female,dudleyjeff@example.net,531-617-7370x0924,10/6/2033,"Nurse, adult"
9021,Ebony,Mcneil,Male,mercedesward@example.net,+1-479-298-2643x4726,20-10-51,Estate manager/land agent
9022,Jordan,Donaldson,Male,phinton@example.net,(847)415-8724,27-10-29,"Engineer, manufacturing systems"
9023,Caitlyn,Buchanan,Male,isherman@example.com,565.052.4798,26-10-67,Government social research officer
9024,Brett,Terrell,Male,dixontheodore@example.org,(447)859-0820x0552,16-07-09,Risk manager
9025,Sue,Mendez,Female,carlos26@example.net,4601612519,30-12-81,Print production planner
9026,Yolanda,Oneill,Female,bowersjohn@example.net,494.548.2163,27-02-76,Animal nutritionist
9027,Joan,Forbes,Female,abeard@example.net,(558)301-6429x01054,4/10/1953,Health visitor
9028,Ruth,Olsen,Female,tammy44@example.net,5926314564,28-04-21,"Teacher, music"
9029,Judy,Dyer,Female,delacruzlarry@example.net,(416)528-3595x8760,22-01-51,Furniture designer
9030,Lori,Chen,Male,dale86@example.com,(152)497-4428x05826,12/8/1954,Chartered public finance accountant
9031,Colton,Haas,Male,melodyschwartz@example.com,380-541-2062x26043,12/10/2037,Rural practice surveyor
9032,Carla,Greene,Male,skaufman@example.org,+1-141-612-2350x01476,18-04-16,Futures trader
9033,Max,Velazquez,Male,annette09@example.org,004.280.5606x8724,6/1/2008,Recycling officer
9034,Yolanda,Miller,Male,jhutchinson@example.org,+1-991-713-4511x27146,7/10/2042,Make
9035,Stephanie,Whitehead,Female,comptoncristian@example.org,+1-180-846-6552x59624,13-12-81,Early years teacher
9036,Jim,Sutton,Male,gstephens@example.com,007.960.5836x94206,15-07-34,Air broker
9037,Yvonne,Lamb,Female,gregoryschultz@example.org,330039722,16-11-94,Science writer
9038,Ashley,Bailey,Male,davejarvis@example.com,001-091-225-4097x35882,6/4/2048,Immigration officer
9039,Janet,Hinton,Female,janekim@example.com,036-588-0984x029,20-03-33,"Copywriter, advertising"
9040,Corey,Shannon,Female,christyduran@example.org,818.246.8714x79731,15-02-60,Paediatric nurse
9041,Janice,Estes,Male,biancaspencer@example.net,956-115-4980x252,30-11-13,Cabin crew
9042,Kirk,Murphy,Female,taylorsawyer@example.net,(497)833-2278x8597,15-08-19,"Psychologist, forensic"
9043,Tami,Pearson,Male,amandanash@example.org,(471)759-4884,10/4/2036,Speech and language therapist
9044,Derek,Carrillo,Male,susan53@example.org,001-533-510-2553,27-02-19,Pharmacologist
9045,Travis,Reid,Male,kelseydominguez@example.com,839-880-8422x6270,26-04-78,Chiropodist
9046,Alice,Whitaker,Female,greenesally@example.org,001-049-464-4706x76001,15-06-48,Management consultant
9047,Carl,Townsend,Female,landrytoni@example.net,349-331-7073x02118,19-02-44,"Engineer, electronics"
9048,Sheri,Hurst,Male,isabelbarron@example.org,235.699.1105x4360,9/11/2008,Corporate investment banker
9049,Roy,Chang,Female,angelicayates@example.org,+1-475-923-3742x1389,30-10-51,"Production designer, theatre/television/film"
9050,Tracey,Rivers,Male,lhendrix@example.org,(363)468-5818,15-01-21,Mining engineer
9051,Brianna,Leach,Male,sheena08@example.net,(500)611-9009x459,7/2/2048,Careers information officer
9052,Edward,Trujillo,Female,mckaydean@example.net,001-836-274-3521,2/7/1971,"Embryologist, clinical"
9053,Greg,Lee,Male,qwebster@example.com,793.039.5037x4706,9/2/2034,Retail buyer
9054,Caleb,Tucker,Male,reyescarla@example.org,9789689973,18-12-16,TEFL teacher
9055,Damon,Kirk,Female,devon93@example.com,610-731-9682x83184,9/7/2000,"Lighting technician, broadcasting/film/video"
9056,Kara,English,Female,nichole90@example.com,137-396-2487,23-05-19,Diagnostic radiographer
9057,Sheena,Rivers,Male,gordonwyatt@example.net,001-201-978-2219x93750,10/1/1973,Geophysicist/field seismologist
9058,Ellen,Estes,Female,oburgess@example.org,4837068334,19-11-86,Sports therapist
9059,Gordon,Gallegos,Female,robertorichard@example.net,+1-700-083-3516x287,29-04-93,Gaffer
9060,Norma,Maynard,Female,sergiobarton@example.org,(692)675-7743x369,29-08-84,Farm manager
9061,Tyrone,Gamble,Male,conradalyssa@example.net,803.830.2405,1/8/2034,"Biochemist, clinical"
9062,Kristina,Mcintosh,Female,umayer@example.com,(970)145-4243,31-05-50,Printmaker
9063,Russell,Reyes,Female,becky39@example.com,026.637.7639x7485,10/9/2019,"Teacher, special educational needs"
9064,Joanne,Huynh,Male,mindyjoseph@example.com,001-259-114-9835x15332,17-12-63,Chartered public finance accountant
9065,Julie,Huber,Female,hawkinsvincent@example.org,001-926-953-7317,16-02-08,Travel agency manager
9066,Nicolas,Wolfe,Female,ginarosales@example.net,(456)868-1279x89166,9/2/1972,Applications developer
9067,Dale,Terry,Female,mariahli@example.org,001-443-073-9725x274,16-12-85,"Therapist, art"
9068,Sherri,Boyle,Female,shawna88@example.com,(283)187-9533,17-11-04,Herpetologist
9069,Reginald,Davidson,Female,sandraclark@example.com,122-257-3231,18-07-15,Geographical information systems officer
9070,Jodi,Fields,Female,berryanthony@example.com,044.567.1738x2798,10/10/2009,"Education officer, environmental"
9071,Sherri,Woodard,Female,alexanderbryan@example.org,394-046-1584x184,5/1/1986,Surgeon
9072,Austin,Li,Female,briannaduffy@example.org,(288)588-5011x81231,29-08-28,"Producer, television/film/video"
9073,Erin,Whitney,Male,chasebentley@example.com,(483)061-0404x64937,2/4/2042,Freight forwarder
9074,Nina,Mclaughlin,Female,riversgavin@example.com,(085)803-2201x9709,16-10-52,Primary school teacher
9075,Jasmine,Trevino,Female,pbowers@example.org,001-437-754-5553x09412,10/3/2037,"Engineer, control and instrumentation"
9076,Elaine,Malone,Female,gavinfreeman@example.net,001-209-182-5517x251,25-07-54,Broadcast engineer
9077,Ernest,Alvarez,Female,rittercurtis@example.org,-2682,12/2/1952,Risk manager
9078,Stuart,Norman,Female,cliffordwalsh@example.com,+1-444-085-8881x288,2/5/1989,"Programmer, systems"
9079,Stacy,Bell,Male,anthony43@example.org,962.707.5055x7361,29-02-56,Network engineer
9080,Aimee,Hampton,Male,matthewcastillo@example.com,001-137-365-6149x8540,1/9/2044,Writer
9081,Brent,Mason,Male,ehull@example.net,+1-430-341-8722x53205,7/2/2010,Pharmacologist
9082,Jeanne,Wallace,Male,kristina17@example.net,134-109-0067x614,19-06-96,Land
9083,Brent,Macias,Male,gabrieladowns@example.com,+1-222-288-9232x3651,16-07-21,"Psychotherapist, child"
9084,Sherri,Watts,Male,keysheila@example.com,+1-517-025-8169x46687,11/2/1988,Network engineer
9085,Dillon,Wilcox,Male,victortodd@example.com,679-531-1163x577,20-03-17,"Engineer, agricultural"
9086,Billy,Mcintyre,Male,frances43@example.com,497-010-7863x401,7/3/1988,Chartered loss adjuster
9087,Aaron,Chapman,Male,samantha73@example.net,1448174031,6/2/2039,Retail manager
9088,Donald,Carlson,Male,kayleeochoa@example.com,213-615-7754,30-12-98,Research scientist (physical sciences)
9089,Sally,Lamb,Female,irwinjesse@example.net,001-223-231-4485x628,20-01-81,Armed forces logistics/support/administrative officer
9090,Ivan,Fritz,Female,bross@example.com,001-551-852-2345,5/2/2011,Artist
9091,Tracy,Greene,Male,adrienne25@example.org,001-763-100-7510x39292,6/6/2020,Visual merchandiser
9092,Raven,Grimes,Female,mathewsummers@example.org,(090)303-2935,3/6/2021,Telecommunications researcher
9093,Ross,Dougherty,Female,howard99@example.com,5537329754,31-01-60,Clinical cytogeneticist
9094,Melody,Macias,Male,farmeryvonne@example.org,001-030-550-2055x40056,22-06-70,Clinical biochemist
9095,Debbie,Mora,Female,ninaburns@example.com,305-589-5395x6170,3/11/2037,Veterinary surgeon
9096,Dennis,James,Female,villacolin@example.org,950-037-8622x432,25-04-58,Lawyer
9097,Gordon,Lowe,Female,lfrazier@example.com,7513142308,15-11-44,Music therapist
9098,Bridget,Richmond,Female,natashaorr@example.net,(527)717-8946x252,8/1/2012,"Investment banker, operational"
9099,Shelley,Carpenter,Female,brendabenjamin@example.com,422-382-6889,12/2/1998,Neurosurgeon
9100,Linda,Dunlap,Female,gmaynard@example.org,001-359-230-2021x45714,19-12-27,Legal secretary
9101,Susan,Dorsey,Female,coliver@example.com,763-656-1719x6198,24-02-13,Media planner
9102,Robert,Krueger,Female,elewis@example.net,001-327-761-7665x91844,9/6/1996,"Programmer, systems"
9103,Steve,Levine,Male,archerernest@example.org,425-921-1164x367,10/9/2007,"Optician, dispensing"
9104,Isaac,Garner,Male,deanna47@example.org,(294)246-7043x716,16-02-14,Animal nutritionist
9105,Traci,Villa,Male,qyoung@example.net,001-987-342-4182,26-11-55,Stage manager
9106,Manuel,Monroe,Female,melvin98@example.net,001-678-329-7305x774,2/6/2038,Patent examiner
9107,Melvin,Strickland,Female,coxgeorge@example.org,663.959.2182x70235,27-04-32,Armed forces training and education officer
9108,David,Evans,Female,walshkathryn@example.com,121-004-9259x411,26-09-26,Architectural technologist
9109,Jonathon,Martin,Female,atrevino@example.com,106-079-9232,19-03-74,"Doctor, hospital"
9110,Daniel,Brewer,Female,nielsenmolly@example.com,632.365.7547x1814,19-12-67,"Secretary, company"
9111,Jacqueline,Maxwell,Female,rbest@example.com,+1-295-540-1069x86201,24-02-10,Publishing copy
9112,Edwin,Anderson,Male,xavier25@example.net,001-665-467-3292,17-09-21,Financial manager
9113,Jeffrey,English,Female,mblake@example.net,3837593280,5/7/2032,Primary school teacher
9114,Carla,Pearson,Female,tdavid@example.net,001-926-222-3251,27-12-92,Chief Strategy Officer
9115,Mitchell,Lester,Male,crystalyu@example.net,9104651884,9/11/1995,Barrister's clerk
9116,Glenda,Mcdowell,Female,stefanie54@example.com,+1-789-884-1874x8235,29-11-28,"Teacher, special educational needs"
9117,Michele,Guerra,Male,gary22@example.net,(850)639-1790,16-12-06,Recruitment consultant
9118,Stacy,Cameron,Female,vanessamoyer@example.net,(050)935-6169x4548,30-10-16,Broadcast engineer
9119,Anna,Dudley,Male,waltoncathy@example.com,666.861.0991,19-11-96,"Pharmacist, hospital"
9120,Ivan,Estes,Male,kemptammie@example.net,240-063-4963x7461,1/7/1985,Careers adviser
9121,Paula,Love,Male,ana54@example.com,5502607989,15-05-64,Insurance account manager
9122,Perry,Glenn,Male,kristencraig@example.net,-1080,20-09-83,Consulting civil engineer
9123,James,Peterson,Male,uhunt@example.net,502.673.4379x186,1/8/2027,Teaching laboratory technician
9124,Mikayla,Spears,Male,lindsay57@example.com,7748507410,9/6/1995,"Pilot, airline"
9125,Sheena,Nichols,Female,james66@example.com,(803)697-8748,16-06-18,Farm manager
9126,Casey,Marsh,Male,janet37@example.org,(764)092-3419x0626,15-04-39,Magazine features editor
9127,Daniel,Chambers,Female,marcianixon@example.org,(200)655-8048,2/11/2028,Primary school teacher
9128,Hayley,Jacobs,Male,maureen09@example.net,(497)849-0483x188,5/2/2041,Corporate treasurer
9129,Christy,Spencer,Male,chaseclayton@example.org,7520250337,10/9/2012,"Geologist, wellsite"
9130,Tina,Chaney,Female,lorraine16@example.net,+1-593-507-0615x961,11/10/2025,"Sales professional, IT"
9131,Kaylee,Villegas,Male,jacksonbender@example.org,001-059-133-3822x8180,9/9/1971,"Engineer, manufacturing"
9132,Wanda,Crane,Female,staceycalderon@example.org,(832)214-6764x09481,29-01-21,Location manager
9133,Jason,Eaton,Male,scottlozano@example.com,251-638-8683x868,10/1/2002,Clinical research associate
9134,Laurie,Becker,Female,mcclureroberto@example.org,180.012.1867,25-10-99,Photographer
9135,Madison,Murillo,Male,ichen@example.com,614-200-0507x20294,23-02-92,Advertising account executive
9136,Sally,Herrera,Male,knoxbailey@example.org,017-376-5334,30-06-21,"Administrator, arts"
9137,Nathan,Shannon,Female,clayton26@example.com,067-554-0362,24-10-68,Housing manager/officer
9138,Mackenzie,Moses,Female,mikaylavaughan@example.net,001-134-319-9020x26916,28-11-74,Location manager
9139,Heather,Nixon,Male,kwalsh@example.com,001-248-801-1216x5104,31-05-11,Pension scheme manager
9140,Harry,Graham,Male,amccarthy@example.net,(241)156-8397,12/10/2007,"Engineer, production"
9141,Ashlee,Pena,Female,carterjeanette@example.net,+1-852-030-0290x277,4/5/2012,Financial adviser
9142,Maurice,Hobbs,Male,lamcandace@example.net,001-237-280-6785,30-04-42,Primary school teacher
9143,Selena,Burnett,Male,hernandezchristopher@example.org,465-948-8723x95665,27-04-63,"Horticulturist, amenity"
9144,Arthur,Reeves,Male,pcarter@example.net,+1-583-562-6654x86532,2/2/1970,Exhibition designer
9145,Mckenzie,Archer,Male,vhorn@example.org,9656779805,15-02-70,Clinical research associate
9146,Aimee,Gallagher,Female,marilynbaker@example.net,773-282-8934,13-12-55,Cartographer
9147,Cassie,Hines,Male,bowenbobby@example.org,001-139-202-8813,25-11-68,Fitness centre manager
9148,Charlene,Hill,Female,colezamora@example.com,001-051-485-5571x2317,7/6/1967,Film/video editor
9149,Jaclyn,Mcconnell,Female,nelsontammie@example.com,973.054.7182,19-11-17,Materials engineer
9150,Kevin,Conner,Male,cristina97@example.org,490.599.6646x07557,16-09-20,Fashion designer
9151,Vernon,Cameron,Male,nolson@example.com,001-896-580-7472,8/10/1994,Acupuncturist
9152,Cassie,Fitzgerald,Male,wallerjacqueline@example.net,(056)136-1536x39236,5/6/1969,Clinical psychologist
9153,Caroline,Jacobson,Male,whitneyjuan@example.org,879-906-8710x060,22-01-05,Magazine journalist
9154,Destiny,Crosby,Female,normamurillo@example.org,001-760-568-6822x9705,3/2/1957,"Psychotherapist, child"
9155,Devin,Pace,Female,dyang@example.com,837.816.0601,7/2/2009,Adult guidance worker
9156,Michele,Gonzalez,Female,chancarol@example.com,+1-697-641-1526x8826,20-01-74,Exhibition designer
9157,Karen,Stafford,Female,cuevasdale@example.org,181.709.6768x24161,14-12-10,Retail banker
9158,Penny,Mcconnell,Female,dillon87@example.com,416-001-1964x8821,7/12/2042,Occupational psychologist
9159,Kaitlin,Mcgrath,Male,noblejoe@example.org,3725401926,8/12/1978,Insurance account manager
9160,Beth,Hodge,Male,cartersuzanne@example.net,(716)239-3415x0338,19-08-87,"Surveyor, land/geomatics"
9161,Victoria,Branch,Female,aglenn@example.org,806-945-0670x53801,8/8/1971,Copy
9162,Gabriel,Bates,Male,kellibartlett@example.org,8257226292,18-08-56,Quarry manager
9163,Ronald,Welch,Female,meagan31@example.com,390.083.6350x4244,19-06-20,Transport planner
9164,Sheila,Huffman,Female,dariusberg@example.org,317-604-4483x3068,6/7/1975,Emergency planning/management officer
9165,Audrey,Harper,Male,glennlawson@example.org,+1-371-577-3631x82482,21-04-17,"Conservator, museum/gallery"
9166,Joel,Houston,Female,farrelldamon@example.org,473.729.4067x04428,14-05-34,"Programme researcher, broadcasting/film/video"
9167,Kaitlin,Hays,Female,suttonlee@example.net,556.019.2260,6/11/1974,Architectural technologist
9168,Eric,Wilkinson,Male,smartinez@example.com,+1-569-135-6298x559,30-04-08,Company secretary
9169,Ashley,Bright,Female,dillonquinn@example.org,(920)751-3491x0486,17-04-31,Product/process development scientist
9170,Tricia,Fowler,Male,damonsingh@example.com,(315)098-0659,27-05-73,"Production designer, theatre/television/film"
9171,Grace,Chen,Female,parklonnie@example.com,219-848-0628x12801,20-01-93,"Conservator, furniture"
9172,Betty,Chavez,Female,obarnett@example.net,176-587-1684,24-08-46,Print production planner
9173,Ray,Moreno,Female,cookejeffery@example.org,047-231-7393,25-02-11,Lexicographer
9174,Dawn,Ballard,Female,annecalderon@example.com,217.490.1641x45901,23-01-23,"Buyer, industrial"
9175,Sonya,Camacho,Male,uzhang@example.com,811.445.7869x156,12/7/2013,Clinical molecular geneticist
9176,Rebecca,Guzman,Female,watsonsara@example.com,(119)815-7732x2204,1/10/1988,Exhibition designer
9177,Brian,Banks,Male,kendraguerrero@example.org,698-507-4276,9/9/1975,Energy manager
9178,Mackenzie,Banks,Male,velazquezriley@example.org,871.588.5294x141,27-09-03,Retail merchandiser
9179,Randy,Vega,Male,crosstaylor@example.org,(486)959-7295x843,31-07-56,"Scientist, product/process development"
9180,Michaela,Compton,Male,leehines@example.net,-6299,15-02-93,Purchasing manager
9181,Jerry,Rice,Male,royjason@example.org,087-132-4666x663,3/9/2011,Video editor
9182,Brittney,Shaffer,Female,drew78@example.net,637.301.7521,5/4/1971,Fisheries officer
9183,Brittney,Downs,Male,nolanisaac@example.org,001-486-150-1896x91246,2/5/2033,"Teacher, adult education"
9184,Peter,Sandoval,Female,meaganbass@example.com,(783)549-3224x493,13-08-97,Training and development officer
9185,Sonya,Buckley,Female,millerrobin@example.org,638-294-8856x672,21-01-86,Radiation protection practitioner
9186,Laura,Newman,Female,durhamricky@example.com,+1-690-936-9103x304,27-10-22,"Conservation officer, nature"
9187,Alejandro,Peterson,Female,jermainesharp@example.org,015.661.7146x375,16-10-87,Technical author
9188,Fernando,Horn,Female,tricia64@example.net,397.039.2836x807,16-03-09,Museum education officer
9189,Isaac,Poole,Male,carrie12@example.com,672.464.5771,26-06-23,"Scientist, product/process development"
9190,Roberto,Harrell,Male,kyle06@example.org,+1-328-956-4750x1307,17-10-47,Airline pilot
9191,Jeanette,Fritz,Female,simpsonmichael@example.net,001-996-442-0258,25-04-58,Music tutor
9192,Mia,Case,Male,cynthia42@example.com,030.656.8588x219,10/1/2031,Contracting civil engineer
9193,Shirley,Patterson,Male,fboyd@example.org,(809)309-7427x167,23-09-75,"Horticulturist, amenity"
9194,Darlene,Nixon,Female,hsnow@example.org,367.128.5829,6/7/1972,Database administrator
9195,Jake,Weaver,Female,marcobrennan@example.net,001-747-496-6243x02060,30-10-05,"Editor, film/video"
9196,Roger,Dyer,Male,kristopher71@example.com,(997)539-3245x33920,20-12-94,"Accountant, chartered management"
9197,Erik,Yoder,Female,odecker@example.net,-8602,1/12/2047,Training and development officer
9198,Dominic,Howe,Female,rjohnston@example.org,211.525.9882,26-05-62,Interpreter
9199,Danielle,Middleton,Female,beverlyramsey@example.com,+1-941-214-7889x49358,1/4/2007,Scientific laboratory technician
9200,Brianna,Hart,Female,rcordova@example.net,899.827.4199x497,14-01-88,Psychotherapist
9201,Sean,Wiley,Male,hmonroe@example.com,001-104-567-5198x679,22-12-63,Barrister's clerk
9202,Anita,Weeks,Female,sergiomedina@example.org,506.572.5031,2/3/2019,Ophthalmologist
9203,Lisa,Walls,Female,travisblevins@example.org,(117)507-8065x86931,23-02-12,General practice doctor
9204,Ruben,Ruiz,Male,tristanoneill@example.com,(772)119-7327,8/2/2022,Prison officer
9205,Parker,Whitehead,Male,leebarnett@example.com,096.678.5084x85012,28-08-85,Sports development officer
9206,Alice,Parks,Female,alexandra56@example.net,+1-682-276-0219x80825,5/3/2039,Music tutor
9207,Tanya,Frye,Female,brightsandy@example.com,-10534,20-06-20,"Development worker, international aid"
9208,Rick,Park,Female,jeanette67@example.net,+1-691-484-7186x783,10/8/2003,Orthoptist
9209,Melanie,Smith,Female,dawnmathews@example.org,204419360,11/6/1991,Trade mark attorney
9210,Stuart,Silva,Male,olivia96@example.com,7089240491,27-02-84,Amenity horticulturist
9211,Jaime,Guerra,Male,deborahsolomon@example.com,001-938-529-9559x3977,19-08-07,Product/process development scientist
9212,Noah,Rowe,Female,hectorbaxter@example.com,(631)239-0994x61979,18-04-13,Civil Service fast streamer
9213,Regina,Kaufman,Female,hoganwanda@example.org,680-827-7443x1293,22-07-25,"Doctor, hospital"
9214,Don,Park,Female,christine05@example.org,582.528.7868x659,4/10/2048,Phytotherapist
9215,Alison,Fuller,Female,kristinareynolds@example.net,419-615-1006x40372,22-12-23,Structural engineer
9216,Linda,Lawrence,Male,darryl64@example.org,001-423-607-9979x91232,13-12-08,Museum/gallery exhibitions officer
9217,Kendra,Wang,Male,philip72@example.org,+1-416-165-5673x91965,1/12/1997,Chief Operating Officer
9218,Gabriela,Pierce,Male,tglenn@example.net,(009)033-0302x783,28-12-83,"Horticulturist, amenity"
9219,Gary,Weeks,Male,chale@example.com,+1-259-030-2299x57542,1/9/1959,Medical secretary
9220,Mckenzie,Mata,Male,ztorres@example.org,104.152.2843x15912,31-10-82,"Designer, graphic"
9221,Gordon,Stewart,Male,gcochran@example.org,(533)232-7365,27-03-17,Psychiatrist
9222,Virginia,Gutierrez,Male,amandagoodwin@example.net,970.987.6875x4346,16-07-76,Investment analyst
9223,Jackson,Bowers,Male,amanda56@example.com,679-284-9719,16-11-05,"Designer, interior/spatial"
9224,Cassie,Acosta,Female,elliottrose@example.net,883-994-4862x7754,7/10/2028,Diplomatic Services operational officer
9225,Glen,Hughes,Male,serranoalison@example.com,001-751-852-8895x884,15-10-10,"Surveyor, insurance"
9226,Robin,Warren,Female,nvaldez@example.org,630.079.1038x49767,2/10/2044,Interpreter
9227,Tonya,Morales,Female,delacruzmaria@example.com,383-584-8794,9/12/1983,"Engineer, production"
9228,Charlotte,Mooney,Male,marcia01@example.org,686-829-1627,7/4/2043,Community arts worker
9229,Laurie,Morales,Male,robinwatts@example.org,+1-707-638-0296x630,8/10/1966,"Administrator, sports"
9230,Jason,Sellers,Female,fitzgeraldkyle@example.com,1014840247,18-06-15,"Therapist, horticultural"
9231,Todd,Mendez,Female,petersrebecca@example.com,(301)446-3335x0683,10/11/2021,Bookseller
9232,Allison,Fisher,Male,villanuevamelanie@example.net,(916)439-2633,9/6/1983,"Scientist, clinical (histocompatibility and immunogenetics)"
9233,Marvin,Salinas,Female,xknight@example.com,+1-121-254-6880x4799,20-10-78,Banker
9234,Ronnie,Blackwell,Male,ohendricks@example.net,370.650.1424x10893,28-06-06,"Radiographer, therapeutic"
9235,Karen,Copeland,Female,santiagosuzanne@example.com,(615)239-0541x477,10/12/1975,Ship broker
9236,Kara,Goodman,Male,lozanograce@example.net,(882)606-1615x901,28-11-64,"Teacher, adult education"
9237,Katie,Zavala,Male,yhayden@example.net,001-213-454-3423x0316,17-07-21,Community arts worker
9238,Stacey,Davila,Female,martin79@example.com,(553)740-6644x70686,18-05-21,Actuary
9239,Traci,Schneider,Male,annette09@example.net,(719)125-9602x9238,16-11-08,Insurance claims handler
9240,Abigail,Weaver,Male,danielbryan@example.com,+1-107-083-0203x90649,15-04-55,"Administrator, Civil Service"
9241,Rebecca,Armstrong,Female,merrittduane@example.net,806-667-9228,2/3/2007,Geoscientist
9242,Erica,Fuentes,Male,jose39@example.net,+1-307-310-8063x90320,11/5/2019,Speech and language therapist
9243,Bruce,Riddle,Female,baileycoleman@example.org,026-423-3039,9/11/2034,Video editor
9244,Rita,Hunter,Male,rollinsdalton@example.net,+1-626-944-8779x26925,27-02-70,Dancer
9245,Beth,Carroll,Female,wtrujillo@example.net,+1-353-019-3814x7657,31-10-24,Minerals surveyor
9246,Carrie,Joyce,Male,houseriley@example.net,001-674-957-8500x5176,3/4/2008,Soil scientist
9247,Mindy,Kaiser,Female,watersdaryl@example.net,+1-088-373-1514x63638,8/8/2012,"Engineer, energy"
9248,Antonio,Forbes,Male,varias@example.org,333.547.4961,17-04-11,Energy engineer
9249,Kara,Schmitt,Female,mgamble@example.com,8914581313,1/4/2020,Insurance risk surveyor
9250,Jo,Warner,Female,xcasey@example.net,(025)473-0008x86265,19-06-34,Metallurgist
9251,Erik,Steele,Male,isaac59@example.org,751.277.6054x8774,28-02-17,Television production assistant
9252,Marilyn,Bonilla,Female,breanna06@example.org,714-519-2123,21-07-12,Licensed conveyancer
9253,Gavin,Le,Female,adrienne69@example.org,(258)427-4424x323,19-06-12,Insurance broker
9254,Sonya,Diaz,Female,myersbethany@example.org,932-147-4915,12/4/2047,"Embryologist, clinical"
9255,Allen,Powell,Male,ewingglen@example.com,140.887.0872,16-03-87,Company secretary
9256,Dustin,Jefferson,Male,rachelhubbard@example.org,657.651.1002,26-07-50,Prison officer
9257,Donna,Webb,Female,kchurch@example.net,+1-533-874-0149x2445,5/2/1998,English as a foreign language teacher
9258,Danielle,Reese,Male,janicehays@example.net,987.628.6588,13-08-39,Multimedia programmer
9259,Savannah,Schroeder,Male,jill87@example.com,995-488-3373x70611,27-04-39,Fine artist
9260,Molly,Cardenas,Male,mathewfletcher@example.com,(767)461-1351,19-05-15,"Investment banker, corporate"
9261,Malik,Porter,Male,beckyjefferson@example.org,001-917-515-0210,8/5/2013,Medical technical officer
9262,Kerry,Sandoval,Male,kelliebuchanan@example.net,991501589,16-08-77,Hydrologist
9263,Bailey,Dougherty,Female,lgilmore@example.org,882-842-9355,24-10-16,Fisheries officer
9264,Maxwell,Wilkins,Male,gavinmoreno@example.com,(735)752-3860,28-10-76,Media planner
9265,Douglas,Reed,Male,connertrevor@example.org,(415)659-7919,12/5/2014,Careers adviser
9266,Katrina,Wiggins,Male,landrychloe@example.org,(003)686-8972x706,14-01-56,Veterinary surgeon
9267,Rachael,Warren,Male,bartondan@example.net,001-437-076-2013x4335,17-11-76,Theatre manager
9268,Eileen,Leblanc,Male,reneewest@example.com,001-662-912-9523x8948,30-06-68,Chief Strategy Officer
9269,Alejandra,Villanueva,Female,tgraves@example.net,(860)360-3660,20-05-82,Television floor manager
9270,Stanley,Porter,Male,diamondboyle@example.com,785.492.2559,17-08-09,"Engineer, technical sales"
9271,Parker,Trevino,Female,caitlin68@example.net,866.548.1200x25897,15-12-20,Technical sales engineer
9272,Emily,Malone,Male,beth11@example.org,369-685-9439,10/7/2005,Materials engineer
9273,Felicia,Waller,Male,hstanton@example.net,(776)199-3924x02023,12/3/2005,"Psychologist, clinical"
9274,Eileen,Frey,Female,selenaholder@example.com,+1-689-935-0593x45160,13-12-74,Magazine features editor
9275,Frances,Bates,Female,jacksonpowell@example.org,+1-982-208-4342x088,22-11-08,Best boy
9276,Adrienne,Robertson,Male,bianca53@example.org,646-359-9024x6133,24-04-40,Media planner
9277,Christie,Stein,Male,preeves@example.net,860.261.7641,22-09-58,"Development worker, international aid"
9278,Trevor,Anderson,Male,colinbuckley@example.com,652-582-2979,29-06-62,Advertising account planner
9279,Kara,Lawson,Female,hollowaykristine@example.net,070-376-3862x6886,22-05-33,"Programmer, systems"
9280,Christine,Sanders,Male,callahansandy@example.net,421.498.8254,16-10-96,Therapeutic radiographer
9281,Deanna,Kaiser,Female,carlos20@example.org,2164583125,1/7/1964,"Radiographer, therapeutic"
9282,Mary,Davidson,Female,millsjohnny@example.com,+1-364-872-2378x3542,29-08-83,"Designer, television/film set"
9283,Janet,Roach,Male,jocelyn95@example.net,+1-105-271-1793x04907,26-02-91,Geographical information systems officer
9284,Terrence,Barry,Female,pbrennan@example.net,1989020154,7/7/2036,"Teacher, English as a foreign language"
9285,Nina,Carroll,Female,lindanicholson@example.com,001-629-072-9482x3282,23-08-20,Fitness centre manager
9286,Shelby,Hines,Male,bettyrichardson@example.com,+1-942-665-9998x5683,26-10-17,Fisheries officer
9287,Rita,Carr,Male,doris72@example.com,678-222-5119,4/12/1969,Claims inspector/assessor
9288,Ronnie,Stevenson,Female,jodyer@example.org,823.745.6245x30505,9/4/1979,Science writer
9289,Marvin,Arnold,Male,marilyn35@example.org,7246619270,20-11-36,English as a second language teacher
9290,Howard,Randall,Male,sherrycampos@example.net,112-554-8494x74918,13-02-98,Company secretary
9291,Kathy,David,Male,hchung@example.com,+1-914-400-1184x63846,10/9/1977,"Investment banker, operational"
9292,Suzanne,Santiago,Male,qwilliamson@example.com,+1-338-641-4969x5234,2/4/1983,Press sub
9293,Chase,Ramos,Male,riley17@example.com,(816)033-9548,4/3/2036,Editorial assistant
9294,Maurice,Chase,Female,vcameron@example.com,387-269-7876,2/11/2044,Writer
9295,Sally,Mccall,Male,robersoncarolyn@example.org,001-654-937-2932,27-06-39,Water quality scientist
9296,Timothy,Powell,Male,kevinzuniga@example.com,+1-711-755-8992x59731,15-10-30,Biomedical engineer
9297,Cassandra,Hardin,Female,donnalee@example.com,-8222,25-05-33,Geophysical data processor
9298,Russell,Rojas,Male,achung@example.net,7792971621,30-08-15,Aeronautical engineer
9299,Shelby,Calderon,Male,boothbeth@example.com,(482)360-8511,3/11/1955,Arboriculturist
9300,Paige,Owen,Male,pdaniels@example.org,939.474.5557x07296,25-07-22,"Designer, ceramics/pottery"
9301,Priscilla,Mcdonald,Male,feliciadowns@example.org,093-554-0948x7669,13-08-95,"Restaurant manager, fast food"
9302,Alexis,Duarte,Female,hendersonmaxwell@example.com,380.169.2438x1326,30-08-78,"Conservator, furniture"
9303,Arthur,Jordan,Male,reginajohnson@example.com,001-813-533-2669,22-07-95,Diagnostic radiographer
9304,Alfred,Landry,Male,carlyu@example.com,+1-627-378-0803x74048,4/4/2014,Clinical psychologist
9305,Jordan,Kidd,Female,mikayla29@example.com,971-995-7408x482,2/9/2038,Landscape architect
9306,Terrence,Blankenship,Female,kathy97@example.net,(666)078-8896x4024,10/10/2004,"Scientist, audiological"
9307,Darryl,Vasquez,Male,jimmyrice@example.net,922.246.0464x4996,18-06-00,"Scientist, research (physical sciences)"
9308,Collin,Malone,Female,manuel55@example.org,-1778,2/10/2019,"Merchandiser, retail"
9309,Ashley,Hale,Female,elizabethmeyers@example.net,978-162-8745,8/9/2007,Oncologist
9310,Austin,Keith,Female,hrosario@example.net,378.104.8072x885,21-06-41,Public librarian
9311,Marilyn,Russo,Male,rachaelsutton@example.net,001-663-541-8903,6/11/1980,Equities trader
9312,Mitchell,Schultz,Female,mahoneydennis@example.org,1916645721,13-02-19,Museum/gallery conservator
9313,Shane,Carpenter,Male,tyler94@example.org,001-042-369-8012x1042,21-05-87,Politician's assistant
9314,Matthew,Boone,Female,jeanpineda@example.net,947.840.6864,7/2/1999,Health and safety inspector
9315,Joyce,Braun,Female,latashabauer@example.org,001-501-859-5955x394,30-07-98,Clinical embryologist
9316,Bryan,Freeman,Male,riversshelly@example.net,409.776.9651,9/5/2043,Soil scientist
9317,Derek,Odom,Male,reevesjorge@example.com,(737)902-7143,22-04-97,Dramatherapist
9318,Angel,Levy,Male,jacobsonroberta@example.com,106.277.0261,11/10/2040,Pensions consultant
9319,Summer,Mata,Female,douglasgentry@example.com,3710201362,7/10/2015,"Engineer, water"
9320,Shane,Shepherd,Male,joannestout@example.com,001-016-927-0032x2207,1/11/2044,Veterinary surgeon
9321,Derrick,Russell,Male,bill47@example.com,001-384-599-4408x70649,14-05-60,Product manager
9322,Mario,Coffey,Female,alexandra34@example.com,(975)467-9030x7135,8/6/1984,Tour manager
9323,Fernando,Gonzales,Male,tcase@example.com,(478)704-9618x30593,15-12-35,Equities trader
9324,Nichole,Watts,Male,jillian85@example.com,556.674.8023x43960,21-10-65,Facilities manager
9325,Nichole,Ingram,Female,nicholashubbard@example.net,(186)698-8027,3/8/1964,Animator
9326,Joshua,Mcbride,Female,vnielsen@example.com,368.422.0683x963,26-03-10,Telecommunications researcher
9327,Evan,Wiggins,Female,dbailey@example.com,+1-741-481-5219x59776,15-06-21,"Designer, textile"
9328,Jo,Simpson,Female,erikvaldez@example.net,814.251.2336x19717,17-06-79,Field trials officer
9329,Mary,Herrera,Female,tami43@example.org,817.230.7133,27-09-93,"Accountant, chartered public finance"
9330,Mia,Conner,Female,ghatfield@example.com,(374)644-7515,30-10-05,Sports administrator
9331,Sheena,Bowers,Female,jesushawkins@example.org,+1-586-762-6919x0412,5/7/2038,"Lecturer, further education"
9332,Bobby,Zhang,Female,fbuck@example.com,136-216-1223,21-06-09,Conference centre manager
9333,Max,Rose,Female,mcclainpatricia@example.org,765.459.7007x83900,24-12-13,Furniture designer
9334,Dennis,Castaneda,Female,jay57@example.net,078.516.3616,14-04-54,"Scientist, research (physical sciences)"
9335,Lindsey,Mooney,Male,ngibbs@example.org,783.865.8733x730,10/7/2004,"Engineer, technical sales"
9336,Victoria,Marks,Female,jennyponce@example.net,017.641.8129,24-04-09,Barista
9337,Autumn,Romero,Female,alec61@example.org,+1-586-938-5739x597,5/4/2021,Database administrator
9338,Ruth,Gay,Male,lsmith@example.com,7982846640,15-05-42,Fitness centre manager
9339,Nicolas,Wright,Male,fcampbell@example.net,+1-017-193-3626x9373,15-02-47,Medical illustrator
9340,Patty,Warner,Male,rebekahwaters@example.com,+1-846-347-6319x09591,16-04-87,Food technologist
9341,Lacey,Wise,Female,morrisonkylie@example.net,(791)833-2067x9058,11/8/1999,"Buyer, industrial"
9342,Jennifer,Becker,Male,mcastillo@example.com,113-422-2295,23-10-20,Archaeologist
9343,Shane,Clay,Female,kelseygreene@example.com,(681)143-7205x0473,2/2/2005,"Programmer, applications"
9344,Brady,Pineda,Male,hskinner@example.org,887.365.8882x909,14-11-00,Theatre stage manager
9345,Kristi,Mosley,Female,ballardbill@example.net,001-921-649-9800,8/4/1952,Hotel manager
9346,Chelsea,Bolton,Male,kathleenmalone@example.org,431-576-7601x514,7/8/1979,Technical sales engineer
9347,Martha,Archer,Female,elaine65@example.org,001-672-701-9540x745,28-12-60,Comptroller
9348,Frederick,Wang,Female,wadesonya@example.com,(998)174-2552x9169,28-01-64,Operational researcher
9349,Michelle,Morgan,Male,joconnell@example.com,+1-698-940-2669x9523,17-12-24,Armed forces logistics/support/administrative officer
9350,Bobby,Terry,Male,tdonovan@example.net,+1-194-381-3645x943,5/4/2043,Commissioning editor
9351,Frederick,Warner,Female,francoalan@example.com,(583)694-4340,15-11-56,Pathologist
9352,Brendan,Mathews,Female,amandalang@example.com,524.643.6213,27-04-54,Exhibition designer
9353,Lindsey,Bender,Male,calebfisher@example.com,467.481.5858x06523,18-12-28,"Psychologist, educational"
9354,Nathan,Lin,Male,jillowen@example.org,917.195.4146x2709,4/12/1955,Theatre manager
9355,Jocelyn,Andrews,Female,dwade@example.com,001-930-056-5736x3539,20-11-53,Chief Operating Officer
9356,Jonathon,Pratt,Male,vaughnrick@example.com,+1-863-569-0304x33731,27-08-37,Clothing/textile technologist
9357,Shelia,Eaton,Female,adamscheyenne@example.org,-3032,21-07-53,Regulatory affairs officer
9358,Bryce,Sawyer,Female,herrerakristin@example.org,316-398-7621,22-01-75,"Surveyor, land/geomatics"
9359,Gavin,Santos,Female,melissacollier@example.com,001-864-867-4172x551,25-11-21,Water engineer
9360,Herbert,Burch,Male,sheena66@example.org,748.746.9476x375,25-02-41,Trading standards officer
9361,Shaun,Stuart,Female,bbuchanan@example.com,+1-016-082-8976x973,2/8/2023,Fine artist
9362,Stanley,Hall,Male,singhdenise@example.org,447-811-4722x238,18-02-96,"Therapist, horticultural"
9363,Eduardo,Compton,Female,jill62@example.org,636-464-3317x98668,11/11/1981,Bonds trader
9364,Rose,Briggs,Male,ycuevas@example.net,237-703-5851x5960,3/4/2047,Radio broadcast assistant
9365,Andres,Holder,Male,vanessa07@example.org,026.348.2662x55121,3/3/1999,Industrial buyer
9366,Levi,Mcneil,Female,gbowman@example.net,386.753.3956x754,12/12/1965,Acupuncturist
9367,Carolyn,Potts,Female,mccoymonica@example.org,(992)105-2674x05925,6/4/1978,Armed forces technical officer
9368,Daniel,Mcknight,Female,rogerhines@example.com,+1-297-430-1780x7370,3/5/2043,Financial manager
9369,Clarence,Zimmerman,Male,douglas79@example.com,+1-613-555-8181x71049,1/3/2021,Data scientist
9370,Glenn,Leblanc,Female,gritter@example.com,(923)841-0184x4038,8/9/2027,Lobbyist
9371,Kirk,Reilly,Female,salinasjerry@example.com,232-367-0789,20-07-12,Graphic designer
9372,Paige,Padilla,Female,maxwellmaria@example.com,+1-506-255-2739x29209,24-06-59,Computer games developer
9373,Brenda,Valdez,Female,duncanheather@example.com,(726)974-1116,12/11/2038,Mental health nurse
9374,Eric,Riddle,Female,landerson@example.net,131.166.8889x2969,5/2/2041,Armed forces training and education officer
9375,Spencer,Mcgee,Male,melvinmayo@example.org,556-830-8461x750,11/10/2015,Bonds trader
9376,Gregory,Bell,Female,clarkeallen@example.com,707-406-0126,7/6/2015,"Optician, dispensing"
9377,Sydney,Blankenship,Male,hatfieldalexis@example.com,-1235,5/5/1962,"Administrator, sports"
9378,Kathy,Winters,Male,perry94@example.org,828.890.5515x5936,18-10-59,Microbiologist
9379,Eric,Atkins,Male,rebekah03@example.com,(597)103-0034x70842,20-12-18,Secondary school teacher
9380,Donna,Rangel,Female,sonya74@example.net,3726716184,2/11/2047,"Engineer, petroleum"
9381,Mariah,Davila,Male,jermaineford@example.net,(815)546-2269x017,20-05-16,Radio broadcast assistant
9382,April,Burnett,Male,marco46@example.com,+1-559-139-6877x30770,30-10-11,Commissioning editor
9383,Sheena,Snow,Male,carlsoncharles@example.org,(497)124-1662x969,12/8/2015,Illustrator
9384,Wayne,Coffey,Female,adriennedickson@example.net,001-437-000-2448x350,5/10/1989,"Conservation officer, nature"
9385,Elizabeth,Webster,Female,todd07@example.com,084.619.0352,10/12/2046,"Scientist, forensic"
9386,Kelli,Marks,Female,bensonshirley@example.net,247.245.8178x68727,10/2/2011,Financial manager
9387,Hayley,Garrett,Male,prestonknapp@example.org,606.695.6165,21-09-03,Insurance account manager
9388,Alan,Bray,Female,tylerforbes@example.com,060.569.1833,25-07-20,Human resources officer
9389,Tyler,Vang,Female,darlene02@example.org,8426412668,24-08-21,Surgeon
9390,Carmen,Stanley,Male,ivanjefferson@example.org,941-243-8175x67988,5/6/2019,"Pharmacist, hospital"
9391,Leonard,Meyers,Female,bergernorma@example.com,+1-179-248-6259x43429,22-02-52,Chief Marketing Officer
9392,Briana,Michael,Female,hardinroger@example.com,001-026-565-3659x65602,4/1/1973,Contractor
9393,Brenda,Turner,Female,maureen33@example.org,001-463-381-8613x720,16-05-99,"Accountant, chartered management"
9394,Xavier,Dominguez,Male,shirley85@example.com,(995)911-8548x01875,3/4/2045,Site engineer
9395,Leah,Mclean,Male,tonybeasley@example.com,536.087.3867,18-07-11,Speech and language therapist
9396,Stuart,Hoover,Male,hjames@example.org,001-325-438-2678,17-04-69,Market researcher
9397,Nina,Pitts,Female,sanchezgregory@example.org,479.796.1227x541,22-04-19,Intelligence analyst
9398,Caleb,Duke,Male,ooneal@example.com,748-461-5731x93802,30-12-49,"Surveyor, building control"
9399,Belinda,Keller,Male,moniquebush@example.org,952-169-5408x187,23-10-64,Arts development officer
9400,Mandy,Wong,Male,zmitchell@example.net,421.309.7137x75033,29-09-41,"Surveyor, hydrographic"
9401,Connor,Guzman,Female,braykathy@example.org,(109)734-7147x24815,28-02-08,Operational investment banker
9402,Lacey,Rogers,Male,xclark@example.com,122-322-8474x1000,21-05-39,Sports administrator
9403,Barry,Hull,Male,marcoboone@example.com,(349)036-7780x917,7/1/2017,"Scientist, research (life sciences)"
9404,Carol,Hoffman,Female,mcconnellgeorge@example.net,+1-617-932-1888x2141,25-09-18,"Scientist, forensic"
9405,Noah,Nolan,Male,alex18@example.com,741-923-9491x4050,1/6/2027,"Teacher, secondary school"
9406,Mindy,Haas,Male,ykline@example.com,001-777-215-3096x91250,14-07-80,Music tutor
9407,Franklin,Chang,Female,carmencarney@example.net,+1-235-242-4281x555,2/8/2037,"Designer, furniture"
9408,Julie,Bush,Male,emmasloan@example.org,+1-385-782-1887x648,19-03-07,Social worker
9409,Cesar,Berger,Male,hunter22@example.org,2717303765,12/10/2025,Network engineer
9410,Carly,Case,Female,bestgabriela@example.net,+1-834-704-8058x5822,14-12-63,Arts development officer
9411,Omar,Wolfe,Female,kaitlin54@example.com,(689)525-5531x20597,8/8/1982,Armed forces logistics/support/administrative officer
9412,Roger,Lynch,Female,twebster@example.net,001-816-447-2952,31-01-50,Nature conservation officer
9413,Alisha,Travis,Male,michele37@example.com,595.494.4011x53033,27-05-16,Radio producer
9414,Krystal,Little,Male,hwarner@example.org,001-870-028-2609,26-02-84,Production engineer
9415,Alexis,Everett,Male,eric71@example.com,(194)389-1670x22193,10/4/1969,Medical illustrator
9416,Mary,Edwards,Female,wzavala@example.net,438.000.0309x530,31-07-12,"Loss adjuster, chartered"
9417,Stacy,Shea,Female,vmathis@example.org,(704)450-8428,24-12-73,Geophysicist/field seismologist
9418,Ann,Faulkner,Female,elaine09@example.com,-6743,3/1/1976,Clinical cytogeneticist
9419,Alex,Oneill,Female,hammondlacey@example.com,(031)767-4307x89056,16-12-70,Therapeutic radiographer
9420,Hayden,Mata,Male,fesparza@example.org,198.592.1539x81441,29-01-08,Advertising art director
9421,Angel,Wilcox,Male,johnsonmackenzie@example.org,(926)349-1956,30-11-82,"Research officer, political party"
9422,Jon,Clay,Male,kaisercynthia@example.net,7528725388,2/5/2004,"Engineer, drilling"
9423,Nancy,Patterson,Female,gibbsshaun@example.org,+1-576-670-4068x1899,27-08-85,Medical secretary
9424,Warren,Walsh,Male,poolejoe@example.com,372-298-1823,27-04-87,"Pharmacist, community"
9425,Christina,Wallace,Female,allen10@example.net,+1-527-826-4099x650,23-08-65,Theatre manager
9426,Clifford,Bolton,Male,sherman@example.org,001-531-018-7066x0325,16-12-54,Forensic psychologist
9427,Parker,Pham,Male,levineethan@example.org,(300)805-4456,21-09-35,Arts administrator
9428,Louis,Mills,Female,nicolasriley@example.net,269-746-0612,12/11/2013,Emergency planning/management officer
9429,Paul,Stanton,Female,leroyhall@example.org,001-429-579-3345x1393,14-06-11,"Engineer, manufacturing"
9430,Gabriel,Henson,Female,tatkins@example.org,435-226-9511x617,18-02-05,Leisure centre manager
9431,Shannon,Oconnell,Female,warnerguy@example.com,+1-256-467-6563x40467,15-04-52,"Engineer, technical sales"
9432,Dale,Mcgee,Male,gallowaypeggy@example.com,360-074-4308x844,7/9/2039,Hospital pharmacist
9433,Clayton,Jacobs,Male,justinwilkinson@example.com,(195)677-5756,29-01-94,"Journalist, newspaper"
9434,Ariel,Mccormick,Female,gfuller@example.com,-7677,26-05-07,"Nurse, adult"
9435,Sergio,Zimmerman,Female,fbray@example.net,6333026222,12/1/2022,"Journalist, broadcasting"
9436,Shelby,Bullock,Female,sararogers@example.com,+1-700-543-5807x3115,3/4/1974,Armed forces logistics/support/administrative officer
9437,Ebony,Howard,Female,hoganrenee@example.com,001-319-570-1132x84546,14-05-25,Architect
9438,Amber,Clarke,Female,karla26@example.com,+1-924-696-4404x161,27-07-67,Broadcast journalist
9439,Meredith,Olson,Male,perry05@example.org,-3045,14-03-74,Community education officer
9440,Ashley,Clayton,Male,rpotts@example.org,+1-618-807-1961x580,7/6/1967,"Programme researcher, broadcasting/film/video"
9441,Carlos,Rosales,Male,ralph62@example.org,+1-496-773-8658x5894,15-02-93,Secondary school teacher
9442,Phyllis,Bond,Female,brittneymendez@example.net,485-448-1016x535,5/1/2008,Trade mark attorney
9443,Michele,Munoz,Male,bridget90@example.net,+1-109-236-2010x73562,28-11-83,Radio producer
9444,Lynn,Alvarez,Male,tknapp@example.com,+1-506-404-2914x714,25-04-79,Senior tax professional/tax inspector
9445,Jack,Wolf,Male,goodwinfred@example.net,001-236-406-5891x904,24-09-98,English as a second language teacher
9446,Adriana,Ellis,Female,susanramsey@example.com,(965)902-8281x1838,10/3/2021,Jewellery designer
9447,Jeanne,Buck,Female,caleb54@example.com,-5146,5/11/1955,Airline pilot
9448,Brandon,Velez,Male,kylie79@example.org,001-689-614-3911x682,19-06-99,Chief Marketing Officer
9449,Sonya,Harding,Female,margaretbender@example.org,536-076-8347,23-10-38,Applications developer
9450,Tonya,Blankenship,Male,jeanette81@example.org,8666869169,7/5/2004,Clinical psychologist
9451,Rachel,Poole,Male,damonarnold@example.com,(575)076-4649,29-04-39,Information systems manager
9452,Lee,Grimes,Female,shirleybooth@example.org,(573)316-7153x7522,13-01-83,"Programmer, applications"
9453,Nina,Shepard,Male,reneecooke@example.org,(065)339-0453x3259,29-04-20,Legal secretary
9454,Darrell,Nash,Female,klinekaylee@example.org,5462639732,6/6/1993,Recycling officer
9455,Bobby,Thornton,Female,melvinhebert@example.com,(325)176-1230,3/11/2020,Operations geologist
9456,Paige,Briggs,Female,bobby85@example.org,+1-536-719-4753x2908,23-04-76,"Geologist, engineering"
9457,Amanda,Velazquez,Male,warren67@example.org,+1-799-058-9531x51951,8/9/2023,Occupational psychologist
9458,Cassandra,Henson,Male,kayla27@example.org,077.733.7034,23-03-16,Chief Strategy Officer
9459,Phyllis,Barrera,Male,qhaley@example.org,+1-081-031-4207x873,11/10/1995,"Surveyor, hydrographic"
9460,Mallory,Molina,Female,brendan35@example.org,(521)909-1383,17-08-79,Chartered accountant
9461,Devon,Berry,Male,tasha62@example.com,166-545-7904x39791,3/2/2002,"Runner, broadcasting/film/video"
9462,Alan,Wagner,Female,dana87@example.com,401.309.0666x9924,18-05-81,Copy
9463,Brittany,Strickland,Male,john35@example.net,4813384296,16-10-14,Pathologist
9464,Marco,Morrison,Female,xcastillo@example.com,(387)094-2322x295,30-05-98,Interpreter
9465,Daniel,Hill,Male,cummingsgrace@example.net,913.731.9065x3857,18-03-43,"Designer, ceramics/pottery"
9466,Madison,Branch,Male,emilysantiago@example.com,411-100-4293,27-05-04,"Teacher, English as a foreign language"
9467,Regina,Lucero,Male,bettymeza@example.net,7040745947,28-06-59,"Programmer, systems"
9468,Adrian,Dougherty,Female,zavalajasmin@example.org,+1-929-666-5183x2763,12/4/2048,"Production assistant, television"
9469,Kristine,Molina,Male,roysilva@example.net,220-380-1213x919,20-08-61,Web designer
9470,Wendy,Fernandez,Female,ipugh@example.net,3969560513,30-09-84,IT technical support officer
9471,Kristopher,Eaton,Female,angelhartman@example.com,001-591-707-4506x539,15-09-31,Jewellery designer
9472,Marcus,Francis,Female,jeremiah06@example.net,4053144439,12/3/2019,Public affairs consultant
9473,Roger,Barajas,Female,dwaynenorman@example.org,969.676.8686x4885,19-12-47,"Engineer, maintenance (IT)"
9474,Colleen,Wilcox,Female,opeterson@example.net,555-549-3290,5/3/2012,Hydrogeologist
9475,Marcia,Sloan,Female,terranceterrell@example.com,001-353-467-1280x396,10/6/1967,Writer
9476,Cindy,Ferrell,Female,tdecker@example.net,+1-240-782-0423x2877,23-06-34,Sub
9477,Bonnie,Glover,Male,mmccullough@example.org,+1-363-354-9501x924,4/11/2031,"Journalist, broadcasting"
9478,Marie,Moses,Male,vbuck@example.net,876.337.4800x83236,22-04-07,Medical secretary
9479,Manuel,Villa,Male,jorgedaugherty@example.net,(794)805-9370x25022,8/9/2021,"Engineer, materials"
9480,Alexandria,Liu,Female,vlove@example.net,986.024.1787x0570,5/12/2011,Prison officer
9481,Vicki,Li,Male,morsewendy@example.org,299.300.6440x9134,11/1/1995,"Teacher, music"
9482,Marilyn,Finley,Male,ohodge@example.net,+1-404-188-3519x5002,6/10/2013,Clinical biochemist
9483,Dorothy,Shepherd,Male,zamorasharon@example.com,887.141.0711x5859,27-11-46,"Administrator, local government"
9484,Diane,Yoder,Female,tasharosales@example.org,(100)195-3368x0058,15-10-31,Advertising copywriter
9485,Julian,Fletcher,Male,chancock@example.org,001-055-585-2967x2321,28-10-14,Careers adviser
9486,Ricardo,Bentley,Male,martha30@example.com,(649)927-3047,18-07-32,Publishing rights manager
9487,Joy,Leon,Male,perezclayton@example.net,+1-513-260-8143x865,3/8/1988,Chiropractor
9488,Erika,Christensen,Female,eatkinson@example.net,(431)725-9585,26-01-95,"Conservation officer, historic buildings"
9489,Johnny,Rangel,Male,vowens@example.com,(562)913-1251x77088,13-06-21,Music therapist
9490,Xavier,Campbell,Male,ricespencer@example.net,001-591-413-5576,7/7/1988,Probation officer
9491,Tiffany,Roth,Male,yvonne97@example.net,942-785-9638x14321,23-08-16,Structural engineer
9492,Annette,Bolton,Female,roblesmindy@example.com,750.606.8986x8815,24-05-79,Neurosurgeon
9493,Meagan,Trevino,Male,gavin51@example.com,675-632-4650x59642,3/2/2018,"Scientist, forensic"
9494,Richard,Matthews,Male,jackiefranco@example.com,487.730.2661x8119,5/11/1998,Oncologist
9495,Gordon,Odom,Male,bradley21@example.com,001-770-347-5717x528,11/12/1981,Mental health nurse
9496,Patrick,Hansen,Male,christinajarvis@example.org,371.002.5627x2366,4/6/2002,Emergency planning/management officer
9497,Crystal,Boone,Male,donaldsondorothy@example.com,295.287.9109,22-09-68,Database administrator
9498,Riley,Yu,Male,valerie29@example.org,6498006846,7/4/1967,Geophysicist/field seismologist
9499,Diane,Hoover,Male,javier14@example.net,+1-860-536-8294x2156,31-01-11,Graphic designer
9500,Jade,Hoover,Female,maliksampson@example.org,001-678-197-1684x649,30-05-54,"Producer, television/film/video"
9501,Dillon,Cooke,Female,margaret14@example.org,-4035,3/12/2044,Public affairs consultant
9502,Erin,Thomas,Female,charlesschroeder@example.com,582.290.7519x8411,28-02-63,"Lecturer, further education"
9503,Paige,Callahan,Female,ibeck@example.org,001-930-057-1241x6536,29-12-33,"Pharmacist, hospital"
9504,Tonya,Beltran,Female,swansonbrad@example.net,(922)589-5065,9/11/2008,Soil scientist
9505,Andres,Henderson,Male,dorothyrichardson@example.net,296-444-1941x403,11/3/2033,"Engineer, broadcasting (operations)"
9506,John,Cannon,Male,paulochoa@example.net,001-495-063-7077x6470,4/3/2028,Patent attorney
9507,Brian,Weiss,Male,hmiranda@example.org,001-685-018-6260x8713,2/6/2035,Marketing executive
9508,Ana,Gates,Female,nancy68@example.com,+1-526-724-3916x04678,28-03-95,Training and development officer
9509,Ariana,Henderson,Male,sharonkent@example.org,888.130.4203,14-05-26,Writer
9510,Stephen,Barber,Female,amolina@example.net,+1-278-896-1189x87518,11/11/1957,Chartered public finance accountant
9511,Mitchell,Brennan,Female,tonya75@example.org,+1-728-321-5557x316,12/2/1957,"Copywriter, advertising"
9512,Jeanette,Willis,Female,cobrien@example.com,(919)413-2516,7/5/1955,"Accountant, chartered management"
9513,Brandy,Fisher,Female,stacy01@example.org,661.122.4400,5/4/2018,Community pharmacist
9514,Molly,Blair,Female,jimhardin@example.org,(995)110-7481x6735,27-12-02,Press photographer
9515,Martin,English,Female,mirandamonique@example.org,001-628-839-9677x329,5/1/1993,"Engineer, maintenance (IT)"
9516,Tamara,Cooke,Male,brett80@example.com,(568)125-6550x1205,17-07-38,"Scientist, audiological"
9517,Kristi,Adkins,Male,nlambert@example.net,443-077-9798,11/1/2013,Event organiser
9518,Luis,Todd,Male,alexandercowan@example.org,001-947-625-6419x70505,17-06-85,Public house manager
9519,Kenneth,Lynn,Female,xgarcia@example.net,845-688-0041x07446,23-01-14,"Loss adjuster, chartered"
9520,George,Beasley,Male,kerrygamble@example.net,+1-638-764-5275x16322,29-10-49,Music therapist
9521,Shawn,Summers,Male,phillipgood@example.net,+1-369-065-1807x2311,5/1/2013,Multimedia programmer
9522,Dan,Stein,Male,ellendavid@example.org,664-425-3589,13-04-16,"Surveyor, building"
9523,Hayden,Livingston,Male,barbara68@example.com,(310)600-2503x00589,12/12/2016,Quantity surveyor
9524,Virginia,Lawrence,Male,pamhinton@example.net,(732)505-5613,18-11-26,Information officer
9525,Valerie,Kane,Female,hrobertson@example.net,656.625.6889,23-07-90,Environmental manager
9526,Sergio,Montgomery,Male,traviskramer@example.org,001-974-524-0205x2911,17-03-26,Electrical engineer
9527,Breanna,Grant,Male,qfields@example.com,(107)383-1674x18075,12/5/2012,Medical physicist
9528,Gilbert,Dominguez,Male,veronica98@example.net,(837)235-1710,19-12-06,"Engineer, maintenance (IT)"
9529,Mackenzie,Allen,Male,barryreilly@example.net,898.221.7449,19-10-19,Public librarian
9530,Lucas,Bowman,Male,henryponce@example.com,+1-618-509-1903x9713,6/10/2029,Counsellor
9531,Stephen,Gardner,Male,dariuspearson@example.org,322-022-1786,24-08-34,Insurance risk surveyor
9532,Bill,Russo,Male,bcalderon@example.com,001-884-692-7790x11394,24-11-15,"Engineer, energy"
9533,Howard,Sherman,Male,pfreeman@example.org,-6899,10/10/2012,Recruitment consultant
9534,Peggy,Stafford,Female,amandakelly@example.net,223.754.9377,18-01-80,"Civil engineer, contracting"
9535,Patty,Huff,Female,jaimemadden@example.net,(421)756-8788x12518,14-06-32,Osteopath
9536,Lacey,Calderon,Female,stacieavila@example.org,970.475.7439,1/11/2008,"Engineer, technical sales"
9537,Thomas,Lawson,Female,mcdowellnoah@example.net,(281)609-2667,21-10-98,Veterinary surgeon
9538,Evan,Michael,Male,malik80@example.org,7922238572,24-06-62,"Psychologist, prison and probation services"
9539,Jessica,Bowman,Male,jenningsbreanna@example.net,001-173-952-1112x504,3/9/1968,Town planner
9540,Lauren,Petersen,Female,bonniefranklin@example.org,101-428-1684x160,18-02-38,Historic buildings inspector/conservation officer
9541,Cheyenne,Payne,Female,fgross@example.net,001-419-882-1195,4/5/1998,Copy
9542,Meagan,Hooper,Female,jdiaz@example.org,(654)609-9039x12799,23-07-10,Multimedia specialist
9543,Darius,Gonzales,Female,lechris@example.org,+1-814-353-7017x12629,24-10-68,"Accountant, chartered management"
9544,Zachary,Romero,Male,qpatterson@example.org,+1-870-317-9733x8882,13-03-72,Outdoor activities/education manager
9545,Tyler,Glover,Male,evelynaustin@example.net,(195)104-8843x6931,5/11/2018,Air cabin crew
9546,Ronnie,English,Female,michael31@example.net,491-521-8089,20-12-10,Chartered loss adjuster
9547,Mikayla,Shelton,Female,shanewang@example.com,001-392-542-7657x4174,6/1/1972,Radiation protection practitioner
9548,Hailey,Kline,Male,klineclaudia@example.org,5337064195,10/6/2046,Forensic scientist
9549,Clayton,Lester,Female,darrenlucas@example.org,411.903.5753,10/3/2009,"Investment banker, corporate"
9550,Karl,Black,Male,manuel31@example.org,+1-151-843-6685x5616,17-10-13,Audiological scientist
9551,Tiffany,Strickland,Male,wrightfrank@example.net,(993)261-4241x069,11/1/2025,Dentist
9552,Jose,Butler,Male,claytonbaker@example.org,120-740-8426x7646,15-12-15,Herpetologist
9553,Chloe,Caldwell,Male,colleencamacho@example.org,829.586.9699x9858,17-03-86,"Surveyor, mining"
9554,Greg,Riley,Male,marthalandry@example.com,987-381-4360x86354,23-01-16,"Scientist, forensic"
9555,Nina,Phillips,Male,lmarks@example.net,928-596-5660x527,15-08-11,Naval architect
9556,Jeffrey,Klein,Male,kaitlyncowan@example.org,-5789,13-04-20,"Therapist, nutritional"
9557,Andres,Wade,Male,pughjackson@example.net,230.673.9130x1709,26-07-34,Medical sales representative
9558,Johnny,Powell,Female,herringjane@example.com,506.077.5042x122,9/11/2049,Gaffer
9559,Cheryl,Todd,Female,joyce53@example.com,6683549001,15-01-28,Public librarian
9560,Dean,Miller,Male,ukidd@example.org,(784)908-5963x5086,19-08-75,Film/video editor
9561,Norma,Mathews,Female,johnny75@example.org,001-066-709-2963x966,3/6/1988,Commercial horticulturist
9562,Caleb,Ho,Male,jim60@example.org,+1-782-511-3749x941,21-02-08,Tree surgeon
9563,Juan,Clay,Female,joyceshane@example.net,001-559-568-8301x404,24-02-36,Microbiologist
9564,Allen,Oneal,Male,twu@example.net,432-296-5340,26-05-58,Nutritional therapist
9565,Chris,Castaneda,Male,barry90@example.com,011-380-9458,12/4/2049,"Surveyor, quantity"
9566,Lee,Sawyer,Female,francesdurham@example.net,277-057-3086x65660,6/4/1954,Patent examiner
9567,Jocelyn,White,Female,tommyday@example.net,001-415-001-9699x63276,18-11-17,Education administrator
9568,Alexis,Frazier,Female,ochoaadrienne@example.org,473-900-4397,4/4/2021,"Engineer, agricultural"
9569,Ariel,Huang,Male,mcmillanapril@example.com,001-838-123-1712,9/6/2006,Retail buyer
9570,Tyler,Knight,Male,colemanbarry@example.com,976-147-3801x544,6/8/1983,Retail banker
9571,Lauren,Perkins,Female,wilkinsonsteven@example.net,-1212,23-06-82,Chief Strategy Officer
9572,Jesus,Walsh,Female,dudleyfranklin@example.org,606.557.3215,22-02-60,Fast food restaurant manager
9573,Mikayla,Benitez,Male,elaine07@example.com,(830)955-7650,18-02-19,Careers information officer
9574,Bonnie,Farley,Male,brittany41@example.com,+1-734-039-6233x984,16-05-98,Location manager
9575,Edgar,Reed,Female,kristenkeith@example.org,690.051.9562,23-08-28,Advertising account executive
9576,Claudia,Gibbs,Female,lbishop@example.com,758.248.8597x397,1/8/2014,Intelligence analyst
9577,Debra,Webb,Female,alvin88@example.net,+1-926-213-1115x362,18-08-00,Airline pilot
9578,Madison,Erickson,Male,jeffrey65@example.com,3929464856,18-08-92,Sport and exercise psychologist
9579,Roy,Good,Female,merceredwin@example.com,421.865.2231x17558,18-10-17,Health and safety inspector
9580,Deanna,Hahn,Male,mejiawesley@example.com,857.784.1013,13-06-57,Contracting civil engineer
9581,Rickey,Carter,Male,ray59@example.org,001-420-121-0746x9073,18-12-19,Armed forces logistics/support/administrative officer
9582,Connor,Duke,Female,tclayton@example.org,-6747,22-01-84,Radio producer
9583,Maxwell,Galvan,Male,zachary15@example.com,+1-878-656-1542x111,24-03-03,Herpetologist
9584,Robert,Duncan,Female,maldonadologan@example.org,314-211-0778,13-06-21,Legal executive
9585,Noah,Cooper,Male,bduffy@example.com,831.387.2554,6/3/1992,Industrial buyer
9586,Bianca,Anderson,Female,samantha83@example.org,362.580.3273x6750,4/9/1972,"Producer, radio"
9587,Jordan,Oneal,Male,teresahuffman@example.org,(697)197-2185x74160,11/4/1994,Rural practice surveyor
9588,Tammie,Olsen,Female,todd13@example.com,662.546.5999x587,14-03-19,Clothing/textile technologist
9589,Jennifer,Mcclure,Female,whiteraven@example.org,-2230,20-02-82,Water quality scientist
9590,Tammy,Nguyen,Male,maxwell33@example.com,585.748.0079x168,16-02-21,English as a foreign language teacher
9591,Dalton,Silva,Female,ushah@example.net,+1-015-476-0310x83395,5/4/2027,Occupational hygienist
9592,Victoria,Duke,Female,bernardrivas@example.net,5189741300,28-12-79,Marine scientist
9593,Tracey,Carson,Male,penasusan@example.net,+1-415-966-6050x164,16-11-18,Public relations account executive
9594,Phillip,Molina,Male,karifitzgerald@example.com,(360)595-9178x204,1/5/2020,Wellsite geologist
9595,Shari,Hahn,Male,solomondoris@example.org,-5916,27-06-61,Food technologist
9596,Emma,Lam,Male,nancychristian@example.org,668.807.5354x779,27-09-38,Print production planner
9597,Joanne,Ross,Female,emily57@example.com,598-348-5978x67384,31-05-13,Acupuncturist
9598,John,Marsh,Male,phyllisbeard@example.net,832-930-9795,9/2/2022,Environmental education officer
9599,Dan,Tate,Female,smalltasha@example.org,(260)319-2938,17-06-59,Database administrator
9600,Victoria,Santiago,Female,robertarobles@example.org,001-200-650-6676x4896,24-08-19,"Buyer, industrial"
9601,Xavier,Marquez,Male,rachael01@example.net,697-504-2721,19-06-29,IT technical support officer
9602,Jasmin,Shea,Male,rholloway@example.org,3244342658,17-12-04,"Psychologist, counselling"
9603,Yolanda,Bryant,Male,ashley99@example.com,001-469-475-5413x17317,30-03-20,Chartered loss adjuster
9604,Sophia,Horton,Male,charlene85@example.net,-9384,25-08-01,Dance movement psychotherapist
9605,Olivia,Gates,Male,jordanmaynard@example.com,857-838-8542x12436,7/10/1978,"Engineer, mining"
9606,Luis,Zavala,Male,lesterbradley@example.net,246-651-0710x253,9/6/1970,Dance movement psychotherapist
9607,Darren,Levine,Female,kelly82@example.com,001-319-277-4134x87930,5/10/1988,Art gallery manager
9608,Melanie,Cordova,Male,nancy37@example.net,001-920-659-5060,20-02-59,Broadcast presenter
9609,Molly,Bradley,Female,kelliadams@example.org,001-512-101-1081x61490,14-09-11,Careers information officer
9610,Theresa,Conner,Female,bbell@example.com,929.193.4077x8334,15-06-73,"Pilot, airline"
9611,Phyllis,Henson,Female,reillydaisy@example.com,+1-019-670-5524x622,13-07-95,Building surveyor
9612,Mitchell,Gibson,Female,rmcknight@example.net,271-578-4414,19-01-11,"Editor, commissioning"
9613,Darren,Gallagher,Male,janetdavenport@example.com,258-224-2642x7750,17-03-01,"Lecturer, higher education"
9614,Jeffery,Arroyo,Female,shanepena@example.org,(700)729-1554x48407,10/5/2019,Advice worker
9615,Parker,Werner,Female,melanie26@example.com,-10847,11/3/2004,Lexicographer
9616,Mario,Harper,Female,hmann@example.com,001-951-189-7573,5/11/2007,Police officer
9617,Cheryl,Manning,Male,jadeprince@example.org,001-775-784-7690x2251,2/11/2012,"Doctor, general practice"
9618,Leroy,Baird,Male,colleen84@example.com,+1-050-021-8997x43826,12/2/2039,Museum/gallery curator
9619,Jeanne,Wolf,Female,omorrison@example.org,300-632-9568,22-08-36,Architectural technologist
9620,Deanna,Petersen,Female,vanessa92@example.com,+1-427-648-0787x0892,5/5/2005,"Psychologist, occupational"
9621,Cole,Whitney,Male,uschneider@example.net,001-127-267-2667x419,9/3/2006,Minerals surveyor
9622,Lucas,Lin,Female,jeremiah68@example.com,5392272254,19-06-66,Broadcast journalist
9623,Melissa,Anderson,Female,maxwell52@example.org,738-740-5118x1081,9/1/1962,Engineering geologist
9624,Kirk,Cochran,Female,daughertyteresa@example.org,-6785,18-10-61,Catering manager
9625,Hayley,Lucas,Male,haroldbaxter@example.net,(350)199-3250,5/3/1977,Chartered legal executive (England and Wales)
9626,Annette,Avila,Female,kristinfrey@example.com,7542034086,12/3/2020,Armed forces operational officer
9627,Ian,Manning,Male,lonnieromero@example.org,314.641.5849,31-10-57,Education administrator
9628,Alec,Hawkins,Male,pacevedo@example.net,7040975711,23-09-26,Chartered certified accountant
9629,Debbie,Wallace,Female,smaddox@example.net,259.289.8328x71420,1/5/2011,"Civil engineer, contracting"
9630,Autumn,Fleming,Male,april06@example.net,876.071.2732x172,14-07-97,Actor
9631,Ebony,Bartlett,Male,froberson@example.org,001-352-776-3411x050,28-06-89,"Psychotherapist, dance movement"
9632,Felicia,Benson,Male,jknox@example.net,001-924-269-3561x5582,23-09-89,Health and safety adviser
9633,Brandy,Villanueva,Female,susankemp@example.com,893-338-4540,12/12/2031,"Programmer, multimedia"
9634,Dale,Riggs,Male,pattonmaxwell@example.com,001-133-271-8675,26-03-00,"Research officer, trade union"
9635,Tammy,Peterson,Male,rhondagibbs@example.org,602-496-2319x5168,29-06-28,"Designer, jewellery"
9636,Kelli,Mcclain,Female,garrettromero@example.com,458.256.8111,16-12-18,Mechanical engineer
9637,Cheyenne,Warren,Female,boylebernard@example.net,+1-976-163-0380x55691,11/2/1998,IT consultant
9638,Anita,Rodriguez,Male,sue18@example.net,670.317.4138x870,22-07-82,Animal technologist
9639,Kerry,Yates,Male,vstewart@example.org,450.461.4620x636,23-05-67,Mudlogger
9640,Carla,Mcneil,Female,clinton08@example.net,533.542.0420x298,18-02-72,"Education officer, community"
9641,Yesenia,Roberts,Female,rcharles@example.com,827.869.7059x26051,27-11-82,Hydrographic surveyor
9642,Kelly,Camacho,Female,bonniesingh@example.org,317.212.5847,15-02-01,Lawyer
9643,Jamie,Jimenez,Female,carla01@example.com,482.334.2265x69676,7/3/1994,"Sales professional, IT"
9644,Amber,Bell,Female,klinenicolas@example.com,405.295.5313,28-07-06,"Programmer, systems"
9645,Sheryl,Olson,Female,leebruce@example.com,+1-685-326-0332x76152,31-12-31,Bonds trader
9646,Maureen,Bennett,Female,rangelwhitney@example.com,9839364166,22-11-28,Site engineer
9647,Nicolas,Moore,Female,hollanderik@example.org,4906584871,7/8/2014,"Engineer, petroleum"
9648,Noah,Estrada,Male,ppatrick@example.com,001-897-436-0597x557,6/4/2016,Astronomer
9649,Lisa,Fuentes,Female,sosawhitney@example.org,001-583-101-7413x614,13-02-66,Scientific laboratory technician
9650,Dave,Sellers,Female,tinahenderson@example.com,(545)987-5495,15-09-88,Chartered certified accountant
9651,Janice,Barnett,Male,caitlynfrench@example.net,(796)890-7591x0596,12/11/1957,"Loss adjuster, chartered"
9652,Maria,Acevedo,Male,crystalfarmer@example.net,4010330783,14-09-07,"Administrator, charities/voluntary organisations"
9653,Marilyn,Kelley,Female,suzannedonovan@example.net,703-146-4104x642,27-10-36,Information systems manager
9654,Joyce,Best,Male,gerald78@example.net,(032)502-0857x046,12/5/2016,Health promotion specialist
9655,Lydia,Lowery,Female,dale28@example.net,(875)652-6804,9/7/1972,Information officer
9656,Carmen,Hodges,Female,melindamcintyre@example.com,(730)962-1601x058,26-06-74,Energy engineer
9657,Shaun,Marquez,Male,jimenezbrenda@example.org,+1-233-124-8707x8189,14-01-17,Risk analyst
9658,Shane,Kane,Female,bennettshelley@example.com,-5902,21-08-63,"Doctor, hospital"
9659,Gene,Humphrey,Male,griffindarren@example.org,001-015-713-1507x9838,20-11-00,"Therapist, drama"
9660,George,Mcdaniel,Male,cainrichard@example.com,6193093563,26-10-94,Social researcher
9661,Helen,Escobar,Male,hayley01@example.net,1281885173,20-09-69,Office manager
9662,Jeffrey,Cowan,Female,laurie86@example.net,001-528-341-5478x898,17-02-67,Toxicologist
9663,Don,Zuniga,Female,lutzjesus@example.org,(678)223-8046x65643,21-02-60,"Radiographer, diagnostic"
9664,George,Hoffman,Male,natalie88@example.org,(607)569-1093,25-05-79,Archaeologist
9665,Melissa,Chandler,Male,shaneshields@example.net,473-346-0838x89195,1/8/2005,Seismic interpreter
9666,Tanya,Shah,Male,fisheromar@example.org,001-373-391-2556,26-10-98,Chartered certified accountant
9667,Garrett,Kirby,Male,qwall@example.net,-3823,4/12/1963,Museum/gallery exhibitions officer
9668,Traci,Ponce,Female,smoss@example.com,(670)183-5526x5848,23-08-24,Amenity horticulturist
9669,Fernando,Stanton,Female,tanya77@example.com,001-222-243-2810,8/1/1988,"Merchandiser, retail"
9670,Ricky,Rivas,Male,emccoy@example.com,001-736-824-8310x013,1/11/1979,Petroleum engineer
9671,Ryan,Santana,Male,cbooker@example.com,976-189-6967x535,2/3/1988,Furniture conservator/restorer
9672,Ronnie,Cox,Female,diane73@example.com,001-133-144-3071x667,23-04-90,"Physicist, medical"
9673,Alvin,Bautista,Male,mroberson@example.net,5923746182,27-12-97,"Radiographer, diagnostic"
9674,Joshua,Pugh,Male,kristi34@example.com,921.398.0614x87445,13-06-91,Therapeutic radiographer
9675,Tammy,Hahn,Female,mkrause@example.com,804-815-6282x3928,15-02-13,"Geologist, wellsite"
9676,Andrea,Evans,Female,keithrandy@example.net,382.668.1556,14-03-11,"Lecturer, higher education"
9677,Tabitha,Villarreal,Female,sergio85@example.org,9633135907,6/10/1969,"Lecturer, further education"
9678,Kelly,Mathis,Male,afranklin@example.net,309.823.1365x92577,2/6/2019,Radiation protection practitioner
9679,Erica,Herrera,Female,yfrey@example.com,5789758681,10/8/2046,Electrical engineer
9680,Adam,Adkins,Male,ibruce@example.org,569-453-3124,4/7/2002,Field seismologist
9681,Jocelyn,Sharp,Female,paula84@example.org,001-558-820-5105x5049,7/5/2006,Armed forces training and education officer
9682,Phyllis,Gates,Male,osbornewalter@example.com,001-960-503-7717x4570,6/9/2028,"Engineer, production"
9683,Amanda,Sanders,Male,jharvey@example.org,986.249.8845,26-06-09,Contractor
9684,Stacy,Gallegos,Male,glennpotter@example.org,+1-828-913-9953x1375,26-11-65,Broadcast presenter
9685,Alexander,Watson,Male,mgilmore@example.org,001-213-043-4389x4765,31-12-74,Medical illustrator
9686,Sierra,Mcintyre,Male,samanthabanks@example.org,-4786,4/5/2020,Wellsite geologist
9687,Lance,Johns,Male,marco44@example.net,666.983.5875x412,14-07-07,Magazine features editor
9688,Rick,Pierce,Female,rosariomark@example.net,+1-294-586-8472x694,1/4/2041,"Journalist, broadcasting"
9689,Randall,Farmer,Female,pking@example.net,(094)428-3848,26-05-80,Land/geomatics surveyor
9690,Theodore,Hampton,Female,abuck@example.com,(150)635-8269x0773,22-04-62,Barrister's clerk
9691,Claudia,Vazquez,Male,andrewmacdonald@example.net,+1-600-682-4933x696,5/11/2016,Tourist information centre manager
9692,Harry,Vega,Male,mcdowellbriana@example.org,+1-089-197-1730x806,23-02-10,Psychiatrist
9693,Clayton,Moss,Female,michaela42@example.org,-1794,21-05-23,Research scientist (life sciences)
9694,Felicia,Rangel,Male,jasminemontgomery@example.org,236-599-9716,2/10/2009,Chief Marketing Officer
9695,Cheryl,Kelley,Female,barnettzachary@example.com,736.500.2197,16-09-84,Information officer
9696,Robin,Finley,Female,josephwaller@example.org,+1-253-768-6304x3174,15-11-40,Furniture designer
9697,Sherri,Riggs,Female,rickbryan@example.com,001-920-607-9503x96558,18-06-86,Cabin crew
9698,Albert,Scott,Female,howellcynthia@example.org,303-430-4086x3883,8/9/1982,Government social research officer
9699,Chad,Cooper,Female,zfrey@example.com,(761)088-3691,22-02-34,Dispensing optician
9700,Lori,Kaufman,Female,misty01@example.com,(681)644-2772,14-07-33,Tax adviser
9701,Vicki,Cantu,Female,curtiseileen@example.net,(642)073-4107x029,15-12-37,"Civil engineer, consulting"
9702,Jean,Norton,Male,pollardmelody@example.com,+1-364-222-3018x67896,19-02-34,"Engineer, site"
9703,Jillian,Burch,Male,sheliawolfe@example.org,999.390.4528x043,13-03-40,IT technical support officer
9704,Angela,Walter,Male,andreallison@example.net,955.991.9283x4279,4/7/1980,"Teacher, early years/pre"
9705,Norman,Madden,Female,jake94@example.org,495-154-0892x17347,19-05-16,Facilities manager
9706,Marco,Cardenas,Female,marquezjenna@example.com,001-349-373-1626x554,5/5/1979,Town planner
9707,Bonnie,Haas,Female,lucas94@example.com,+1-643-790-8513x63470,24-02-57,Clinical research associate
9708,Jean,Lyons,Male,ruthbray@example.net,-9779,29-10-07,"Engineer, broadcasting (operations)"
9709,Stanley,Sparks,Male,tracey78@example.net,001-131-427-1823x140,25-03-23,"Conservator, museum/gallery"
9710,Jaclyn,Morse,Female,tlester@example.net,9473191065,8/7/2008,Advertising account planner
9711,Karla,Flynn,Female,chriscampbell@example.net,499-840-1810x1587,26-03-95,Fast food restaurant manager
9712,Jermaine,Jimenez,Female,emichael@example.com,3018533632,19-07-91,Petroleum engineer
9713,Candace,Yang,Female,lorimaldonado@example.net,001-684-993-7497x67294,15-08-00,"Engineer, water"
9714,Ashley,David,Female,madisonwest@example.net,+1-906-222-9779x651,17-06-24,International aid/development worker
9715,Faith,Gamble,Male,anaabbott@example.net,(833)411-3914,31-08-21,Intelligence analyst
9716,Deanna,Sawyer,Male,lance23@example.net,(948)801-5799x093,23-12-35,Horticultural therapist
9717,Patty,Rowland,Male,darrell21@example.com,001-912-605-2495,28-10-40,"Designer, exhibition/display"
9718,Becky,Zavala,Male,kelsey97@example.com,658-655-9998x1923,27-12-56,Advertising account planner
9719,Gina,Vaughn,Male,elizabethwallace@example.com,754.525.7403x61589,15-10-86,Media planner
9720,Kristi,Foster,Male,marco30@example.org,116-818-3641,24-11-08,Publishing copy
9721,Pamela,Joseph,Male,emmaadkins@example.org,182-426-4796x39202,12/8/1958,Human resources officer
9722,Connie,Skinner,Male,curryteresa@example.net,619.478.8704x2870,10/7/2047,Chief Executive Officer
9723,Kenneth,Travis,Male,xbradshaw@example.net,-8039,24-10-71,"Engineer, chemical"
9724,Michaela,Key,Male,ruth18@example.com,957-364-9666,18-01-21,Barrister's clerk
9725,Gregg,Ingram,Male,ebony96@example.org,(570)033-6526x817,25-05-07,Local government officer
9726,Judy,Hanson,Male,sotozoe@example.org,+1-650-544-0427x72833,4/9/2009,"Biochemist, clinical"
9727,Jennifer,Savage,Male,huynhshelly@example.org,396-491-6411x775,29-05-99,Prison officer
9728,Carmen,Sparks,Male,raymond41@example.org,001-316-657-8567x5704,20-11-82,"Teacher, secondary school"
9729,Brett,Wagner,Male,ronald72@example.net,266.322.4419,26-05-99,"Designer, multimedia"
9730,William,Guzman,Male,maureenwinters@example.net,282.872.6920x7711,12/2/1998,Broadcast journalist
9731,Miguel,Gilmore,Female,coxmike@example.net,848-285-6724,23-02-11,Animal technologist
9732,Amber,Griffin,Female,obaxter@example.org,4878786049,26-11-64,Orthoptist
9733,Hannah,Valdez,Male,hodgeallen@example.org,(447)134-5788x462,8/1/1956,"Scientist, research (medical)"
9734,Darlene,Becker,Female,pattersonsarah@example.com,+1-464-078-0955x6273,11/12/1976,Town planner
9735,Amber,Bradford,Male,buchananfelicia@example.net,001-117-186-3858x54659,23-11-98,Petroleum engineer
9736,Manuel,Harris,Female,patriciakerr@example.com,001-341-936-8243,29-02-20,Conference centre manager
9737,Yesenia,Dean,Female,craigdean@example.org,345.044.1801,27-10-29,Quarry manager
9738,Francis,Leon,Male,yrangel@example.org,(191)916-6890,10/8/1986,Location manager
9739,Albert,Marsh,Male,qlittle@example.com,(554)779-8758,10/6/1985,Television production assistant
9740,Clayton,Hammond,Male,glassjillian@example.org,607-659-1179,9/5/1962,Camera operator
9741,Judy,Moore,Female,peggy19@example.com,001-029-609-0696x12745,19-02-64,Network engineer
9742,Joan,Dickson,Male,washingtonbrady@example.org,001-669-120-1631x0906,16-01-76,Travel agency manager
9743,Daryl,Mendoza,Female,sophia79@example.org,546-940-3581x32064,9/12/2013,Analytical chemist
9744,Candice,Barrera,Male,ygates@example.com,-10915,30-12-07,Music tutor
9745,Douglas,Walter,Female,burnettpatty@example.com,+1-785-310-0584x01727,1/11/2000,"Biochemist, clinical"
9746,Chase,Schwartz,Female,karibrock@example.com,(871)449-1417x2984,17-02-72,Financial manager
9747,Marvin,Guerra,Male,greg20@example.com,916-284-2377x7025,27-03-16,"Production assistant, radio"
9748,Andrew,Riley,Male,kaitlynmason@example.com,001-225-446-5939x6345,27-11-19,Education administrator
9749,Chase,Duke,Female,brooke22@example.com,(614)237-2910x70211,22-09-36,Dramatherapist
9750,Audrey,Hendrix,Female,kristopher93@example.com,(238)186-4355x64550,27-03-19,"Teacher, English as a foreign language"
9751,Marilyn,Cochran,Female,collinsshane@example.net,675-567-0305x37300,30-09-91,Advertising art director
9752,Christina,Higgins,Female,bstanley@example.org,(496)481-3960,31-12-09,"Engineer, manufacturing"
9753,Michelle,Glover,Male,colinbecker@example.com,001-745-674-9517x93102,1/1/2007,Animal nutritionist
9754,Emily,Leonard,Male,monique81@example.org,(598)867-4123,16-08-98,Control and instrumentation engineer
9755,Sierra,Hodges,Male,tpage@example.net,784.526.2872x255,24-03-34,Building services engineer
9756,Carly,Vaughan,Female,omarrodriguez@example.net,001-640-722-7862x35637,6/3/2009,Medical secretary
9757,Heidi,Ortiz,Male,aterry@example.com,(524)365-0092x836,19-07-24,"Journalist, broadcasting"
9758,Logan,Mata,Female,ydelacruz@example.net,001-066-591-0559x134,13-01-22,Hospital pharmacist
9759,Carol,Grant,Male,greglam@example.net,260-872-8695x08898,19-10-90,Television/film/video producer
9760,Chase,Hoffman,Male,tduffy@example.net,(383)036-7973x9787,17-01-09,"Psychologist, prison and probation services"
9761,Grace,Brown,Female,haustin@example.org,752-681-4469,2/1/2024,Health and safety adviser
9762,Sharon,Turner,Male,marilynhale@example.net,+1-320-493-8815x55855,4/3/2020,Orthoptist
9763,Rhonda,Tanner,Female,novakkim@example.com,+1-205-627-0042x8258,17-08-09,Contractor
9764,Shirley,Ramirez,Female,wgilmore@example.com,001-812-062-4243,26-05-20,Furniture conservator/restorer
9765,Jasmin,Hammond,Female,ashlee17@example.net,+1-918-966-2056x85879,14-12-10,Chief Strategy Officer
9766,Claire,Warren,Female,gabriellesanford@example.org,-9149,4/11/2004,"Surveyor, mining"
9767,Herbert,Durham,Male,annettestokes@example.org,+1-914-893-8033x70112,2/4/1998,Biomedical engineer
9768,Wayne,Bennett,Female,desiree99@example.com,281-988-6220x77076,13-10-35,Landscape architect
9769,Brendan,Christensen,Female,aford@example.com,254-004-7427,17-11-22,Amenity horticulturist
9770,Bob,Benjamin,Male,marilyn82@example.org,+1-039-022-5989x7865,26-09-50,Editorial assistant
9771,Melinda,Love,Male,phowell@example.org,649731316,21-05-48,Commercial/residential surveyor
9772,Geoffrey,Pearson,Female,elizabethguzman@example.org,771-064-9132,5/9/1999,Furniture designer
9773,Larry,Nunez,Male,christinayang@example.net,(794)755-1395,14-08-19,Animator
9774,Miguel,Woodard,Female,sburnett@example.com,+1-961-800-8580x2236,12/10/2045,Curator
9775,Bill,Kane,Male,ashleeferguson@example.net,2648032444,29-04-21,Ceramics designer
9776,Bruce,Marks,Male,dominguezisabel@example.org,-3627,24-06-47,Chief Strategy Officer
9777,Brady,Browning,Male,uherring@example.net,(436)104-1846x94840,14-11-09,"Administrator, charities/voluntary organisations"
9778,Monique,Freeman,Male,schmidtjames@example.net,494.361.7371x6919,18-07-03,"Horticulturist, amenity"
9779,Katelyn,Pratt,Female,mathew20@example.com,(632)542-2707,14-07-40,Copy
9780,Tyler,Mcdaniel,Male,stantonebony@example.org,851-541-6656,16-06-98,Consulting civil engineer
9781,Jamie,Olson,Male,proctorzachary@example.com,955-910-9592x849,27-01-86,Higher education lecturer
9782,Vanessa,Mercado,Female,stuart08@example.org,145-665-5655x215,8/4/1977,Architectural technologist
9783,Angelica,Compton,Female,oestes@example.org,(576)783-8355x70621,21-02-11,Museum/gallery conservator
9784,Leon,Roberts,Female,alejandrofarrell@example.org,(642)233-2883,29-10-67,Prison officer
9785,Marisa,Goodman,Male,grant81@example.com,(864)873-1408,23-10-56,Social worker
9786,Martha,Cline,Male,juliaperkins@example.org,(056)438-9991,20-10-86,Television/film/video producer
9787,Norma,Robertson,Male,marco43@example.net,6950373399,3/9/2008,Chartered loss adjuster
9788,Tony,Berry,Male,hunter99@example.net,387-626-7588x69151,13-01-76,"Psychologist, educational"
9789,Cristina,Mccormick,Male,fchurch@example.org,231-516-6301x0098,4/10/2027,Health and safety inspector
9790,Wyatt,Campbell,Male,deleonjenna@example.com,387.292.8717,6/9/2014,Metallurgist
9791,Dana,Herring,Male,desireeyoung@example.net,(588)824-8847x11160,6/12/1974,Conference centre manager
9792,Cheyenne,Anthony,Female,jordanbeverly@example.org,001-499-081-7736x1832,25-01-70,"Psychotherapist, dance movement"
9793,Lydia,Peters,Female,glennbest@example.net,679803658,13-01-53,Agricultural engineer
9794,Taylor,Barry,Female,tshort@example.org,894.738.4723x4541,16-09-74,Medical illustrator
9795,Bruce,Liu,Female,zochoa@example.com,767.846.3647x44645,26-04-31,"Editor, commissioning"
9796,Derek,Valenzuela,Male,lawrence08@example.com,(171)627-2048x29680,7/6/1962,Industrial/product designer
9797,Haley,Fischer,Female,gwendolyn45@example.com,001-067-180-7420x6760,17-02-40,Company secretary
9798,Carlos,Stanley,Female,spencer06@example.com,6242738378,15-12-31,Theatre stage manager
9799,Antonio,Avila,Male,gpatel@example.com,024-227-9064x8728,2/8/1992,Hydrographic surveyor
9800,Katelyn,Branch,Female,brittneybarton@example.com,732.788.8594x885,5/8/1953,"Journalist, newspaper"
9801,Gloria,Sexton,Male,arnoldcandace@example.com,4600654739,27-01-31,Press sub
9802,Barry,Black,Male,jonathan39@example.org,+1-540-748-7278x610,29-08-67,Sports development officer
9803,Stuart,Frye,Male,gallowayclayton@example.com,(237)984-5505,27-01-61,"Surveyor, building control"
9804,Daryl,Chaney,Female,deanstacey@example.com,+1-741-022-0096x442,8/11/1966,Fast food restaurant manager
9805,Carolyn,Snow,Male,christine55@example.org,(940)730-1502,23-12-64,Personnel officer
9806,Oscar,Scott,Male,mcphersoncharles@example.net,947-806-2306,7/7/2047,Regulatory affairs officer
9807,Todd,Dougherty,Female,obishop@example.org,-3166,13-01-88,"Engineer, control and instrumentation"
9808,Dawn,Hoffman,Female,gregpruitt@example.com,569.989.5028,29-07-93,"Engineer, maintenance (IT)"
9809,Molly,Salas,Male,fosterbob@example.net,755.405.0704x9507,1/7/2029,"Scientist, research (physical sciences)"
9810,Devin,Cuevas,Male,sandra37@example.com,4523826509,5/7/1954,IT consultant
9811,Dawn,Hall,Female,adrianakirby@example.org,(748)143-7355,14-09-43,Graphic designer
9812,Robyn,Benton,Female,gholder@example.org,188.068.3125x6531,12/6/2020,"Programmer, systems"
9813,Desiree,Nicholson,Male,jonathanroy@example.com,001-435-560-5380x17246,15-02-96,Air traffic controller
9814,Gloria,Richard,Female,gerald32@example.com,231.934.9964x9997,8/1/1996,Psychiatrist
9815,Dennis,Roman,Female,qobrien@example.net,4370269648,26-07-39,Probation officer
9816,Terrence,Valenzuela,Female,howediana@example.org,+1-718-224-7865x8185,26-08-16,Technical brewer
9817,Cheryl,Dalton,Male,bruce85@example.com,273.260.9130,18-05-96,IT trainer
9818,Barbara,Navarro,Female,johnsonpriscilla@example.com,001-103-283-5635x856,21-04-67,Product designer
9819,Natalie,Weaver,Female,traviskari@example.net,680.329.8549,10/2/1987,"Engineer, land"
9820,Amber,Haynes,Female,diamond69@example.com,432.663.8768x337,20-01-61,Biomedical scientist
9821,Charles,Stevenson,Male,jchang@example.net,(466)515-1131,20-03-30,"Buyer, retail"
9822,Jeanne,Barker,Female,travisellison@example.org,9903492919,7/5/1951,Operations geologist
9823,Jesse,Crane,Male,melaniemercer@example.com,001-367-701-2007,10/11/2012,Glass blower/designer
9824,Bonnie,Faulkner,Female,adrianarussell@example.net,001-591-453-4989,29-07-27,Publishing rights manager
9825,Hailey,Mcbride,Male,dannynolan@example.com,+1-669-782-2018x8762,30-06-45,Ship broker
9826,Jillian,Wise,Male,ortegatanner@example.com,784-258-0249x9723,1/3/2041,"Engineer, building services"
9827,Michele,Schultz,Male,fgill@example.org,846.294.6963,7/8/2013,Metallurgist
9828,Crystal,Hogan,Female,theresa31@example.org,+1-277-107-0554x500,15-08-94,Publishing rights manager
9829,Alisha,Wilson,Female,uholloway@example.com,001-986-255-5564,18-05-36,Landscape architect
9830,Don,Pierce,Male,gdavila@example.com,374.530.1785x80871,11/3/1998,Magazine features editor
9831,Alicia,Solomon,Male,igreer@example.org,(922)925-3884,14-04-28,Operational investment banker
9832,Casey,Stone,Male,natalienorton@example.net,856.606.3526,23-02-68,"Surveyor, mining"
9833,Kristi,Gallagher,Male,hhoffman@example.com,+1-327-607-2972x25809,17-07-06,Insurance account manager
9834,Roberto,House,Male,gillmisty@example.org,(757)394-2272x83401,27-02-02,Clinical research associate
9835,Caleb,Hogan,Male,evasquez@example.org,8439374197,17-10-84,"Journalist, broadcasting"
9836,Peter,Russo,Female,clinespencer@example.net,+1-397-428-8800x23485,9/8/2009,Commercial horticulturist
9837,Daniel,Herring,Male,valenciarebekah@example.org,(854)011-6733x94235,15-02-08,"Programmer, applications"
9838,Julia,Sheppard,Female,alejandrarice@example.net,+1-180-211-5165x517,20-01-46,Soil scientist
9839,Neil,Scott,Male,bbowman@example.org,(605)256-2466x61648,24-01-98,Surgeon
9840,Bridget,Andrade,Female,jackson48@example.net,7116957714,4/5/2016,Museum/gallery exhibitions officer
9841,Hunter,Fisher,Female,jeremydaugherty@example.com,001-219-164-3546x85222,27-03-04,Dancer
9842,Carla,Lucas,Female,monicabernard@example.org,001-494-620-9250x90276,14-03-66,Control and instrumentation engineer
9843,Sonia,Moore,Male,sross@example.net,039.481.1337x630,31-08-12,Camera operator
9844,Ariel,Reyes,Male,mmcguire@example.net,974.088.0152x058,25-01-44,"Embryologist, clinical"
9845,Dylan,Huerta,Male,zross@example.net,928.211.4332,21-01-70,Conference centre manager
9846,Belinda,Myers,Male,mhunt@example.net,544-272-4039,18-12-90,Seismic interpreter
9847,Heidi,Dickson,Male,jasmincharles@example.net,551.567.6616x4168,26-01-91,Food technologist
9848,Cassie,Herring,Female,amanda10@example.org,953-710-9236,27-02-48,"Surveyor, hydrographic"
9849,Mikayla,Downs,Female,tannerunderwood@example.com,468.593.9202x760,31-12-33,Legal executive
9850,Hunter,Washington,Female,antonio03@example.com,168-549-2577x30517,21-11-16,"Scientist, research (life sciences)"
9851,Jill,Love,Female,sally37@example.com,331-725-3352,3/7/1961,Exhibition designer
9852,Daniel,Jarvis,Male,fpena@example.org,463.845.0563,7/9/2008,Bookseller
9853,Karl,Kramer,Male,russellwilcox@example.net,477-981-8857,29-04-80,Risk analyst
9854,Adriana,Mitchell,Male,traciecross@example.org,(854)382-9007x666,27-12-84,Higher education careers adviser
9855,Katie,Oconnell,Male,darryl36@example.com,001-454-910-8310,23-03-82,"Radiographer, diagnostic"
9856,Jeffrey,Hahn,Female,hfrancis@example.org,387-854-5091x985,2/4/1970,Sports development officer
9857,Drew,Terry,Male,jsalazar@example.net,015.662.0086,25-09-20,Cartographer
9858,Haley,Bonilla,Female,hooperkent@example.com,497-094-1065,11/8/2015,Special effects artist
9859,Charlene,Sandoval,Male,geraldaguilar@example.net,001-670-487-1535,2/3/1963,Accounting technician
9860,Harry,Ewing,Male,russell08@example.org,+1-611-633-8421x60021,14-09-68,Media buyer
9861,Luis,Montes,Female,murraybridget@example.org,001-504-689-8729x797,26-01-50,"Chemist, analytical"
9862,Bobby,Shea,Male,paulmoody@example.org,(230)215-1435,13-08-55,Science writer
9863,Sarah,Ryan,Male,ufletcher@example.org,439.877.4049,22-07-63,Medical technical officer
9864,Paula,Vazquez,Female,monica15@example.org,597-979-7468,1/6/1961,Economist
9865,Dana,Tran,Female,melodyswanson@example.org,688-002-9575x732,15-03-43,Broadcast presenter
9866,Terri,Harmon,Male,suzannewilkerson@example.net,+1-108-485-6903x592,4/11/1954,Music tutor
9867,Kristine,Dalton,Male,qstevenson@example.com,(491)241-7713,22-12-07,Chemical engineer
9868,Chloe,Duarte,Female,pam92@example.com,(311)459-3316x04073,23-12-51,Jewellery designer
9869,Tyler,Scott,Male,bowensierra@example.com,637-949-6627,20-10-49,"Teacher, special educational needs"
9870,Jorge,Griffin,Female,jillberger@example.com,001-787-916-1045,9/8/2001,Insurance underwriter
9871,Dean,Kline,Female,damon31@example.org,452-254-3678x2436,22-05-94,Legal secretary
9872,Keith,Hall,Female,martinlyons@example.net,351.032.2654,11/12/2049,Ophthalmologist
9873,Dawn,Roberts,Male,jstone@example.com,096-717-7738x060,2/11/1974,"Engineer, electronics"
9874,Christopher,Calderon,Female,benjaminjane@example.org,680-732-4004x5286,30-10-27,Speech and language therapist
9875,Hunter,Rodriguez,Male,hartparker@example.net,6295892150,3/7/1969,"Teacher, English as a foreign language"
9876,Tiffany,Vega,Male,hoffmancalvin@example.org,001-113-885-5406,31-03-61,"Engineer, petroleum"
9877,Tabitha,Castillo,Female,vernonmorgan@example.net,185-902-5298,22-01-54,"Therapist, occupational"
9878,Ebony,Brady,Female,greenekelsey@example.com,(331)555-7816x866,14-11-07,Town planner
9879,Perry,Singleton,Female,trevor29@example.net,(485)904-9256,27-02-90,"Therapist, art"
9880,Leon,Silva,Male,anthonylydia@example.com,(697)377-6078x264,16-05-09,"Secretary, company"
9881,Jesus,Mueller,Female,kimberly51@example.org,8685999762,13-03-09,Metallurgist
9882,Nancy,Fischer,Male,jeanette73@example.org,+1-051-392-9502x8665,3/11/1962,Technical author
9883,Mikayla,Smith,Male,terryfrancis@example.net,+1-239-375-7400x27463,19-09-65,Forensic scientist
9884,Javier,Stout,Female,julianfrost@example.com,(925)362-7063x7898,18-12-18,Professor Emeritus
9885,Alexander,Frazier,Female,ogill@example.org,001-649-364-0832x50723,12/10/2025,Geographical information systems officer
9886,Lawrence,Blackwell,Female,jessicadyer@example.com,001-245-645-5517,2/2/2006,Claims inspector/assessor
9887,Roy,Lee,Male,wbrown@example.org,001-443-035-7200x756,3/9/2035,Music tutor
9888,Darlene,Kirby,Female,aterrell@example.org,735.278.7524,17-04-26,Geophysicist/field seismologist
9889,Micheal,Brandt,Male,alexaromero@example.com,106.274.4005x391,22-08-55,Architect
9890,Tim,Nicholson,Female,catherine94@example.org,5046293617,9/5/2021,"Librarian, academic"
9891,Gilbert,Mayer,Female,xavierstein@example.net,001-793-217-1140x4657,31-10-72,Sports administrator
9892,Marco,Mercer,Female,russell29@example.org,(940)021-9655x8321,22-05-28,Manufacturing engineer
9893,Ariel,Mueller,Male,xmichael@example.com,389-157-3348x381,13-11-22,Professor Emeritus
9894,Clinton,Hancock,Female,phull@example.org,801.360.2554,21-05-42,Sports administrator
9895,Cristina,Valencia,Male,breanna48@example.org,970-586-2311x6907,29-12-08,Radiation protection practitioner
9896,Sara,Stanton,Male,eugenebarron@example.net,001-692-156-0507x56279,18-11-50,Clinical biochemist
9897,Eugene,Mullins,Female,christinewagner@example.com,135.241.4457,28-06-89,IT trainer
9898,Kenneth,Malone,Female,kdominguez@example.org,(628)103-4726x8431,28-07-13,Child psychotherapist
9899,Cory,Drake,Female,caitlin51@example.org,(506)795-0106,1/8/2007,"Radiographer, diagnostic"
9900,Regina,Tran,Male,jocelyn77@example.org,9831363814,10/3/1982,"Psychologist, clinical"
9901,Betty,Braun,Female,bfranklin@example.net,605.580.4780x76826,21-02-10,Adult guidance worker
9902,Jodi,Jimenez,Female,alexanderpeterson@example.net,+1-800-294-7845x847,11/10/1994,Financial trader
9903,Chase,Robertson,Male,jaclynferrell@example.org,189-948-0225x02519,16-08-26,Learning disability nurse
9904,Dana,Greene,Female,tracihernandez@example.net,241.538.4859,5/4/2002,Purchasing manager
9905,Arthur,Woods,Male,anitacalderon@example.net,092.699.4579x53030,21-07-90,"Journalist, magazine"
9906,Jo,Short,Female,kristopherfowler@example.com,953-317-9968x809,24-11-44,Secretary/administrator
9907,Darrell,Whitney,Female,gadkins@example.com,528-750-3015x25932,25-05-75,Operational investment banker
9908,Dillon,Haley,Male,taminorton@example.com,817-367-2621,27-02-09,Systems analyst
9909,Warren,Shannon,Male,acarroll@example.com,682-619-4969,6/1/2046,"Doctor, general practice"
9910,Jaime,Braun,Female,kellykristopher@example.org,9754318679,3/7/2046,"Scientist, clinical (histocompatibility and immunogenetics)"
9911,Brad,Stokes,Female,stuartleon@example.com,001-854-064-3176x7199,24-03-61,"Surveyor, rural practice"
9912,Jasmine,Gaines,Male,raymondnicholson@example.com,017-432-2098,12/4/2003,"Designer, multimedia"
9913,Vernon,Durham,Male,tbecker@example.net,(637)677-5085,2/6/2008,Physiotherapist
9914,Alec,Trujillo,Female,shane29@example.net,893-154-5840x1681,16-06-31,"Editor, film/video"
9915,Nathaniel,Kane,Female,kayla40@example.com,073-427-1248x58589,20-11-95,Educational psychologist
9916,Chloe,Shea,Female,jody62@example.net,962-391-7679x3250,10/2/2036,"Engineer, chemical"
9917,Linda,Ayers,Female,hunterweaver@example.com,+1-143-011-3320x7986,31-08-67,Health physicist
9918,Henry,Bullock,Male,sergio23@example.net,456.447.7577,11/11/2038,Associate Professor
9919,Cameron,Jensen,Female,martinshelton@example.net,(408)819-2936x9957,13-06-07,Lobbyist
9920,Ann,Kline,Male,plewis@example.com,6596583747,7/3/1988,Commercial/residential surveyor
9921,Mariah,Kemp,Female,bmckee@example.com,+1-668-102-4325x6010,8/12/2049,Production manager
9922,April,Dyer,Female,linamber@example.org,961-899-2650x6131,13-02-55,Further education lecturer
9923,Casey,Benitez,Female,blackcraig@example.net,928-038-2637x1532,15-10-43,Ship broker
9924,Sylvia,Reilly,Female,wilkinsmelody@example.com,8517969957,26-12-92,Legal executive
9925,Stacy,Jordan,Female,beckerdouglas@example.org,5865144647,4/2/2049,"Loss adjuster, chartered"
9926,Amber,Lin,Female,jacobmelendez@example.org,+1-062-945-6161x243,23-10-16,IT trainer
9927,Felicia,Jennings,Female,williemendez@example.com,(067)593-5025x01586,13-02-67,Civil Service fast streamer
9928,Stacy,Franklin,Male,chaneydennis@example.net,001-997-123-2259x725,20-02-07,"Doctor, general practice"
9929,Cheryl,Baxter,Male,bshannon@example.net,001-693-250-4426,28-05-37,"Chemist, analytical"
9930,Betty,Schroeder,Male,rosslouis@example.net,001-448-992-7332x25867,4/9/1956,"Production designer, theatre/television/film"
9931,Stuart,Dean,Female,mccartycristian@example.com,(833)766-2371x178,24-11-88,Arboriculturist
9932,Jordan,Stuart,Female,alyssazavala@example.net,515.339.5884,27-12-58,"Designer, jewellery"
9933,Malik,Raymond,Female,shahstephen@example.org,(862)113-6112x3232,2/10/2025,Clinical biochemist
9934,Barbara,Wu,Female,brooke37@example.net,001-060-616-1268,5/6/2021,Theme park manager
9935,Sandy,Oconnor,Female,stephaniehorn@example.net,180.160.8571,2/6/1957,Lexicographer
9936,Destiny,Simon,Male,frostcarrie@example.net,(721)387-3769x67547,3/11/2003,"Runner, broadcasting/film/video"
9937,Rachael,Woodard,Female,jeremiahfriedman@example.net,(437)281-7657,7/2/2035,Video editor
9938,Ruth,Wolf,Female,azhang@example.net,+1-940-723-5924x06465,7/3/1951,"Psychologist, educational"
9939,Benjamin,Adams,Male,oschroeder@example.net,255-852-1295,13-06-01,Trading standards officer
9940,Gabriela,Sosa,Male,larapaula@example.com,001-424-050-6765x30978,16-05-21,Research scientist (physical sciences)
9941,Cristina,Pacheco,Female,mrivers@example.net,(135)321-2812,3/10/2013,"Education officer, environmental"
9942,Bruce,Rivas,Male,kaylafox@example.net,001-896-493-5522x67400,12/3/2041,"Editor, magazine features"
9943,Larry,Mcintosh,Male,meganhoward@example.com,+1-898-779-9172x8421,11/5/1993,Barrister's clerk
9944,Madison,Hartman,Male,karicochran@example.com,+1-798-370-2742x346,28-10-21,Film/video editor
9945,Bryce,Sparks,Female,changkimberly@example.com,(659)901-9197,15-08-72,Barrister's clerk
9946,Tonya,Wolfe,Female,debbiehoward@example.org,(655)386-6584x2221,16-12-52,Paramedic
9947,Kelly,Raymond,Male,stanleybrenda@example.com,(433)454-7266,15-10-74,"Psychologist, occupational"
9948,Kerri,Hunter,Female,kennedynorman@example.org,(165)144-6110x118,13-01-56,Community arts worker
9949,Willie,Beltran,Male,hailey66@example.net,+1-472-365-2132x7607,25-11-92,Media buyer
9950,Autumn,Navarro,Female,flucas@example.com,685.758.7898x6650,1/12/2019,Garment/textile technologist
9951,Joseph,Cain,Male,bethhahn@example.com,+1-255-840-7002x36495,3/7/2046,English as a second language teacher
9952,Marcus,Ashley,Female,jortega@example.com,567-106-2156,28-01-00,"Scientist, biomedical"
9953,Gregory,Schmidt,Female,kathryn13@example.org,651.764.9348x5906,12/6/1962,Fast food restaurant manager
9954,Grace,Preston,Female,ariananeal@example.net,119-139-5177x6577,1/3/2028,"Designer, jewellery"
9955,Daryl,Mccarty,Female,nfields@example.net,001-072-095-2739x27694,14-07-15,Video editor
9956,Paul,Reynolds,Female,morrowclarence@example.net,758.316.3427x65333,5/6/2011,Training and development officer
9957,Miranda,Irwin,Male,zpowers@example.net,7745448740,1/2/2034,Public affairs consultant
9958,Justin,Doyle,Male,adoyle@example.net,+1-704-715-6032x8597,10/10/1985,Immigration officer
9959,Marcia,Mckenzie,Male,mackenziekerr@example.net,+1-728-312-2496x000,12/4/1979,Dealer
9960,Manuel,Weeks,Male,guyrose@example.com,(972)628-0742x294,4/2/2046,English as a foreign language teacher
9961,Maria,Henson,Female,buckleytheresa@example.net,-5584,28-05-74,"Librarian, academic"
9962,Kellie,Pruitt,Female,vtodd@example.org,538.442.5583x13969,28-05-57,Accounting technician
9963,Darlene,Mccall,Male,wclarke@example.net,337048579,21-10-55,"Scientist, clinical (histocompatibility and immunogenetics)"
9964,Jeffrey,Calderon,Female,loretta10@example.org,177.748.0993,1/5/1967,Toxicologist
9965,Ricky,Wolf,Male,edgar90@example.org,119-454-1864,25-03-37,Theatre stage manager
9966,Harry,Mays,Female,lbeasley@example.com,906.424.3576,24-05-42,Energy engineer
9967,Riley,Ryan,Male,ameadows@example.org,+1-311-511-0272x31092,2/5/2007,Television camera operator
9968,Jaclyn,Lopez,Male,brendan49@example.net,001-592-482-5159x017,29-05-65,Firefighter
9969,Mike,Harvey,Female,lovecody@example.com,001-347-906-5858x45912,26-11-56,"Librarian, public"
9970,Pedro,Garrison,Female,karljennings@example.org,(343)504-5283x929,8/1/1981,Records manager
9971,Linda,Baxter,Male,makayla22@example.org,001-950-978-2015x5555,7/6/2011,Production engineer
9972,Gabriella,Peterson,Male,nwoods@example.com,001-839-319-3443,2/12/2028,Psychotherapist
9973,Billy,Flynn,Female,omargutierrez@example.net,289-276-2093x47947,30-07-43,General practice doctor
9974,Sarah,Williamson,Female,bryankirk@example.com,(162)191-6599,5/8/2031,Customer service manager
9975,Alfred,Stone,Male,cameron82@example.org,1181479067,30-04-27,Educational psychologist
9976,Isabella,Tate,Male,hkim@example.net,001-522-179-2023,3/10/2030,Quarry manager
9977,Rebekah,Holden,Female,mauricereed@example.net,636.191.3619x069,25-04-46,Haematologist
9978,Molly,Rogers,Female,obrienjack@example.org,205.051.1830,21-02-80,Heritage manager
9979,Clinton,Klein,Female,sheenahuber@example.org,092.454.4997x9818,15-03-86,Careers adviser
9980,Bailey,Hall,Female,thomas70@example.org,-6568,22-01-80,"Librarian, academic"
9981,Chelsey,Rosario,Male,craigsullivan@example.org,(834)912-4100,17-01-13,Water quality scientist
9982,Corey,Mcmahon,Female,mason17@example.net,001-629-951-4880x94818,8/10/2041,Politician's assistant
9983,Tina,Pruitt,Male,hbenson@example.net,988-828-2420x94717,28-02-05,"Administrator, local government"
9984,Joseph,Gordon,Female,pwilkins@example.com,001-359-507-7077x089,13-03-71,Medical physicist
9985,Jason,Ferrell,Male,brycehendrix@example.net,001-907-202-4660x35144,26-12-61,Chief Operating Officer
9986,Cindy,Sellers,Male,anthonygardner@example.org,001-664-634-0208x102,17-08-92,"Restaurant manager, fast food"
9987,Shane,Bryan,Male,wallsclifford@example.net,(608)901-2046x966,14-06-04,Charity fundraiser
9988,Sara,Mcdowell,Female,bguerra@example.org,893.231.7728x932,17-09-06,Health and safety adviser
9989,Lori,Jenkins,Male,andrewsbrendan@example.net,(954)536-6270x85960,15-10-36,Probation officer
9990,Bill,Lang,Male,cindy81@example.com,(138)651-6511,8/4/2048,Ecologist
9991,Candace,Fox,Female,colonleah@example.org,2545939740,5/10/1980,Stage manager
9992,Benjamin,Vaughn,Female,martha85@example.com,4812845866,23-07-05,Marine scientist
9993,Marvin,Davenport,Female,jade07@example.net,400-198-5125,18-10-29,Restaurant manager
9994,Eddie,Clements,Female,chelsey82@example.net,855.007.8490x535,15-06-38,Control and instrumentation engineer
9995,Allen,Stein,Male,becky55@example.org,4043002051,2/12/2025,"Scientist, research (medical)"
9996,Tina,Sherman,Male,bartlettcolleen@example.org,(455)476-4044x5755,28-07-74,"Scientist, physiological"
9997,Earl,Jennings,Female,andreabenton@example.com,009.056.6505,20-08-32,Warehouse manager
9998,Ellen,Dominguez,Female,michaelayoder@example.net,409-428-4297x469,6/6/1966,Lawyer
9999,Emma,Clark,Male,pstrickland@example.com,849-868-8653,9/5/2007,Accounting technician
10000,Katrina,Schwartz,Female,andres56@example.org,001-874-330-5546x16770,14-08-35,Drilling engineer
